"dataset","variant","strategy","metric","cluster_id","site","is_snp","is_mutation_site"
"GISAID_US","Alpha","disjoint_2m","entropy",1,5,FALSE,FALSE
"GISAID_US","Alpha","disjoint_2m","entropy",2,13,FALSE,FALSE
"GISAID_US","Alpha","disjoint_2m","entropy",3,18,FALSE,FALSE
"GISAID_US","Alpha","disjoint_2m","entropy",4,19,FALSE,FALSE
"GISAID_US","Alpha","disjoint_2m","entropy",3,20,FALSE,FALSE
"GISAID_US","Alpha","disjoint_2m","entropy",3,26,FALSE,FALSE
"GISAID_US","Alpha","disjoint_2m","entropy",1,69,FALSE,TRUE
"GISAID_US","Alpha","disjoint_2m","entropy",1,70,FALSE,TRUE
"GISAID_US","Alpha","disjoint_2m","entropy",3,80,FALSE,FALSE
"GISAID_US","Alpha","disjoint_2m","entropy",1,95,FALSE,FALSE
"GISAID_US","Alpha","disjoint_2m","entropy",5,112,FALSE,FALSE
"GISAID_US","Alpha","disjoint_2m","entropy",3,138,FALSE,FALSE
"GISAID_US","Alpha","disjoint_2m","entropy",4,142,FALSE,FALSE
"GISAID_US","Alpha","disjoint_2m","entropy",1,145,FALSE,FALSE
"GISAID_US","Alpha","disjoint_2m","entropy",2,152,FALSE,FALSE
"GISAID_US","Alpha","disjoint_2m","entropy",4,156,FALSE,FALSE
"GISAID_US","Alpha","disjoint_2m","entropy",4,157,FALSE,FALSE
"GISAID_US","Alpha","disjoint_2m","entropy",4,158,FALSE,FALSE
"GISAID_US","Alpha","disjoint_2m","entropy",3,190,FALSE,FALSE
"GISAID_US","Alpha","disjoint_2m","entropy",4,222,FALSE,FALSE
"GISAID_US","Alpha","disjoint_2m","entropy",3,253,FALSE,FALSE
"GISAID_US","Alpha","disjoint_2m","entropy",5,289,FALSE,FALSE
"GISAID_US","Alpha","disjoint_2m","entropy",3,417,FALSE,FALSE
"GISAID_US","Alpha","disjoint_2m","entropy",1,452,FALSE,TRUE
"GISAID_US","Alpha","disjoint_2m","entropy",3,477,FALSE,FALSE
"GISAID_US","Alpha","disjoint_2m","entropy",4,478,FALSE,FALSE
"GISAID_US","Alpha","disjoint_2m","entropy",1,484,FALSE,TRUE
"GISAID_US","Alpha","disjoint_2m","entropy",1,501,TRUE,TRUE
"GISAID_US","Alpha","disjoint_2m","entropy",1,570,TRUE,TRUE
"GISAID_US","Alpha","disjoint_2m","entropy",3,655,FALSE,FALSE
"GISAID_US","Alpha","disjoint_2m","entropy",2,677,FALSE,FALSE
"GISAID_US","Alpha","disjoint_2m","entropy",1,681,TRUE,TRUE
"GISAID_US","Alpha","disjoint_2m","entropy",3,701,FALSE,FALSE
"GISAID_US","Alpha","disjoint_2m","entropy",1,716,TRUE,TRUE
"GISAID_US","Alpha","disjoint_2m","entropy",2,732,FALSE,FALSE
"GISAID_US","Alpha","disjoint_2m","entropy",3,859,FALSE,FALSE
"GISAID_US","Alpha","disjoint_2m","entropy",4,950,FALSE,FALSE
"GISAID_US","Alpha","disjoint_2m","entropy",1,982,TRUE,TRUE
"GISAID_US","Alpha","disjoint_2m","entropy",3,1027,FALSE,FALSE
"GISAID_US","Alpha","disjoint_2m","entropy",1,1118,TRUE,TRUE
"GISAID_US","Alpha","disjoint_2m","entropy",3,1176,FALSE,FALSE
"GISAID_US","Alpha","disjoint_2m","entropy",3,1191,FALSE,TRUE
"GISAID_US","Alpha","disjoint_2m","entropy",5,1264,FALSE,FALSE
"GISAID_US","Alpha","disjoint_2m","hellinger_T1",1,5,FALSE,FALSE
"GISAID_US","Alpha","disjoint_2m","hellinger_T1",1,13,FALSE,FALSE
"GISAID_US","Alpha","disjoint_2m","hellinger_T1",1,18,FALSE,FALSE
"GISAID_US","Alpha","disjoint_2m","hellinger_T1",2,19,FALSE,FALSE
"GISAID_US","Alpha","disjoint_2m","hellinger_T1",1,20,FALSE,FALSE
"GISAID_US","Alpha","disjoint_2m","hellinger_T1",1,26,FALSE,FALSE
"GISAID_US","Alpha","disjoint_2m","hellinger_T1",1,69,FALSE,TRUE
"GISAID_US","Alpha","disjoint_2m","hellinger_T1",1,70,FALSE,TRUE
"GISAID_US","Alpha","disjoint_2m","hellinger_T1",1,80,FALSE,FALSE
"GISAID_US","Alpha","disjoint_2m","hellinger_T1",1,95,FALSE,FALSE
"GISAID_US","Alpha","disjoint_2m","hellinger_T1",1,112,FALSE,FALSE
"GISAID_US","Alpha","disjoint_2m","hellinger_T1",1,138,FALSE,FALSE
"GISAID_US","Alpha","disjoint_2m","hellinger_T1",2,142,FALSE,FALSE
"GISAID_US","Alpha","disjoint_2m","hellinger_T1",1,145,FALSE,FALSE
"GISAID_US","Alpha","disjoint_2m","hellinger_T1",1,152,FALSE,FALSE
"GISAID_US","Alpha","disjoint_2m","hellinger_T1",2,156,FALSE,FALSE
"GISAID_US","Alpha","disjoint_2m","hellinger_T1",2,157,FALSE,FALSE
"GISAID_US","Alpha","disjoint_2m","hellinger_T1",2,158,FALSE,FALSE
"GISAID_US","Alpha","disjoint_2m","hellinger_T1",1,190,FALSE,FALSE
"GISAID_US","Alpha","disjoint_2m","hellinger_T1",1,222,FALSE,FALSE
"GISAID_US","Alpha","disjoint_2m","hellinger_T1",1,253,FALSE,FALSE
"GISAID_US","Alpha","disjoint_2m","hellinger_T1",1,289,FALSE,FALSE
"GISAID_US","Alpha","disjoint_2m","hellinger_T1",1,417,FALSE,FALSE
"GISAID_US","Alpha","disjoint_2m","hellinger_T1",2,452,FALSE,TRUE
"GISAID_US","Alpha","disjoint_2m","hellinger_T1",1,477,FALSE,FALSE
"GISAID_US","Alpha","disjoint_2m","hellinger_T1",2,478,FALSE,FALSE
"GISAID_US","Alpha","disjoint_2m","hellinger_T1",1,484,FALSE,TRUE
"GISAID_US","Alpha","disjoint_2m","hellinger_T1",1,501,TRUE,TRUE
"GISAID_US","Alpha","disjoint_2m","hellinger_T1",1,570,TRUE,TRUE
"GISAID_US","Alpha","disjoint_2m","hellinger_T1",1,655,FALSE,FALSE
"GISAID_US","Alpha","disjoint_2m","hellinger_T1",1,677,FALSE,FALSE
"GISAID_US","Alpha","disjoint_2m","hellinger_T1",2,681,TRUE,TRUE
"GISAID_US","Alpha","disjoint_2m","hellinger_T1",1,701,FALSE,FALSE
"GISAID_US","Alpha","disjoint_2m","hellinger_T1",1,716,TRUE,TRUE
"GISAID_US","Alpha","disjoint_2m","hellinger_T1",1,732,FALSE,FALSE
"GISAID_US","Alpha","disjoint_2m","hellinger_T1",1,859,FALSE,FALSE
"GISAID_US","Alpha","disjoint_2m","hellinger_T1",2,950,FALSE,FALSE
"GISAID_US","Alpha","disjoint_2m","hellinger_T1",1,982,TRUE,TRUE
"GISAID_US","Alpha","disjoint_2m","hellinger_T1",1,1027,FALSE,FALSE
"GISAID_US","Alpha","disjoint_2m","hellinger_T1",1,1118,TRUE,TRUE
"GISAID_US","Alpha","disjoint_2m","hellinger_T1",1,1176,FALSE,FALSE
"GISAID_US","Alpha","disjoint_2m","hellinger_T1",1,1191,FALSE,TRUE
"GISAID_US","Alpha","disjoint_2m","hellinger_T1",1,1264,FALSE,FALSE
"GISAID_US","Alpha","disjoint_2m","hellinger_Tpred",1,5,FALSE,FALSE
"GISAID_US","Alpha","disjoint_2m","hellinger_Tpred",1,13,FALSE,FALSE
"GISAID_US","Alpha","disjoint_2m","hellinger_Tpred",1,18,FALSE,FALSE
"GISAID_US","Alpha","disjoint_2m","hellinger_Tpred",2,19,FALSE,FALSE
"GISAID_US","Alpha","disjoint_2m","hellinger_Tpred",1,20,FALSE,FALSE
"GISAID_US","Alpha","disjoint_2m","hellinger_Tpred",1,26,FALSE,FALSE
"GISAID_US","Alpha","disjoint_2m","hellinger_Tpred",1,69,FALSE,TRUE
"GISAID_US","Alpha","disjoint_2m","hellinger_Tpred",1,70,FALSE,TRUE
"GISAID_US","Alpha","disjoint_2m","hellinger_Tpred",1,80,FALSE,FALSE
"GISAID_US","Alpha","disjoint_2m","hellinger_Tpred",1,95,FALSE,FALSE
"GISAID_US","Alpha","disjoint_2m","hellinger_Tpred",1,112,FALSE,FALSE
"GISAID_US","Alpha","disjoint_2m","hellinger_Tpred",1,138,FALSE,FALSE
"GISAID_US","Alpha","disjoint_2m","hellinger_Tpred",2,142,FALSE,FALSE
"GISAID_US","Alpha","disjoint_2m","hellinger_Tpred",1,145,FALSE,FALSE
"GISAID_US","Alpha","disjoint_2m","hellinger_Tpred",1,152,FALSE,FALSE
"GISAID_US","Alpha","disjoint_2m","hellinger_Tpred",2,156,FALSE,FALSE
"GISAID_US","Alpha","disjoint_2m","hellinger_Tpred",2,157,FALSE,FALSE
"GISAID_US","Alpha","disjoint_2m","hellinger_Tpred",2,158,FALSE,FALSE
"GISAID_US","Alpha","disjoint_2m","hellinger_Tpred",1,190,FALSE,FALSE
"GISAID_US","Alpha","disjoint_2m","hellinger_Tpred",1,222,FALSE,FALSE
"GISAID_US","Alpha","disjoint_2m","hellinger_Tpred",1,253,FALSE,FALSE
"GISAID_US","Alpha","disjoint_2m","hellinger_Tpred",1,289,FALSE,FALSE
"GISAID_US","Alpha","disjoint_2m","hellinger_Tpred",1,417,FALSE,FALSE
"GISAID_US","Alpha","disjoint_2m","hellinger_Tpred",2,452,FALSE,TRUE
"GISAID_US","Alpha","disjoint_2m","hellinger_Tpred",1,477,FALSE,FALSE
"GISAID_US","Alpha","disjoint_2m","hellinger_Tpred",2,478,FALSE,FALSE
"GISAID_US","Alpha","disjoint_2m","hellinger_Tpred",1,484,FALSE,TRUE
"GISAID_US","Alpha","disjoint_2m","hellinger_Tpred",1,501,TRUE,TRUE
"GISAID_US","Alpha","disjoint_2m","hellinger_Tpred",1,570,TRUE,TRUE
"GISAID_US","Alpha","disjoint_2m","hellinger_Tpred",1,655,FALSE,FALSE
"GISAID_US","Alpha","disjoint_2m","hellinger_Tpred",1,677,FALSE,FALSE
"GISAID_US","Alpha","disjoint_2m","hellinger_Tpred",2,681,TRUE,TRUE
"GISAID_US","Alpha","disjoint_2m","hellinger_Tpred",1,701,FALSE,FALSE
"GISAID_US","Alpha","disjoint_2m","hellinger_Tpred",1,716,TRUE,TRUE
"GISAID_US","Alpha","disjoint_2m","hellinger_Tpred",1,732,FALSE,FALSE
"GISAID_US","Alpha","disjoint_2m","hellinger_Tpred",1,859,FALSE,FALSE
"GISAID_US","Alpha","disjoint_2m","hellinger_Tpred",2,950,FALSE,FALSE
"GISAID_US","Alpha","disjoint_2m","hellinger_Tpred",1,982,TRUE,TRUE
"GISAID_US","Alpha","disjoint_2m","hellinger_Tpred",1,1027,FALSE,FALSE
"GISAID_US","Alpha","disjoint_2m","hellinger_Tpred",1,1118,TRUE,TRUE
"GISAID_US","Alpha","disjoint_2m","hellinger_Tpred",1,1176,FALSE,FALSE
"GISAID_US","Alpha","disjoint_2m","hellinger_Tpred",1,1191,FALSE,TRUE
"GISAID_US","Alpha","disjoint_2m","hellinger_Tpred",1,1264,FALSE,FALSE
"GISAID_US","Alpha","sliding_2m","entropy",1,5,FALSE,FALSE
"GISAID_US","Alpha","sliding_2m","entropy",1,13,FALSE,FALSE
"GISAID_US","Alpha","sliding_2m","entropy",2,18,FALSE,FALSE
"GISAID_US","Alpha","sliding_2m","entropy",3,19,FALSE,FALSE
"GISAID_US","Alpha","sliding_2m","entropy",2,20,FALSE,FALSE
"GISAID_US","Alpha","sliding_2m","entropy",2,26,FALSE,FALSE
"GISAID_US","Alpha","sliding_2m","entropy",4,69,FALSE,TRUE
"GISAID_US","Alpha","sliding_2m","entropy",4,70,FALSE,TRUE
"GISAID_US","Alpha","sliding_2m","entropy",2,80,FALSE,FALSE
"GISAID_US","Alpha","sliding_2m","entropy",4,95,FALSE,FALSE
"GISAID_US","Alpha","sliding_2m","entropy",2,112,FALSE,FALSE
"GISAID_US","Alpha","sliding_2m","entropy",2,138,FALSE,FALSE
"GISAID_US","Alpha","sliding_2m","entropy",3,142,FALSE,FALSE
"GISAID_US","Alpha","sliding_2m","entropy",4,145,FALSE,FALSE
"GISAID_US","Alpha","sliding_2m","entropy",1,152,FALSE,FALSE
"GISAID_US","Alpha","sliding_2m","entropy",3,156,FALSE,FALSE
"GISAID_US","Alpha","sliding_2m","entropy",3,157,FALSE,FALSE
"GISAID_US","Alpha","sliding_2m","entropy",3,158,FALSE,FALSE
"GISAID_US","Alpha","sliding_2m","entropy",2,190,FALSE,FALSE
"GISAID_US","Alpha","sliding_2m","entropy",3,222,FALSE,FALSE
"GISAID_US","Alpha","sliding_2m","entropy",1,253,FALSE,FALSE
"GISAID_US","Alpha","sliding_2m","entropy",2,289,FALSE,FALSE
"GISAID_US","Alpha","sliding_2m","entropy",2,417,FALSE,FALSE
"GISAID_US","Alpha","sliding_2m","entropy",4,452,FALSE,TRUE
"GISAID_US","Alpha","sliding_2m","entropy",2,477,FALSE,FALSE
"GISAID_US","Alpha","sliding_2m","entropy",3,478,FALSE,FALSE
"GISAID_US","Alpha","sliding_2m","entropy",4,484,FALSE,TRUE
"GISAID_US","Alpha","sliding_2m","entropy",4,501,TRUE,TRUE
"GISAID_US","Alpha","sliding_2m","entropy",4,570,TRUE,TRUE
"GISAID_US","Alpha","sliding_2m","entropy",2,655,FALSE,FALSE
"GISAID_US","Alpha","sliding_2m","entropy",1,677,FALSE,FALSE
"GISAID_US","Alpha","sliding_2m","entropy",4,681,TRUE,TRUE
"GISAID_US","Alpha","sliding_2m","entropy",2,701,FALSE,FALSE
"GISAID_US","Alpha","sliding_2m","entropy",4,716,TRUE,TRUE
"GISAID_US","Alpha","sliding_2m","entropy",1,732,FALSE,FALSE
"GISAID_US","Alpha","sliding_2m","entropy",2,859,FALSE,FALSE
"GISAID_US","Alpha","sliding_2m","entropy",3,950,FALSE,FALSE
"GISAID_US","Alpha","sliding_2m","entropy",4,982,TRUE,TRUE
"GISAID_US","Alpha","sliding_2m","entropy",2,1027,FALSE,FALSE
"GISAID_US","Alpha","sliding_2m","entropy",4,1118,TRUE,TRUE
"GISAID_US","Alpha","sliding_2m","entropy",2,1176,FALSE,FALSE
"GISAID_US","Alpha","sliding_2m","entropy",2,1191,FALSE,TRUE
"GISAID_US","Alpha","sliding_2m","entropy",2,1264,FALSE,FALSE
"GISAID_US","Alpha","sliding_2m","hellinger_T1",1,5,FALSE,FALSE
"GISAID_US","Alpha","sliding_2m","hellinger_T1",1,13,FALSE,FALSE
"GISAID_US","Alpha","sliding_2m","hellinger_T1",1,18,FALSE,FALSE
"GISAID_US","Alpha","sliding_2m","hellinger_T1",2,19,FALSE,FALSE
"GISAID_US","Alpha","sliding_2m","hellinger_T1",1,20,FALSE,FALSE
"GISAID_US","Alpha","sliding_2m","hellinger_T1",1,26,FALSE,FALSE
"GISAID_US","Alpha","sliding_2m","hellinger_T1",1,69,FALSE,TRUE
"GISAID_US","Alpha","sliding_2m","hellinger_T1",1,70,FALSE,TRUE
"GISAID_US","Alpha","sliding_2m","hellinger_T1",1,80,FALSE,FALSE
"GISAID_US","Alpha","sliding_2m","hellinger_T1",1,95,FALSE,FALSE
"GISAID_US","Alpha","sliding_2m","hellinger_T1",1,112,FALSE,FALSE
"GISAID_US","Alpha","sliding_2m","hellinger_T1",1,138,FALSE,FALSE
"GISAID_US","Alpha","sliding_2m","hellinger_T1",2,142,FALSE,FALSE
"GISAID_US","Alpha","sliding_2m","hellinger_T1",1,145,FALSE,FALSE
"GISAID_US","Alpha","sliding_2m","hellinger_T1",1,152,FALSE,FALSE
"GISAID_US","Alpha","sliding_2m","hellinger_T1",2,156,FALSE,FALSE
"GISAID_US","Alpha","sliding_2m","hellinger_T1",2,157,FALSE,FALSE
"GISAID_US","Alpha","sliding_2m","hellinger_T1",2,158,FALSE,FALSE
"GISAID_US","Alpha","sliding_2m","hellinger_T1",1,190,FALSE,FALSE
"GISAID_US","Alpha","sliding_2m","hellinger_T1",1,222,FALSE,FALSE
"GISAID_US","Alpha","sliding_2m","hellinger_T1",1,253,FALSE,FALSE
"GISAID_US","Alpha","sliding_2m","hellinger_T1",1,289,FALSE,FALSE
"GISAID_US","Alpha","sliding_2m","hellinger_T1",1,417,FALSE,FALSE
"GISAID_US","Alpha","sliding_2m","hellinger_T1",2,452,FALSE,TRUE
"GISAID_US","Alpha","sliding_2m","hellinger_T1",1,477,FALSE,FALSE
"GISAID_US","Alpha","sliding_2m","hellinger_T1",2,478,FALSE,FALSE
"GISAID_US","Alpha","sliding_2m","hellinger_T1",1,484,FALSE,TRUE
"GISAID_US","Alpha","sliding_2m","hellinger_T1",1,501,TRUE,TRUE
"GISAID_US","Alpha","sliding_2m","hellinger_T1",1,570,TRUE,TRUE
"GISAID_US","Alpha","sliding_2m","hellinger_T1",1,655,FALSE,FALSE
"GISAID_US","Alpha","sliding_2m","hellinger_T1",1,677,FALSE,FALSE
"GISAID_US","Alpha","sliding_2m","hellinger_T1",2,681,TRUE,TRUE
"GISAID_US","Alpha","sliding_2m","hellinger_T1",1,701,FALSE,FALSE
"GISAID_US","Alpha","sliding_2m","hellinger_T1",1,716,TRUE,TRUE
"GISAID_US","Alpha","sliding_2m","hellinger_T1",1,732,FALSE,FALSE
"GISAID_US","Alpha","sliding_2m","hellinger_T1",1,859,FALSE,FALSE
"GISAID_US","Alpha","sliding_2m","hellinger_T1",2,950,FALSE,FALSE
"GISAID_US","Alpha","sliding_2m","hellinger_T1",1,982,TRUE,TRUE
"GISAID_US","Alpha","sliding_2m","hellinger_T1",1,1027,FALSE,FALSE
"GISAID_US","Alpha","sliding_2m","hellinger_T1",1,1118,TRUE,TRUE
"GISAID_US","Alpha","sliding_2m","hellinger_T1",1,1176,FALSE,FALSE
"GISAID_US","Alpha","sliding_2m","hellinger_T1",1,1191,FALSE,TRUE
"GISAID_US","Alpha","sliding_2m","hellinger_T1",1,1264,FALSE,FALSE
"GISAID_US","Alpha","sliding_2m","hellinger_Tpred",1,5,FALSE,FALSE
"GISAID_US","Alpha","sliding_2m","hellinger_Tpred",1,13,FALSE,FALSE
"GISAID_US","Alpha","sliding_2m","hellinger_Tpred",1,18,FALSE,FALSE
"GISAID_US","Alpha","sliding_2m","hellinger_Tpred",2,19,FALSE,FALSE
"GISAID_US","Alpha","sliding_2m","hellinger_Tpred",1,20,FALSE,FALSE
"GISAID_US","Alpha","sliding_2m","hellinger_Tpred",1,26,FALSE,FALSE
"GISAID_US","Alpha","sliding_2m","hellinger_Tpred",1,69,FALSE,TRUE
"GISAID_US","Alpha","sliding_2m","hellinger_Tpred",1,70,FALSE,TRUE
"GISAID_US","Alpha","sliding_2m","hellinger_Tpred",1,80,FALSE,FALSE
"GISAID_US","Alpha","sliding_2m","hellinger_Tpred",1,95,FALSE,FALSE
"GISAID_US","Alpha","sliding_2m","hellinger_Tpred",1,112,FALSE,FALSE
"GISAID_US","Alpha","sliding_2m","hellinger_Tpred",1,138,FALSE,FALSE
"GISAID_US","Alpha","sliding_2m","hellinger_Tpred",2,142,FALSE,FALSE
"GISAID_US","Alpha","sliding_2m","hellinger_Tpred",1,145,FALSE,FALSE
"GISAID_US","Alpha","sliding_2m","hellinger_Tpred",1,152,FALSE,FALSE
"GISAID_US","Alpha","sliding_2m","hellinger_Tpred",2,156,FALSE,FALSE
"GISAID_US","Alpha","sliding_2m","hellinger_Tpred",2,157,FALSE,FALSE
"GISAID_US","Alpha","sliding_2m","hellinger_Tpred",2,158,FALSE,FALSE
"GISAID_US","Alpha","sliding_2m","hellinger_Tpred",1,190,FALSE,FALSE
"GISAID_US","Alpha","sliding_2m","hellinger_Tpred",1,222,FALSE,FALSE
"GISAID_US","Alpha","sliding_2m","hellinger_Tpred",1,253,FALSE,FALSE
"GISAID_US","Alpha","sliding_2m","hellinger_Tpred",1,289,FALSE,FALSE
"GISAID_US","Alpha","sliding_2m","hellinger_Tpred",1,417,FALSE,FALSE
"GISAID_US","Alpha","sliding_2m","hellinger_Tpred",2,452,FALSE,TRUE
"GISAID_US","Alpha","sliding_2m","hellinger_Tpred",1,477,FALSE,FALSE
"GISAID_US","Alpha","sliding_2m","hellinger_Tpred",2,478,FALSE,FALSE
"GISAID_US","Alpha","sliding_2m","hellinger_Tpred",1,484,FALSE,TRUE
"GISAID_US","Alpha","sliding_2m","hellinger_Tpred",1,501,TRUE,TRUE
"GISAID_US","Alpha","sliding_2m","hellinger_Tpred",1,570,TRUE,TRUE
"GISAID_US","Alpha","sliding_2m","hellinger_Tpred",1,655,FALSE,FALSE
"GISAID_US","Alpha","sliding_2m","hellinger_Tpred",1,677,FALSE,FALSE
"GISAID_US","Alpha","sliding_2m","hellinger_Tpred",2,681,TRUE,TRUE
"GISAID_US","Alpha","sliding_2m","hellinger_Tpred",1,701,FALSE,FALSE
"GISAID_US","Alpha","sliding_2m","hellinger_Tpred",1,716,TRUE,TRUE
"GISAID_US","Alpha","sliding_2m","hellinger_Tpred",1,732,FALSE,FALSE
"GISAID_US","Alpha","sliding_2m","hellinger_Tpred",1,859,FALSE,FALSE
"GISAID_US","Alpha","sliding_2m","hellinger_Tpred",2,950,FALSE,FALSE
"GISAID_US","Alpha","sliding_2m","hellinger_Tpred",1,982,TRUE,TRUE
"GISAID_US","Alpha","sliding_2m","hellinger_Tpred",1,1027,FALSE,FALSE
"GISAID_US","Alpha","sliding_2m","hellinger_Tpred",1,1118,TRUE,TRUE
"GISAID_US","Alpha","sliding_2m","hellinger_Tpred",1,1176,FALSE,FALSE
"GISAID_US","Alpha","sliding_2m","hellinger_Tpred",1,1191,FALSE,TRUE
"GISAID_US","Alpha","sliding_2m","hellinger_Tpred",1,1264,FALSE,FALSE
"GISAID_US","Beta","cumulative_1m","entropy",1,5,FALSE,FALSE
"GISAID_US","Beta","cumulative_1m","entropy",1,13,FALSE,FALSE
"GISAID_US","Beta","cumulative_1m","entropy",1,18,FALSE,FALSE
"GISAID_US","Beta","cumulative_1m","entropy",1,19,FALSE,FALSE
"GISAID_US","Beta","cumulative_1m","entropy",1,20,FALSE,FALSE
"GISAID_US","Beta","cumulative_1m","entropy",1,26,FALSE,FALSE
"GISAID_US","Beta","cumulative_1m","entropy",1,69,FALSE,FALSE
"GISAID_US","Beta","cumulative_1m","entropy",1,70,FALSE,FALSE
"GISAID_US","Beta","cumulative_1m","entropy",1,80,TRUE,TRUE
"GISAID_US","Beta","cumulative_1m","entropy",1,95,FALSE,FALSE
"GISAID_US","Beta","cumulative_1m","entropy",1,112,FALSE,FALSE
"GISAID_US","Beta","cumulative_1m","entropy",1,138,FALSE,FALSE
"GISAID_US","Beta","cumulative_1m","entropy",1,142,FALSE,FALSE
"GISAID_US","Beta","cumulative_1m","entropy",1,145,FALSE,FALSE
"GISAID_US","Beta","cumulative_1m","entropy",1,152,FALSE,FALSE
"GISAID_US","Beta","cumulative_1m","entropy",1,156,FALSE,FALSE
"GISAID_US","Beta","cumulative_1m","entropy",1,157,FALSE,FALSE
"GISAID_US","Beta","cumulative_1m","entropy",1,158,FALSE,FALSE
"GISAID_US","Beta","cumulative_1m","entropy",1,190,FALSE,FALSE
"GISAID_US","Beta","cumulative_1m","entropy",1,222,FALSE,FALSE
"GISAID_US","Beta","cumulative_1m","entropy",1,253,FALSE,FALSE
"GISAID_US","Beta","cumulative_1m","entropy",1,289,FALSE,FALSE
"GISAID_US","Beta","cumulative_1m","entropy",1,417,TRUE,TRUE
"GISAID_US","Beta","cumulative_1m","entropy",1,452,FALSE,FALSE
"GISAID_US","Beta","cumulative_1m","entropy",1,477,FALSE,FALSE
"GISAID_US","Beta","cumulative_1m","entropy",1,478,FALSE,FALSE
"GISAID_US","Beta","cumulative_1m","entropy",1,484,TRUE,TRUE
"GISAID_US","Beta","cumulative_1m","entropy",1,501,TRUE,TRUE
"GISAID_US","Beta","cumulative_1m","entropy",1,570,FALSE,FALSE
"GISAID_US","Beta","cumulative_1m","entropy",1,655,FALSE,FALSE
"GISAID_US","Beta","cumulative_1m","entropy",1,677,FALSE,FALSE
"GISAID_US","Beta","cumulative_1m","entropy",2,681,FALSE,FALSE
"GISAID_US","Beta","cumulative_1m","entropy",1,701,TRUE,TRUE
"GISAID_US","Beta","cumulative_1m","entropy",1,716,FALSE,FALSE
"GISAID_US","Beta","cumulative_1m","entropy",1,732,FALSE,FALSE
"GISAID_US","Beta","cumulative_1m","entropy",1,859,FALSE,FALSE
"GISAID_US","Beta","cumulative_1m","entropy",1,950,FALSE,FALSE
"GISAID_US","Beta","cumulative_1m","entropy",1,982,FALSE,FALSE
"GISAID_US","Beta","cumulative_1m","entropy",1,1027,FALSE,FALSE
"GISAID_US","Beta","cumulative_1m","entropy",1,1104,FALSE,FALSE
"GISAID_US","Beta","cumulative_1m","entropy",1,1118,FALSE,FALSE
"GISAID_US","Beta","cumulative_1m","entropy",1,1176,FALSE,FALSE
"GISAID_US","Beta","cumulative_1m","entropy",1,1191,FALSE,FALSE
"GISAID_US","Beta","cumulative_1m","entropy",1,1264,FALSE,FALSE
"GISAID_US","Beta","cumulative_1m","hellinger_T1",1,5,FALSE,FALSE
"GISAID_US","Beta","cumulative_1m","hellinger_T1",1,13,FALSE,FALSE
"GISAID_US","Beta","cumulative_1m","hellinger_T1",1,18,FALSE,FALSE
"GISAID_US","Beta","cumulative_1m","hellinger_T1",2,19,FALSE,FALSE
"GISAID_US","Beta","cumulative_1m","hellinger_T1",1,20,FALSE,FALSE
"GISAID_US","Beta","cumulative_1m","hellinger_T1",1,26,FALSE,FALSE
"GISAID_US","Beta","cumulative_1m","hellinger_T1",3,69,FALSE,FALSE
"GISAID_US","Beta","cumulative_1m","hellinger_T1",3,70,FALSE,FALSE
"GISAID_US","Beta","cumulative_1m","hellinger_T1",1,80,TRUE,TRUE
"GISAID_US","Beta","cumulative_1m","hellinger_T1",1,95,FALSE,FALSE
"GISAID_US","Beta","cumulative_1m","hellinger_T1",1,112,FALSE,FALSE
"GISAID_US","Beta","cumulative_1m","hellinger_T1",1,138,FALSE,FALSE
"GISAID_US","Beta","cumulative_1m","hellinger_T1",2,142,FALSE,FALSE
"GISAID_US","Beta","cumulative_1m","hellinger_T1",3,145,FALSE,FALSE
"GISAID_US","Beta","cumulative_1m","hellinger_T1",1,152,FALSE,FALSE
"GISAID_US","Beta","cumulative_1m","hellinger_T1",2,156,FALSE,FALSE
"GISAID_US","Beta","cumulative_1m","hellinger_T1",2,157,FALSE,FALSE
"GISAID_US","Beta","cumulative_1m","hellinger_T1",2,158,FALSE,FALSE
"GISAID_US","Beta","cumulative_1m","hellinger_T1",1,190,FALSE,FALSE
"GISAID_US","Beta","cumulative_1m","hellinger_T1",1,222,FALSE,FALSE
"GISAID_US","Beta","cumulative_1m","hellinger_T1",1,253,FALSE,FALSE
"GISAID_US","Beta","cumulative_1m","hellinger_T1",1,289,FALSE,FALSE
"GISAID_US","Beta","cumulative_1m","hellinger_T1",1,417,TRUE,TRUE
"GISAID_US","Beta","cumulative_1m","hellinger_T1",4,452,FALSE,FALSE
"GISAID_US","Beta","cumulative_1m","hellinger_T1",1,477,FALSE,FALSE
"GISAID_US","Beta","cumulative_1m","hellinger_T1",2,478,FALSE,FALSE
"GISAID_US","Beta","cumulative_1m","hellinger_T1",1,484,TRUE,TRUE
"GISAID_US","Beta","cumulative_1m","hellinger_T1",3,501,TRUE,TRUE
"GISAID_US","Beta","cumulative_1m","hellinger_T1",3,570,FALSE,FALSE
"GISAID_US","Beta","cumulative_1m","hellinger_T1",1,655,FALSE,FALSE
"GISAID_US","Beta","cumulative_1m","hellinger_T1",1,677,FALSE,FALSE
"GISAID_US","Beta","cumulative_1m","hellinger_T1",4,681,FALSE,FALSE
"GISAID_US","Beta","cumulative_1m","hellinger_T1",1,701,TRUE,TRUE
"GISAID_US","Beta","cumulative_1m","hellinger_T1",3,716,FALSE,FALSE
"GISAID_US","Beta","cumulative_1m","hellinger_T1",1,732,FALSE,FALSE
"GISAID_US","Beta","cumulative_1m","hellinger_T1",1,859,FALSE,FALSE
"GISAID_US","Beta","cumulative_1m","hellinger_T1",2,950,FALSE,FALSE
"GISAID_US","Beta","cumulative_1m","hellinger_T1",3,982,FALSE,FALSE
"GISAID_US","Beta","cumulative_1m","hellinger_T1",1,1027,FALSE,FALSE
"GISAID_US","Beta","cumulative_1m","hellinger_T1",1,1104,FALSE,FALSE
"GISAID_US","Beta","cumulative_1m","hellinger_T1",3,1118,FALSE,FALSE
"GISAID_US","Beta","cumulative_1m","hellinger_T1",1,1176,FALSE,FALSE
"GISAID_US","Beta","cumulative_1m","hellinger_T1",1,1191,FALSE,FALSE
"GISAID_US","Beta","cumulative_1m","hellinger_T1",1,1264,FALSE,FALSE
"GISAID_US","Beta","cumulative_1m","hellinger_Tpred",1,5,FALSE,FALSE
"GISAID_US","Beta","cumulative_1m","hellinger_Tpred",1,13,FALSE,FALSE
"GISAID_US","Beta","cumulative_1m","hellinger_Tpred",1,18,FALSE,FALSE
"GISAID_US","Beta","cumulative_1m","hellinger_Tpred",2,19,FALSE,FALSE
"GISAID_US","Beta","cumulative_1m","hellinger_Tpred",1,20,FALSE,FALSE
"GISAID_US","Beta","cumulative_1m","hellinger_Tpred",1,26,FALSE,FALSE
"GISAID_US","Beta","cumulative_1m","hellinger_Tpred",3,69,FALSE,FALSE
"GISAID_US","Beta","cumulative_1m","hellinger_Tpred",3,70,FALSE,FALSE
"GISAID_US","Beta","cumulative_1m","hellinger_Tpred",1,80,TRUE,TRUE
"GISAID_US","Beta","cumulative_1m","hellinger_Tpred",3,95,FALSE,FALSE
"GISAID_US","Beta","cumulative_1m","hellinger_Tpred",1,112,FALSE,FALSE
"GISAID_US","Beta","cumulative_1m","hellinger_Tpred",1,138,FALSE,FALSE
"GISAID_US","Beta","cumulative_1m","hellinger_Tpred",2,142,FALSE,FALSE
"GISAID_US","Beta","cumulative_1m","hellinger_Tpred",3,145,FALSE,FALSE
"GISAID_US","Beta","cumulative_1m","hellinger_Tpred",1,152,FALSE,FALSE
"GISAID_US","Beta","cumulative_1m","hellinger_Tpred",2,156,FALSE,FALSE
"GISAID_US","Beta","cumulative_1m","hellinger_Tpred",2,157,FALSE,FALSE
"GISAID_US","Beta","cumulative_1m","hellinger_Tpred",2,158,FALSE,FALSE
"GISAID_US","Beta","cumulative_1m","hellinger_Tpred",1,190,FALSE,FALSE
"GISAID_US","Beta","cumulative_1m","hellinger_Tpred",1,222,FALSE,FALSE
"GISAID_US","Beta","cumulative_1m","hellinger_Tpred",1,253,FALSE,FALSE
"GISAID_US","Beta","cumulative_1m","hellinger_Tpred",1,289,FALSE,FALSE
"GISAID_US","Beta","cumulative_1m","hellinger_Tpred",1,417,TRUE,TRUE
"GISAID_US","Beta","cumulative_1m","hellinger_Tpred",4,452,FALSE,FALSE
"GISAID_US","Beta","cumulative_1m","hellinger_Tpred",1,477,FALSE,FALSE
"GISAID_US","Beta","cumulative_1m","hellinger_Tpred",2,478,FALSE,FALSE
"GISAID_US","Beta","cumulative_1m","hellinger_Tpred",3,484,TRUE,TRUE
"GISAID_US","Beta","cumulative_1m","hellinger_Tpred",3,501,TRUE,TRUE
"GISAID_US","Beta","cumulative_1m","hellinger_Tpred",3,570,FALSE,FALSE
"GISAID_US","Beta","cumulative_1m","hellinger_Tpred",1,655,FALSE,FALSE
"GISAID_US","Beta","cumulative_1m","hellinger_Tpred",1,677,FALSE,FALSE
"GISAID_US","Beta","cumulative_1m","hellinger_Tpred",4,681,FALSE,FALSE
"GISAID_US","Beta","cumulative_1m","hellinger_Tpred",1,701,TRUE,TRUE
"GISAID_US","Beta","cumulative_1m","hellinger_Tpred",3,716,FALSE,FALSE
"GISAID_US","Beta","cumulative_1m","hellinger_Tpred",1,732,FALSE,FALSE
"GISAID_US","Beta","cumulative_1m","hellinger_Tpred",1,859,FALSE,FALSE
"GISAID_US","Beta","cumulative_1m","hellinger_Tpred",2,950,FALSE,FALSE
"GISAID_US","Beta","cumulative_1m","hellinger_Tpred",3,982,FALSE,FALSE
"GISAID_US","Beta","cumulative_1m","hellinger_Tpred",1,1027,FALSE,FALSE
"GISAID_US","Beta","cumulative_1m","hellinger_Tpred",1,1104,FALSE,FALSE
"GISAID_US","Beta","cumulative_1m","hellinger_Tpred",3,1118,FALSE,FALSE
"GISAID_US","Beta","cumulative_1m","hellinger_Tpred",1,1176,FALSE,FALSE
"GISAID_US","Beta","cumulative_1m","hellinger_Tpred",1,1191,FALSE,FALSE
"GISAID_US","Beta","cumulative_1m","hellinger_Tpred",1,1264,FALSE,FALSE
"GISAID_US","Beta","disjoint_2m","entropy",1,5,FALSE,FALSE
"GISAID_US","Beta","disjoint_2m","entropy",1,13,FALSE,FALSE
"GISAID_US","Beta","disjoint_2m","entropy",2,18,FALSE,FALSE
"GISAID_US","Beta","disjoint_2m","entropy",2,19,FALSE,FALSE
"GISAID_US","Beta","disjoint_2m","entropy",2,20,FALSE,FALSE
"GISAID_US","Beta","disjoint_2m","entropy",2,26,FALSE,FALSE
"GISAID_US","Beta","disjoint_2m","entropy",3,69,FALSE,FALSE
"GISAID_US","Beta","disjoint_2m","entropy",3,70,FALSE,FALSE
"GISAID_US","Beta","disjoint_2m","entropy",2,80,TRUE,TRUE
"GISAID_US","Beta","disjoint_2m","entropy",4,95,FALSE,FALSE
"GISAID_US","Beta","disjoint_2m","entropy",5,112,FALSE,FALSE
"GISAID_US","Beta","disjoint_2m","entropy",2,138,FALSE,FALSE
"GISAID_US","Beta","disjoint_2m","entropy",4,142,FALSE,FALSE
"GISAID_US","Beta","disjoint_2m","entropy",3,145,FALSE,FALSE
"GISAID_US","Beta","disjoint_2m","entropy",1,152,FALSE,FALSE
"GISAID_US","Beta","disjoint_2m","entropy",2,156,FALSE,FALSE
"GISAID_US","Beta","disjoint_2m","entropy",2,157,FALSE,FALSE
"GISAID_US","Beta","disjoint_2m","entropy",2,158,FALSE,FALSE
"GISAID_US","Beta","disjoint_2m","entropy",2,190,FALSE,FALSE
"GISAID_US","Beta","disjoint_2m","entropy",4,222,FALSE,FALSE
"GISAID_US","Beta","disjoint_2m","entropy",1,253,FALSE,FALSE
"GISAID_US","Beta","disjoint_2m","entropy",5,289,FALSE,FALSE
"GISAID_US","Beta","disjoint_2m","entropy",2,417,TRUE,TRUE
"GISAID_US","Beta","disjoint_2m","entropy",3,452,FALSE,FALSE
"GISAID_US","Beta","disjoint_2m","entropy",2,477,FALSE,FALSE
"GISAID_US","Beta","disjoint_2m","entropy",2,478,FALSE,FALSE
"GISAID_US","Beta","disjoint_2m","entropy",3,484,TRUE,TRUE
"GISAID_US","Beta","disjoint_2m","entropy",3,501,TRUE,TRUE
"GISAID_US","Beta","disjoint_2m","entropy",3,570,FALSE,FALSE
"GISAID_US","Beta","disjoint_2m","entropy",2,655,FALSE,FALSE
"GISAID_US","Beta","disjoint_2m","entropy",1,677,FALSE,FALSE
"GISAID_US","Beta","disjoint_2m","entropy",3,681,FALSE,FALSE
"GISAID_US","Beta","disjoint_2m","entropy",2,701,TRUE,TRUE
"GISAID_US","Beta","disjoint_2m","entropy",3,716,FALSE,FALSE
"GISAID_US","Beta","disjoint_2m","entropy",1,732,FALSE,FALSE
"GISAID_US","Beta","disjoint_2m","entropy",2,859,FALSE,FALSE
"GISAID_US","Beta","disjoint_2m","entropy",2,950,FALSE,FALSE
"GISAID_US","Beta","disjoint_2m","entropy",3,982,FALSE,FALSE
"GISAID_US","Beta","disjoint_2m","entropy",2,1027,FALSE,FALSE
"GISAID_US","Beta","disjoint_2m","entropy",5,1104,FALSE,FALSE
"GISAID_US","Beta","disjoint_2m","entropy",3,1118,FALSE,FALSE
"GISAID_US","Beta","disjoint_2m","entropy",2,1176,FALSE,FALSE
"GISAID_US","Beta","disjoint_2m","entropy",2,1191,FALSE,FALSE
"GISAID_US","Beta","disjoint_2m","entropy",5,1264,FALSE,FALSE
"GISAID_US","Beta","disjoint_2m","hellinger_T1",1,5,FALSE,FALSE
"GISAID_US","Beta","disjoint_2m","hellinger_T1",1,13,FALSE,FALSE
"GISAID_US","Beta","disjoint_2m","hellinger_T1",1,18,FALSE,FALSE
"GISAID_US","Beta","disjoint_2m","hellinger_T1",2,19,FALSE,FALSE
"GISAID_US","Beta","disjoint_2m","hellinger_T1",1,20,FALSE,FALSE
"GISAID_US","Beta","disjoint_2m","hellinger_T1",1,26,FALSE,FALSE
"GISAID_US","Beta","disjoint_2m","hellinger_T1",1,69,FALSE,FALSE
"GISAID_US","Beta","disjoint_2m","hellinger_T1",1,70,FALSE,FALSE
"GISAID_US","Beta","disjoint_2m","hellinger_T1",1,80,TRUE,TRUE
"GISAID_US","Beta","disjoint_2m","hellinger_T1",1,95,FALSE,FALSE
"GISAID_US","Beta","disjoint_2m","hellinger_T1",1,112,FALSE,FALSE
"GISAID_US","Beta","disjoint_2m","hellinger_T1",1,138,FALSE,FALSE
"GISAID_US","Beta","disjoint_2m","hellinger_T1",2,142,FALSE,FALSE
"GISAID_US","Beta","disjoint_2m","hellinger_T1",1,145,FALSE,FALSE
"GISAID_US","Beta","disjoint_2m","hellinger_T1",1,152,FALSE,FALSE
"GISAID_US","Beta","disjoint_2m","hellinger_T1",2,156,FALSE,FALSE
"GISAID_US","Beta","disjoint_2m","hellinger_T1",2,157,FALSE,FALSE
"GISAID_US","Beta","disjoint_2m","hellinger_T1",2,158,FALSE,FALSE
"GISAID_US","Beta","disjoint_2m","hellinger_T1",1,190,FALSE,FALSE
"GISAID_US","Beta","disjoint_2m","hellinger_T1",1,222,FALSE,FALSE
"GISAID_US","Beta","disjoint_2m","hellinger_T1",1,253,FALSE,FALSE
"GISAID_US","Beta","disjoint_2m","hellinger_T1",1,289,FALSE,FALSE
"GISAID_US","Beta","disjoint_2m","hellinger_T1",1,417,TRUE,TRUE
"GISAID_US","Beta","disjoint_2m","hellinger_T1",2,452,FALSE,FALSE
"GISAID_US","Beta","disjoint_2m","hellinger_T1",1,477,FALSE,FALSE
"GISAID_US","Beta","disjoint_2m","hellinger_T1",2,478,FALSE,FALSE
"GISAID_US","Beta","disjoint_2m","hellinger_T1",1,484,TRUE,TRUE
"GISAID_US","Beta","disjoint_2m","hellinger_T1",1,501,TRUE,TRUE
"GISAID_US","Beta","disjoint_2m","hellinger_T1",1,570,FALSE,FALSE
"GISAID_US","Beta","disjoint_2m","hellinger_T1",1,655,FALSE,FALSE
"GISAID_US","Beta","disjoint_2m","hellinger_T1",1,677,FALSE,FALSE
"GISAID_US","Beta","disjoint_2m","hellinger_T1",2,681,FALSE,FALSE
"GISAID_US","Beta","disjoint_2m","hellinger_T1",1,701,TRUE,TRUE
"GISAID_US","Beta","disjoint_2m","hellinger_T1",1,716,FALSE,FALSE
"GISAID_US","Beta","disjoint_2m","hellinger_T1",1,732,FALSE,FALSE
"GISAID_US","Beta","disjoint_2m","hellinger_T1",1,859,FALSE,FALSE
"GISAID_US","Beta","disjoint_2m","hellinger_T1",2,950,FALSE,FALSE
"GISAID_US","Beta","disjoint_2m","hellinger_T1",1,982,FALSE,FALSE
"GISAID_US","Beta","disjoint_2m","hellinger_T1",1,1027,FALSE,FALSE
"GISAID_US","Beta","disjoint_2m","hellinger_T1",1,1104,FALSE,FALSE
"GISAID_US","Beta","disjoint_2m","hellinger_T1",1,1118,FALSE,FALSE
"GISAID_US","Beta","disjoint_2m","hellinger_T1",1,1176,FALSE,FALSE
"GISAID_US","Beta","disjoint_2m","hellinger_T1",1,1191,FALSE,FALSE
"GISAID_US","Beta","disjoint_2m","hellinger_T1",1,1264,FALSE,FALSE
"GISAID_US","Beta","disjoint_2m","hellinger_Tpred",1,5,FALSE,FALSE
"GISAID_US","Beta","disjoint_2m","hellinger_Tpred",1,13,FALSE,FALSE
"GISAID_US","Beta","disjoint_2m","hellinger_Tpred",1,18,FALSE,FALSE
"GISAID_US","Beta","disjoint_2m","hellinger_Tpred",2,19,FALSE,FALSE
"GISAID_US","Beta","disjoint_2m","hellinger_Tpred",1,20,FALSE,FALSE
"GISAID_US","Beta","disjoint_2m","hellinger_Tpred",1,26,FALSE,FALSE
"GISAID_US","Beta","disjoint_2m","hellinger_Tpred",1,69,FALSE,FALSE
"GISAID_US","Beta","disjoint_2m","hellinger_Tpred",1,70,FALSE,FALSE
"GISAID_US","Beta","disjoint_2m","hellinger_Tpred",1,80,TRUE,TRUE
"GISAID_US","Beta","disjoint_2m","hellinger_Tpred",1,95,FALSE,FALSE
"GISAID_US","Beta","disjoint_2m","hellinger_Tpred",1,112,FALSE,FALSE
"GISAID_US","Beta","disjoint_2m","hellinger_Tpred",1,138,FALSE,FALSE
"GISAID_US","Beta","disjoint_2m","hellinger_Tpred",2,142,FALSE,FALSE
"GISAID_US","Beta","disjoint_2m","hellinger_Tpred",1,145,FALSE,FALSE
"GISAID_US","Beta","disjoint_2m","hellinger_Tpred",1,152,FALSE,FALSE
"GISAID_US","Beta","disjoint_2m","hellinger_Tpred",2,156,FALSE,FALSE
"GISAID_US","Beta","disjoint_2m","hellinger_Tpred",2,157,FALSE,FALSE
"GISAID_US","Beta","disjoint_2m","hellinger_Tpred",2,158,FALSE,FALSE
"GISAID_US","Beta","disjoint_2m","hellinger_Tpred",1,190,FALSE,FALSE
"GISAID_US","Beta","disjoint_2m","hellinger_Tpred",1,222,FALSE,FALSE
"GISAID_US","Beta","disjoint_2m","hellinger_Tpred",1,253,FALSE,FALSE
"GISAID_US","Beta","disjoint_2m","hellinger_Tpred",1,289,FALSE,FALSE
"GISAID_US","Beta","disjoint_2m","hellinger_Tpred",1,417,TRUE,TRUE
"GISAID_US","Beta","disjoint_2m","hellinger_Tpred",2,452,FALSE,FALSE
"GISAID_US","Beta","disjoint_2m","hellinger_Tpred",1,477,FALSE,FALSE
"GISAID_US","Beta","disjoint_2m","hellinger_Tpred",2,478,FALSE,FALSE
"GISAID_US","Beta","disjoint_2m","hellinger_Tpred",1,484,TRUE,TRUE
"GISAID_US","Beta","disjoint_2m","hellinger_Tpred",1,501,TRUE,TRUE
"GISAID_US","Beta","disjoint_2m","hellinger_Tpred",1,570,FALSE,FALSE
"GISAID_US","Beta","disjoint_2m","hellinger_Tpred",1,655,FALSE,FALSE
"GISAID_US","Beta","disjoint_2m","hellinger_Tpred",1,677,FALSE,FALSE
"GISAID_US","Beta","disjoint_2m","hellinger_Tpred",2,681,FALSE,FALSE
"GISAID_US","Beta","disjoint_2m","hellinger_Tpred",1,701,TRUE,TRUE
"GISAID_US","Beta","disjoint_2m","hellinger_Tpred",1,716,FALSE,FALSE
"GISAID_US","Beta","disjoint_2m","hellinger_Tpred",1,732,FALSE,FALSE
"GISAID_US","Beta","disjoint_2m","hellinger_Tpred",1,859,FALSE,FALSE
"GISAID_US","Beta","disjoint_2m","hellinger_Tpred",2,950,FALSE,FALSE
"GISAID_US","Beta","disjoint_2m","hellinger_Tpred",1,982,FALSE,FALSE
"GISAID_US","Beta","disjoint_2m","hellinger_Tpred",1,1027,FALSE,FALSE
"GISAID_US","Beta","disjoint_2m","hellinger_Tpred",1,1104,FALSE,FALSE
"GISAID_US","Beta","disjoint_2m","hellinger_Tpred",1,1118,FALSE,FALSE
"GISAID_US","Beta","disjoint_2m","hellinger_Tpred",1,1176,FALSE,FALSE
"GISAID_US","Beta","disjoint_2m","hellinger_Tpred",1,1191,FALSE,FALSE
"GISAID_US","Beta","disjoint_2m","hellinger_Tpred",1,1264,FALSE,FALSE
"GISAID_US","Beta","sliding_2m","entropy",1,5,FALSE,FALSE
"GISAID_US","Beta","sliding_2m","entropy",1,13,FALSE,FALSE
"GISAID_US","Beta","sliding_2m","entropy",2,18,FALSE,FALSE
"GISAID_US","Beta","sliding_2m","entropy",3,19,FALSE,FALSE
"GISAID_US","Beta","sliding_2m","entropy",2,20,FALSE,FALSE
"GISAID_US","Beta","sliding_2m","entropy",2,26,FALSE,FALSE
"GISAID_US","Beta","sliding_2m","entropy",4,69,FALSE,FALSE
"GISAID_US","Beta","sliding_2m","entropy",4,70,FALSE,FALSE
"GISAID_US","Beta","sliding_2m","entropy",2,80,TRUE,TRUE
"GISAID_US","Beta","sliding_2m","entropy",3,95,FALSE,FALSE
"GISAID_US","Beta","sliding_2m","entropy",2,112,FALSE,FALSE
"GISAID_US","Beta","sliding_2m","entropy",2,138,FALSE,FALSE
"GISAID_US","Beta","sliding_2m","entropy",3,142,FALSE,FALSE
"GISAID_US","Beta","sliding_2m","entropy",4,145,FALSE,FALSE
"GISAID_US","Beta","sliding_2m","entropy",1,152,FALSE,FALSE
"GISAID_US","Beta","sliding_2m","entropy",3,156,FALSE,FALSE
"GISAID_US","Beta","sliding_2m","entropy",3,157,FALSE,FALSE
"GISAID_US","Beta","sliding_2m","entropy",3,158,FALSE,FALSE
"GISAID_US","Beta","sliding_2m","entropy",2,190,FALSE,FALSE
"GISAID_US","Beta","sliding_2m","entropy",3,222,FALSE,FALSE
"GISAID_US","Beta","sliding_2m","entropy",1,253,FALSE,FALSE
"GISAID_US","Beta","sliding_2m","entropy",2,289,FALSE,FALSE
"GISAID_US","Beta","sliding_2m","entropy",2,417,TRUE,TRUE
"GISAID_US","Beta","sliding_2m","entropy",4,452,FALSE,FALSE
"GISAID_US","Beta","sliding_2m","entropy",2,477,FALSE,FALSE
"GISAID_US","Beta","sliding_2m","entropy",3,478,FALSE,FALSE
"GISAID_US","Beta","sliding_2m","entropy",4,484,TRUE,TRUE
"GISAID_US","Beta","sliding_2m","entropy",4,501,TRUE,TRUE
"GISAID_US","Beta","sliding_2m","entropy",4,570,FALSE,FALSE
"GISAID_US","Beta","sliding_2m","entropy",2,655,FALSE,FALSE
"GISAID_US","Beta","sliding_2m","entropy",1,677,FALSE,FALSE
"GISAID_US","Beta","sliding_2m","entropy",4,681,FALSE,FALSE
"GISAID_US","Beta","sliding_2m","entropy",2,701,TRUE,TRUE
"GISAID_US","Beta","sliding_2m","entropy",4,716,FALSE,FALSE
"GISAID_US","Beta","sliding_2m","entropy",1,732,FALSE,FALSE
"GISAID_US","Beta","sliding_2m","entropy",2,859,FALSE,FALSE
"GISAID_US","Beta","sliding_2m","entropy",3,950,FALSE,FALSE
"GISAID_US","Beta","sliding_2m","entropy",4,982,FALSE,FALSE
"GISAID_US","Beta","sliding_2m","entropy",2,1027,FALSE,FALSE
"GISAID_US","Beta","sliding_2m","entropy",2,1104,FALSE,FALSE
"GISAID_US","Beta","sliding_2m","entropy",4,1118,FALSE,FALSE
"GISAID_US","Beta","sliding_2m","entropy",2,1176,FALSE,FALSE
"GISAID_US","Beta","sliding_2m","entropy",2,1191,FALSE,FALSE
"GISAID_US","Beta","sliding_2m","entropy",2,1264,FALSE,FALSE
"GISAID_US","Beta","sliding_2m","hellinger_T1",1,5,FALSE,FALSE
"GISAID_US","Beta","sliding_2m","hellinger_T1",1,13,FALSE,FALSE
"GISAID_US","Beta","sliding_2m","hellinger_T1",1,18,FALSE,FALSE
"GISAID_US","Beta","sliding_2m","hellinger_T1",2,19,FALSE,FALSE
"GISAID_US","Beta","sliding_2m","hellinger_T1",1,20,FALSE,FALSE
"GISAID_US","Beta","sliding_2m","hellinger_T1",1,26,FALSE,FALSE
"GISAID_US","Beta","sliding_2m","hellinger_T1",1,69,FALSE,FALSE
"GISAID_US","Beta","sliding_2m","hellinger_T1",1,70,FALSE,FALSE
"GISAID_US","Beta","sliding_2m","hellinger_T1",1,80,TRUE,TRUE
"GISAID_US","Beta","sliding_2m","hellinger_T1",1,95,FALSE,FALSE
"GISAID_US","Beta","sliding_2m","hellinger_T1",1,112,FALSE,FALSE
"GISAID_US","Beta","sliding_2m","hellinger_T1",1,138,FALSE,FALSE
"GISAID_US","Beta","sliding_2m","hellinger_T1",2,142,FALSE,FALSE
"GISAID_US","Beta","sliding_2m","hellinger_T1",1,145,FALSE,FALSE
"GISAID_US","Beta","sliding_2m","hellinger_T1",1,152,FALSE,FALSE
"GISAID_US","Beta","sliding_2m","hellinger_T1",2,156,FALSE,FALSE
"GISAID_US","Beta","sliding_2m","hellinger_T1",2,157,FALSE,FALSE
"GISAID_US","Beta","sliding_2m","hellinger_T1",2,158,FALSE,FALSE
"GISAID_US","Beta","sliding_2m","hellinger_T1",1,190,FALSE,FALSE
"GISAID_US","Beta","sliding_2m","hellinger_T1",1,222,FALSE,FALSE
"GISAID_US","Beta","sliding_2m","hellinger_T1",1,253,FALSE,FALSE
"GISAID_US","Beta","sliding_2m","hellinger_T1",1,289,FALSE,FALSE
"GISAID_US","Beta","sliding_2m","hellinger_T1",1,417,TRUE,TRUE
"GISAID_US","Beta","sliding_2m","hellinger_T1",2,452,FALSE,FALSE
"GISAID_US","Beta","sliding_2m","hellinger_T1",1,477,FALSE,FALSE
"GISAID_US","Beta","sliding_2m","hellinger_T1",2,478,FALSE,FALSE
"GISAID_US","Beta","sliding_2m","hellinger_T1",1,484,TRUE,TRUE
"GISAID_US","Beta","sliding_2m","hellinger_T1",1,501,TRUE,TRUE
"GISAID_US","Beta","sliding_2m","hellinger_T1",1,570,FALSE,FALSE
"GISAID_US","Beta","sliding_2m","hellinger_T1",1,655,FALSE,FALSE
"GISAID_US","Beta","sliding_2m","hellinger_T1",1,677,FALSE,FALSE
"GISAID_US","Beta","sliding_2m","hellinger_T1",2,681,FALSE,FALSE
"GISAID_US","Beta","sliding_2m","hellinger_T1",1,701,TRUE,TRUE
"GISAID_US","Beta","sliding_2m","hellinger_T1",1,716,FALSE,FALSE
"GISAID_US","Beta","sliding_2m","hellinger_T1",1,732,FALSE,FALSE
"GISAID_US","Beta","sliding_2m","hellinger_T1",1,859,FALSE,FALSE
"GISAID_US","Beta","sliding_2m","hellinger_T1",2,950,FALSE,FALSE
"GISAID_US","Beta","sliding_2m","hellinger_T1",1,982,FALSE,FALSE
"GISAID_US","Beta","sliding_2m","hellinger_T1",1,1027,FALSE,FALSE
"GISAID_US","Beta","sliding_2m","hellinger_T1",1,1104,FALSE,FALSE
"GISAID_US","Beta","sliding_2m","hellinger_T1",1,1118,FALSE,FALSE
"GISAID_US","Beta","sliding_2m","hellinger_T1",1,1176,FALSE,FALSE
"GISAID_US","Beta","sliding_2m","hellinger_T1",1,1191,FALSE,FALSE
"GISAID_US","Beta","sliding_2m","hellinger_T1",1,1264,FALSE,FALSE
"GISAID_US","Beta","sliding_2m","hellinger_Tpred",1,5,FALSE,FALSE
"GISAID_US","Beta","sliding_2m","hellinger_Tpred",1,13,FALSE,FALSE
"GISAID_US","Beta","sliding_2m","hellinger_Tpred",1,18,FALSE,FALSE
"GISAID_US","Beta","sliding_2m","hellinger_Tpred",2,19,FALSE,FALSE
"GISAID_US","Beta","sliding_2m","hellinger_Tpred",1,20,FALSE,FALSE
"GISAID_US","Beta","sliding_2m","hellinger_Tpred",1,26,FALSE,FALSE
"GISAID_US","Beta","sliding_2m","hellinger_Tpred",1,69,FALSE,FALSE
"GISAID_US","Beta","sliding_2m","hellinger_Tpred",1,70,FALSE,FALSE
"GISAID_US","Beta","sliding_2m","hellinger_Tpred",1,80,TRUE,TRUE
"GISAID_US","Beta","sliding_2m","hellinger_Tpred",1,95,FALSE,FALSE
"GISAID_US","Beta","sliding_2m","hellinger_Tpred",1,112,FALSE,FALSE
"GISAID_US","Beta","sliding_2m","hellinger_Tpred",1,138,FALSE,FALSE
"GISAID_US","Beta","sliding_2m","hellinger_Tpred",2,142,FALSE,FALSE
"GISAID_US","Beta","sliding_2m","hellinger_Tpred",1,145,FALSE,FALSE
"GISAID_US","Beta","sliding_2m","hellinger_Tpred",1,152,FALSE,FALSE
"GISAID_US","Beta","sliding_2m","hellinger_Tpred",2,156,FALSE,FALSE
"GISAID_US","Beta","sliding_2m","hellinger_Tpred",2,157,FALSE,FALSE
"GISAID_US","Beta","sliding_2m","hellinger_Tpred",2,158,FALSE,FALSE
"GISAID_US","Beta","sliding_2m","hellinger_Tpred",1,190,FALSE,FALSE
"GISAID_US","Beta","sliding_2m","hellinger_Tpred",1,222,FALSE,FALSE
"GISAID_US","Beta","sliding_2m","hellinger_Tpred",1,253,FALSE,FALSE
"GISAID_US","Beta","sliding_2m","hellinger_Tpred",1,289,FALSE,FALSE
"GISAID_US","Beta","sliding_2m","hellinger_Tpred",1,417,TRUE,TRUE
"GISAID_US","Beta","sliding_2m","hellinger_Tpred",2,452,FALSE,FALSE
"GISAID_US","Beta","sliding_2m","hellinger_Tpred",1,477,FALSE,FALSE
"GISAID_US","Beta","sliding_2m","hellinger_Tpred",2,478,FALSE,FALSE
"GISAID_US","Beta","sliding_2m","hellinger_Tpred",1,484,TRUE,TRUE
"GISAID_US","Beta","sliding_2m","hellinger_Tpred",1,501,TRUE,TRUE
"GISAID_US","Beta","sliding_2m","hellinger_Tpred",1,570,FALSE,FALSE
"GISAID_US","Beta","sliding_2m","hellinger_Tpred",1,655,FALSE,FALSE
"GISAID_US","Beta","sliding_2m","hellinger_Tpred",1,677,FALSE,FALSE
"GISAID_US","Beta","sliding_2m","hellinger_Tpred",2,681,FALSE,FALSE
"GISAID_US","Beta","sliding_2m","hellinger_Tpred",1,701,TRUE,TRUE
"GISAID_US","Beta","sliding_2m","hellinger_Tpred",1,716,FALSE,FALSE
"GISAID_US","Beta","sliding_2m","hellinger_Tpred",1,732,FALSE,FALSE
"GISAID_US","Beta","sliding_2m","hellinger_Tpred",1,859,FALSE,FALSE
"GISAID_US","Beta","sliding_2m","hellinger_Tpred",2,950,FALSE,FALSE
"GISAID_US","Beta","sliding_2m","hellinger_Tpred",1,982,FALSE,FALSE
"GISAID_US","Beta","sliding_2m","hellinger_Tpred",1,1027,FALSE,FALSE
"GISAID_US","Beta","sliding_2m","hellinger_Tpred",1,1104,FALSE,FALSE
"GISAID_US","Beta","sliding_2m","hellinger_Tpred",1,1118,FALSE,FALSE
"GISAID_US","Beta","sliding_2m","hellinger_Tpred",1,1176,FALSE,FALSE
"GISAID_US","Beta","sliding_2m","hellinger_Tpred",1,1191,FALSE,FALSE
"GISAID_US","Beta","sliding_2m","hellinger_Tpred",1,1264,FALSE,FALSE
"GISAID_US","Delta","cumulative_1m","entropy",1,5,FALSE,FALSE
"GISAID_US","Delta","cumulative_1m","entropy",2,19,TRUE,TRUE
"GISAID_US","Delta","cumulative_1m","entropy",1,69,FALSE,FALSE
"GISAID_US","Delta","cumulative_1m","entropy",1,70,FALSE,TRUE
"GISAID_US","Delta","cumulative_1m","entropy",1,95,FALSE,TRUE
"GISAID_US","Delta","cumulative_1m","entropy",3,112,FALSE,FALSE
"GISAID_US","Delta","cumulative_1m","entropy",2,142,FALSE,TRUE
"GISAID_US","Delta","cumulative_1m","entropy",1,145,FALSE,FALSE
"GISAID_US","Delta","cumulative_1m","entropy",1,152,FALSE,FALSE
"GISAID_US","Delta","cumulative_1m","entropy",2,156,FALSE,TRUE
"GISAID_US","Delta","cumulative_1m","entropy",2,157,FALSE,TRUE
"GISAID_US","Delta","cumulative_1m","entropy",2,158,FALSE,TRUE
"GISAID_US","Delta","cumulative_1m","entropy",3,222,FALSE,TRUE
"GISAID_US","Delta","cumulative_1m","entropy",1,452,TRUE,TRUE
"GISAID_US","Delta","cumulative_1m","entropy",2,478,TRUE,TRUE
"GISAID_US","Delta","cumulative_1m","entropy",1,484,FALSE,FALSE
"GISAID_US","Delta","cumulative_1m","entropy",1,501,FALSE,FALSE
"GISAID_US","Delta","cumulative_1m","entropy",1,570,FALSE,FALSE
"GISAID_US","Delta","cumulative_1m","entropy",4,681,TRUE,TRUE
"GISAID_US","Delta","cumulative_1m","entropy",1,716,FALSE,FALSE
"GISAID_US","Delta","cumulative_1m","entropy",2,950,TRUE,TRUE
"GISAID_US","Delta","cumulative_1m","entropy",1,982,FALSE,FALSE
"GISAID_US","Delta","cumulative_1m","entropy",1,1118,FALSE,FALSE
"GISAID_US","Delta","cumulative_1m","hellinger_T1",1,5,FALSE,FALSE
"GISAID_US","Delta","cumulative_1m","hellinger_T1",2,19,TRUE,TRUE
"GISAID_US","Delta","cumulative_1m","hellinger_T1",3,69,FALSE,FALSE
"GISAID_US","Delta","cumulative_1m","hellinger_T1",3,70,FALSE,TRUE
"GISAID_US","Delta","cumulative_1m","hellinger_T1",3,95,FALSE,TRUE
"GISAID_US","Delta","cumulative_1m","hellinger_T1",1,112,FALSE,FALSE
"GISAID_US","Delta","cumulative_1m","hellinger_T1",2,142,FALSE,TRUE
"GISAID_US","Delta","cumulative_1m","hellinger_T1",3,145,FALSE,FALSE
"GISAID_US","Delta","cumulative_1m","hellinger_T1",3,152,FALSE,FALSE
"GISAID_US","Delta","cumulative_1m","hellinger_T1",2,156,FALSE,TRUE
"GISAID_US","Delta","cumulative_1m","hellinger_T1",2,157,FALSE,TRUE
"GISAID_US","Delta","cumulative_1m","hellinger_T1",2,158,FALSE,TRUE
"GISAID_US","Delta","cumulative_1m","hellinger_T1",1,222,FALSE,TRUE
"GISAID_US","Delta","cumulative_1m","hellinger_T1",4,452,TRUE,TRUE
"GISAID_US","Delta","cumulative_1m","hellinger_T1",2,478,TRUE,TRUE
"GISAID_US","Delta","cumulative_1m","hellinger_T1",3,484,FALSE,FALSE
"GISAID_US","Delta","cumulative_1m","hellinger_T1",3,501,FALSE,FALSE
"GISAID_US","Delta","cumulative_1m","hellinger_T1",3,570,FALSE,FALSE
"GISAID_US","Delta","cumulative_1m","hellinger_T1",4,681,TRUE,TRUE
"GISAID_US","Delta","cumulative_1m","hellinger_T1",3,716,FALSE,FALSE
"GISAID_US","Delta","cumulative_1m","hellinger_T1",2,950,TRUE,TRUE
"GISAID_US","Delta","cumulative_1m","hellinger_T1",3,982,FALSE,FALSE
"GISAID_US","Delta","cumulative_1m","hellinger_T1",3,1118,FALSE,FALSE
"GISAID_US","Delta","cumulative_1m","hellinger_Tpred",1,5,FALSE,FALSE
"GISAID_US","Delta","cumulative_1m","hellinger_Tpred",2,19,TRUE,TRUE
"GISAID_US","Delta","cumulative_1m","hellinger_Tpred",3,69,FALSE,FALSE
"GISAID_US","Delta","cumulative_1m","hellinger_Tpred",3,70,FALSE,TRUE
"GISAID_US","Delta","cumulative_1m","hellinger_Tpred",3,95,FALSE,TRUE
"GISAID_US","Delta","cumulative_1m","hellinger_Tpred",1,112,FALSE,FALSE
"GISAID_US","Delta","cumulative_1m","hellinger_Tpred",2,142,FALSE,TRUE
"GISAID_US","Delta","cumulative_1m","hellinger_Tpred",3,145,FALSE,FALSE
"GISAID_US","Delta","cumulative_1m","hellinger_Tpred",1,152,FALSE,FALSE
"GISAID_US","Delta","cumulative_1m","hellinger_Tpred",2,156,FALSE,TRUE
"GISAID_US","Delta","cumulative_1m","hellinger_Tpred",2,157,FALSE,TRUE
"GISAID_US","Delta","cumulative_1m","hellinger_Tpred",2,158,FALSE,TRUE
"GISAID_US","Delta","cumulative_1m","hellinger_Tpred",1,222,FALSE,TRUE
"GISAID_US","Delta","cumulative_1m","hellinger_Tpred",2,452,TRUE,TRUE
"GISAID_US","Delta","cumulative_1m","hellinger_Tpred",2,478,TRUE,TRUE
"GISAID_US","Delta","cumulative_1m","hellinger_Tpred",3,484,FALSE,FALSE
"GISAID_US","Delta","cumulative_1m","hellinger_Tpred",3,501,FALSE,FALSE
"GISAID_US","Delta","cumulative_1m","hellinger_Tpred",3,570,FALSE,FALSE
"GISAID_US","Delta","cumulative_1m","hellinger_Tpred",2,681,TRUE,TRUE
"GISAID_US","Delta","cumulative_1m","hellinger_Tpred",3,716,FALSE,FALSE
"GISAID_US","Delta","cumulative_1m","hellinger_Tpred",2,950,TRUE,TRUE
"GISAID_US","Delta","cumulative_1m","hellinger_Tpred",3,982,FALSE,FALSE
"GISAID_US","Delta","cumulative_1m","hellinger_Tpred",3,1118,FALSE,FALSE
"GISAID_US","Delta","disjoint_2m","entropy",1,5,FALSE,FALSE
"GISAID_US","Delta","disjoint_2m","entropy",2,19,TRUE,TRUE
"GISAID_US","Delta","disjoint_2m","entropy",1,69,FALSE,FALSE
"GISAID_US","Delta","disjoint_2m","entropy",1,70,FALSE,TRUE
"GISAID_US","Delta","disjoint_2m","entropy",2,95,FALSE,TRUE
"GISAID_US","Delta","disjoint_2m","entropy",2,112,FALSE,FALSE
"GISAID_US","Delta","disjoint_2m","entropy",2,142,FALSE,TRUE
"GISAID_US","Delta","disjoint_2m","entropy",1,145,FALSE,FALSE
"GISAID_US","Delta","disjoint_2m","entropy",1,152,FALSE,FALSE
"GISAID_US","Delta","disjoint_2m","entropy",2,156,FALSE,TRUE
"GISAID_US","Delta","disjoint_2m","entropy",2,157,FALSE,TRUE
"GISAID_US","Delta","disjoint_2m","entropy",2,158,FALSE,TRUE
"GISAID_US","Delta","disjoint_2m","entropy",2,222,FALSE,TRUE
"GISAID_US","Delta","disjoint_2m","entropy",1,452,TRUE,TRUE
"GISAID_US","Delta","disjoint_2m","entropy",2,478,TRUE,TRUE
"GISAID_US","Delta","disjoint_2m","entropy",1,484,FALSE,FALSE
"GISAID_US","Delta","disjoint_2m","entropy",1,501,FALSE,FALSE
"GISAID_US","Delta","disjoint_2m","entropy",1,570,FALSE,FALSE
"GISAID_US","Delta","disjoint_2m","entropy",1,681,TRUE,TRUE
"GISAID_US","Delta","disjoint_2m","entropy",1,716,FALSE,FALSE
"GISAID_US","Delta","disjoint_2m","entropy",2,950,TRUE,TRUE
"GISAID_US","Delta","disjoint_2m","entropy",1,982,FALSE,FALSE
"GISAID_US","Delta","disjoint_2m","entropy",1,1118,FALSE,FALSE
"GISAID_US","Delta","disjoint_2m","hellinger_T1",1,5,FALSE,FALSE
"GISAID_US","Delta","disjoint_2m","hellinger_T1",2,19,TRUE,TRUE
"GISAID_US","Delta","disjoint_2m","hellinger_T1",1,69,FALSE,FALSE
"GISAID_US","Delta","disjoint_2m","hellinger_T1",1,70,FALSE,TRUE
"GISAID_US","Delta","disjoint_2m","hellinger_T1",1,95,FALSE,TRUE
"GISAID_US","Delta","disjoint_2m","hellinger_T1",1,112,FALSE,FALSE
"GISAID_US","Delta","disjoint_2m","hellinger_T1",2,142,FALSE,TRUE
"GISAID_US","Delta","disjoint_2m","hellinger_T1",1,145,FALSE,FALSE
"GISAID_US","Delta","disjoint_2m","hellinger_T1",1,152,FALSE,FALSE
"GISAID_US","Delta","disjoint_2m","hellinger_T1",2,156,FALSE,TRUE
"GISAID_US","Delta","disjoint_2m","hellinger_T1",2,157,FALSE,TRUE
"GISAID_US","Delta","disjoint_2m","hellinger_T1",2,158,FALSE,TRUE
"GISAID_US","Delta","disjoint_2m","hellinger_T1",1,222,FALSE,TRUE
"GISAID_US","Delta","disjoint_2m","hellinger_T1",2,452,TRUE,TRUE
"GISAID_US","Delta","disjoint_2m","hellinger_T1",2,478,TRUE,TRUE
"GISAID_US","Delta","disjoint_2m","hellinger_T1",1,484,FALSE,FALSE
"GISAID_US","Delta","disjoint_2m","hellinger_T1",1,501,FALSE,FALSE
"GISAID_US","Delta","disjoint_2m","hellinger_T1",1,570,FALSE,FALSE
"GISAID_US","Delta","disjoint_2m","hellinger_T1",2,681,TRUE,TRUE
"GISAID_US","Delta","disjoint_2m","hellinger_T1",1,716,FALSE,FALSE
"GISAID_US","Delta","disjoint_2m","hellinger_T1",2,950,TRUE,TRUE
"GISAID_US","Delta","disjoint_2m","hellinger_T1",1,982,FALSE,FALSE
"GISAID_US","Delta","disjoint_2m","hellinger_T1",1,1118,FALSE,FALSE
"GISAID_US","Delta","disjoint_2m","hellinger_Tpred",1,5,FALSE,FALSE
"GISAID_US","Delta","disjoint_2m","hellinger_Tpred",2,19,TRUE,TRUE
"GISAID_US","Delta","disjoint_2m","hellinger_Tpred",1,69,FALSE,FALSE
"GISAID_US","Delta","disjoint_2m","hellinger_Tpred",1,70,FALSE,TRUE
"GISAID_US","Delta","disjoint_2m","hellinger_Tpred",1,95,FALSE,TRUE
"GISAID_US","Delta","disjoint_2m","hellinger_Tpred",1,112,FALSE,FALSE
"GISAID_US","Delta","disjoint_2m","hellinger_Tpred",2,142,FALSE,TRUE
"GISAID_US","Delta","disjoint_2m","hellinger_Tpred",1,145,FALSE,FALSE
"GISAID_US","Delta","disjoint_2m","hellinger_Tpred",1,152,FALSE,FALSE
"GISAID_US","Delta","disjoint_2m","hellinger_Tpred",2,156,FALSE,TRUE
"GISAID_US","Delta","disjoint_2m","hellinger_Tpred",2,157,FALSE,TRUE
"GISAID_US","Delta","disjoint_2m","hellinger_Tpred",2,158,FALSE,TRUE
"GISAID_US","Delta","disjoint_2m","hellinger_Tpred",1,222,FALSE,TRUE
"GISAID_US","Delta","disjoint_2m","hellinger_Tpred",2,452,TRUE,TRUE
"GISAID_US","Delta","disjoint_2m","hellinger_Tpred",2,478,TRUE,TRUE
"GISAID_US","Delta","disjoint_2m","hellinger_Tpred",1,484,FALSE,FALSE
"GISAID_US","Delta","disjoint_2m","hellinger_Tpred",1,501,FALSE,FALSE
"GISAID_US","Delta","disjoint_2m","hellinger_Tpred",1,570,FALSE,FALSE
"GISAID_US","Delta","disjoint_2m","hellinger_Tpred",2,681,TRUE,TRUE
"GISAID_US","Delta","disjoint_2m","hellinger_Tpred",1,716,FALSE,FALSE
"GISAID_US","Delta","disjoint_2m","hellinger_Tpred",2,950,TRUE,TRUE
"GISAID_US","Delta","disjoint_2m","hellinger_Tpred",1,982,FALSE,FALSE
"GISAID_US","Delta","disjoint_2m","hellinger_Tpred",1,1118,FALSE,FALSE
"GISAID_US","Delta","sliding_2m","entropy",1,5,FALSE,FALSE
"GISAID_US","Delta","sliding_2m","entropy",2,19,TRUE,TRUE
"GISAID_US","Delta","sliding_2m","entropy",1,69,FALSE,FALSE
"GISAID_US","Delta","sliding_2m","entropy",1,70,FALSE,TRUE
"GISAID_US","Delta","sliding_2m","entropy",2,95,FALSE,TRUE
"GISAID_US","Delta","sliding_2m","entropy",2,112,FALSE,FALSE
"GISAID_US","Delta","sliding_2m","entropy",2,142,FALSE,TRUE
"GISAID_US","Delta","sliding_2m","entropy",1,145,FALSE,FALSE
"GISAID_US","Delta","sliding_2m","entropy",1,152,FALSE,FALSE
"GISAID_US","Delta","sliding_2m","entropy",2,156,FALSE,TRUE
"GISAID_US","Delta","sliding_2m","entropy",2,157,FALSE,TRUE
"GISAID_US","Delta","sliding_2m","entropy",2,158,FALSE,TRUE
"GISAID_US","Delta","sliding_2m","entropy",2,222,FALSE,TRUE
"GISAID_US","Delta","sliding_2m","entropy",1,452,TRUE,TRUE
"GISAID_US","Delta","sliding_2m","entropy",2,478,TRUE,TRUE
"GISAID_US","Delta","sliding_2m","entropy",1,484,FALSE,FALSE
"GISAID_US","Delta","sliding_2m","entropy",1,501,FALSE,FALSE
"GISAID_US","Delta","sliding_2m","entropy",1,570,FALSE,FALSE
"GISAID_US","Delta","sliding_2m","entropy",1,681,TRUE,TRUE
"GISAID_US","Delta","sliding_2m","entropy",1,716,FALSE,FALSE
"GISAID_US","Delta","sliding_2m","entropy",2,950,TRUE,TRUE
"GISAID_US","Delta","sliding_2m","entropy",1,982,FALSE,FALSE
"GISAID_US","Delta","sliding_2m","entropy",1,1118,FALSE,FALSE
"GISAID_US","Delta","sliding_2m","hellinger_T1",1,5,FALSE,FALSE
"GISAID_US","Delta","sliding_2m","hellinger_T1",2,19,TRUE,TRUE
"GISAID_US","Delta","sliding_2m","hellinger_T1",1,69,FALSE,FALSE
"GISAID_US","Delta","sliding_2m","hellinger_T1",1,70,FALSE,TRUE
"GISAID_US","Delta","sliding_2m","hellinger_T1",1,95,FALSE,TRUE
"GISAID_US","Delta","sliding_2m","hellinger_T1",1,112,FALSE,FALSE
"GISAID_US","Delta","sliding_2m","hellinger_T1",2,142,FALSE,TRUE
"GISAID_US","Delta","sliding_2m","hellinger_T1",1,145,FALSE,FALSE
"GISAID_US","Delta","sliding_2m","hellinger_T1",1,152,FALSE,FALSE
"GISAID_US","Delta","sliding_2m","hellinger_T1",2,156,FALSE,TRUE
"GISAID_US","Delta","sliding_2m","hellinger_T1",2,157,FALSE,TRUE
"GISAID_US","Delta","sliding_2m","hellinger_T1",2,158,FALSE,TRUE
"GISAID_US","Delta","sliding_2m","hellinger_T1",1,222,FALSE,TRUE
"GISAID_US","Delta","sliding_2m","hellinger_T1",2,452,TRUE,TRUE
"GISAID_US","Delta","sliding_2m","hellinger_T1",2,478,TRUE,TRUE
"GISAID_US","Delta","sliding_2m","hellinger_T1",1,484,FALSE,FALSE
"GISAID_US","Delta","sliding_2m","hellinger_T1",1,501,FALSE,FALSE
"GISAID_US","Delta","sliding_2m","hellinger_T1",1,570,FALSE,FALSE
"GISAID_US","Delta","sliding_2m","hellinger_T1",2,681,TRUE,TRUE
"GISAID_US","Delta","sliding_2m","hellinger_T1",1,716,FALSE,FALSE
"GISAID_US","Delta","sliding_2m","hellinger_T1",2,950,TRUE,TRUE
"GISAID_US","Delta","sliding_2m","hellinger_T1",1,982,FALSE,FALSE
"GISAID_US","Delta","sliding_2m","hellinger_T1",1,1118,FALSE,FALSE
"GISAID_US","Delta","sliding_2m","hellinger_Tpred",1,5,FALSE,FALSE
"GISAID_US","Delta","sliding_2m","hellinger_Tpred",2,19,TRUE,TRUE
"GISAID_US","Delta","sliding_2m","hellinger_Tpred",1,69,FALSE,FALSE
"GISAID_US","Delta","sliding_2m","hellinger_Tpred",1,70,FALSE,TRUE
"GISAID_US","Delta","sliding_2m","hellinger_Tpred",1,95,FALSE,TRUE
"GISAID_US","Delta","sliding_2m","hellinger_Tpred",1,112,FALSE,FALSE
"GISAID_US","Delta","sliding_2m","hellinger_Tpred",2,142,FALSE,TRUE
"GISAID_US","Delta","sliding_2m","hellinger_Tpred",1,145,FALSE,FALSE
"GISAID_US","Delta","sliding_2m","hellinger_Tpred",1,152,FALSE,FALSE
"GISAID_US","Delta","sliding_2m","hellinger_Tpred",2,156,FALSE,TRUE
"GISAID_US","Delta","sliding_2m","hellinger_Tpred",2,157,FALSE,TRUE
"GISAID_US","Delta","sliding_2m","hellinger_Tpred",2,158,FALSE,TRUE
"GISAID_US","Delta","sliding_2m","hellinger_Tpred",1,222,FALSE,TRUE
"GISAID_US","Delta","sliding_2m","hellinger_Tpred",2,452,TRUE,TRUE
"GISAID_US","Delta","sliding_2m","hellinger_Tpred",2,478,TRUE,TRUE
"GISAID_US","Delta","sliding_2m","hellinger_Tpred",1,484,FALSE,FALSE
"GISAID_US","Delta","sliding_2m","hellinger_Tpred",1,501,FALSE,FALSE
"GISAID_US","Delta","sliding_2m","hellinger_Tpred",1,570,FALSE,FALSE
"GISAID_US","Delta","sliding_2m","hellinger_Tpred",2,681,TRUE,TRUE
"GISAID_US","Delta","sliding_2m","hellinger_Tpred",1,716,FALSE,FALSE
"GISAID_US","Delta","sliding_2m","hellinger_Tpred",2,950,TRUE,TRUE
"GISAID_US","Delta","sliding_2m","hellinger_Tpred",1,982,FALSE,FALSE
"GISAID_US","Delta","sliding_2m","hellinger_Tpred",1,1118,FALSE,FALSE
"GISAID_US","Gamma","cumulative_1m","entropy",1,5,FALSE,FALSE
"GISAID_US","Gamma","cumulative_1m","entropy",1,13,FALSE,FALSE
"GISAID_US","Gamma","cumulative_1m","entropy",1,18,TRUE,TRUE
"GISAID_US","Gamma","cumulative_1m","entropy",1,19,FALSE,FALSE
"GISAID_US","Gamma","cumulative_1m","entropy",1,20,TRUE,TRUE
"GISAID_US","Gamma","cumulative_1m","entropy",1,26,TRUE,TRUE
"GISAID_US","Gamma","cumulative_1m","entropy",1,69,FALSE,FALSE
"GISAID_US","Gamma","cumulative_1m","entropy",1,70,FALSE,FALSE
"GISAID_US","Gamma","cumulative_1m","entropy",1,80,FALSE,FALSE
"GISAID_US","Gamma","cumulative_1m","entropy",1,95,FALSE,FALSE
"GISAID_US","Gamma","cumulative_1m","entropy",1,112,FALSE,FALSE
"GISAID_US","Gamma","cumulative_1m","entropy",1,138,TRUE,TRUE
"GISAID_US","Gamma","cumulative_1m","entropy",1,142,FALSE,FALSE
"GISAID_US","Gamma","cumulative_1m","entropy",1,145,FALSE,FALSE
"GISAID_US","Gamma","cumulative_1m","entropy",1,152,FALSE,FALSE
"GISAID_US","Gamma","cumulative_1m","entropy",1,156,FALSE,FALSE
"GISAID_US","Gamma","cumulative_1m","entropy",1,157,FALSE,FALSE
"GISAID_US","Gamma","cumulative_1m","entropy",1,158,FALSE,FALSE
"GISAID_US","Gamma","cumulative_1m","entropy",1,190,TRUE,TRUE
"GISAID_US","Gamma","cumulative_1m","entropy",1,222,FALSE,FALSE
"GISAID_US","Gamma","cumulative_1m","entropy",1,253,FALSE,FALSE
"GISAID_US","Gamma","cumulative_1m","entropy",1,289,FALSE,FALSE
"GISAID_US","Gamma","cumulative_1m","entropy",1,417,TRUE,TRUE
"GISAID_US","Gamma","cumulative_1m","entropy",1,452,FALSE,FALSE
"GISAID_US","Gamma","cumulative_1m","entropy",1,477,FALSE,FALSE
"GISAID_US","Gamma","cumulative_1m","entropy",1,478,FALSE,FALSE
"GISAID_US","Gamma","cumulative_1m","entropy",1,484,TRUE,TRUE
"GISAID_US","Gamma","cumulative_1m","entropy",1,501,TRUE,TRUE
"GISAID_US","Gamma","cumulative_1m","entropy",1,570,FALSE,FALSE
"GISAID_US","Gamma","cumulative_1m","entropy",1,655,TRUE,TRUE
"GISAID_US","Gamma","cumulative_1m","entropy",1,677,FALSE,FALSE
"GISAID_US","Gamma","cumulative_1m","entropy",2,681,FALSE,TRUE
"GISAID_US","Gamma","cumulative_1m","entropy",1,701,FALSE,FALSE
"GISAID_US","Gamma","cumulative_1m","entropy",1,716,FALSE,FALSE
"GISAID_US","Gamma","cumulative_1m","entropy",1,732,FALSE,FALSE
"GISAID_US","Gamma","cumulative_1m","entropy",1,859,FALSE,FALSE
"GISAID_US","Gamma","cumulative_1m","entropy",1,950,FALSE,FALSE
"GISAID_US","Gamma","cumulative_1m","entropy",1,982,FALSE,FALSE
"GISAID_US","Gamma","cumulative_1m","entropy",1,1027,TRUE,TRUE
"GISAID_US","Gamma","cumulative_1m","entropy",1,1104,FALSE,FALSE
"GISAID_US","Gamma","cumulative_1m","entropy",1,1118,FALSE,FALSE
"GISAID_US","Gamma","cumulative_1m","entropy",1,1176,FALSE,FALSE
"GISAID_US","Gamma","cumulative_1m","entropy",1,1191,FALSE,FALSE
"GISAID_US","Gamma","cumulative_1m","entropy",1,1264,FALSE,FALSE
"GISAID_US","Gamma","cumulative_1m","hellinger_T1",1,5,FALSE,FALSE
"GISAID_US","Gamma","cumulative_1m","hellinger_T1",1,13,FALSE,FALSE
"GISAID_US","Gamma","cumulative_1m","hellinger_T1",1,18,TRUE,TRUE
"GISAID_US","Gamma","cumulative_1m","hellinger_T1",2,19,FALSE,FALSE
"GISAID_US","Gamma","cumulative_1m","hellinger_T1",1,20,TRUE,TRUE
"GISAID_US","Gamma","cumulative_1m","hellinger_T1",1,26,TRUE,TRUE
"GISAID_US","Gamma","cumulative_1m","hellinger_T1",3,69,FALSE,FALSE
"GISAID_US","Gamma","cumulative_1m","hellinger_T1",3,70,FALSE,FALSE
"GISAID_US","Gamma","cumulative_1m","hellinger_T1",1,80,FALSE,FALSE
"GISAID_US","Gamma","cumulative_1m","hellinger_T1",1,95,FALSE,FALSE
"GISAID_US","Gamma","cumulative_1m","hellinger_T1",1,112,FALSE,FALSE
"GISAID_US","Gamma","cumulative_1m","hellinger_T1",1,138,TRUE,TRUE
"GISAID_US","Gamma","cumulative_1m","hellinger_T1",2,142,FALSE,FALSE
"GISAID_US","Gamma","cumulative_1m","hellinger_T1",3,145,FALSE,FALSE
"GISAID_US","Gamma","cumulative_1m","hellinger_T1",1,152,FALSE,FALSE
"GISAID_US","Gamma","cumulative_1m","hellinger_T1",2,156,FALSE,FALSE
"GISAID_US","Gamma","cumulative_1m","hellinger_T1",2,157,FALSE,FALSE
"GISAID_US","Gamma","cumulative_1m","hellinger_T1",2,158,FALSE,FALSE
"GISAID_US","Gamma","cumulative_1m","hellinger_T1",1,190,TRUE,TRUE
"GISAID_US","Gamma","cumulative_1m","hellinger_T1",1,222,FALSE,FALSE
"GISAID_US","Gamma","cumulative_1m","hellinger_T1",1,253,FALSE,FALSE
"GISAID_US","Gamma","cumulative_1m","hellinger_T1",1,289,FALSE,FALSE
"GISAID_US","Gamma","cumulative_1m","hellinger_T1",1,417,TRUE,TRUE
"GISAID_US","Gamma","cumulative_1m","hellinger_T1",4,452,FALSE,FALSE
"GISAID_US","Gamma","cumulative_1m","hellinger_T1",1,477,FALSE,FALSE
"GISAID_US","Gamma","cumulative_1m","hellinger_T1",2,478,FALSE,FALSE
"GISAID_US","Gamma","cumulative_1m","hellinger_T1",1,484,TRUE,TRUE
"GISAID_US","Gamma","cumulative_1m","hellinger_T1",3,501,TRUE,TRUE
"GISAID_US","Gamma","cumulative_1m","hellinger_T1",3,570,FALSE,FALSE
"GISAID_US","Gamma","cumulative_1m","hellinger_T1",1,655,TRUE,TRUE
"GISAID_US","Gamma","cumulative_1m","hellinger_T1",1,677,FALSE,FALSE
"GISAID_US","Gamma","cumulative_1m","hellinger_T1",4,681,FALSE,TRUE
"GISAID_US","Gamma","cumulative_1m","hellinger_T1",1,701,FALSE,FALSE
"GISAID_US","Gamma","cumulative_1m","hellinger_T1",3,716,FALSE,FALSE
"GISAID_US","Gamma","cumulative_1m","hellinger_T1",1,732,FALSE,FALSE
"GISAID_US","Gamma","cumulative_1m","hellinger_T1",1,859,FALSE,FALSE
"GISAID_US","Gamma","cumulative_1m","hellinger_T1",2,950,FALSE,FALSE
"GISAID_US","Gamma","cumulative_1m","hellinger_T1",3,982,FALSE,FALSE
"GISAID_US","Gamma","cumulative_1m","hellinger_T1",1,1027,TRUE,TRUE
"GISAID_US","Gamma","cumulative_1m","hellinger_T1",1,1104,FALSE,FALSE
"GISAID_US","Gamma","cumulative_1m","hellinger_T1",3,1118,FALSE,FALSE
"GISAID_US","Gamma","cumulative_1m","hellinger_T1",1,1176,FALSE,FALSE
"GISAID_US","Gamma","cumulative_1m","hellinger_T1",1,1191,FALSE,FALSE
"GISAID_US","Gamma","cumulative_1m","hellinger_T1",1,1264,FALSE,FALSE
"GISAID_US","Gamma","cumulative_1m","hellinger_Tpred",1,5,FALSE,FALSE
"GISAID_US","Gamma","cumulative_1m","hellinger_Tpred",1,13,FALSE,FALSE
"GISAID_US","Gamma","cumulative_1m","hellinger_Tpred",1,18,TRUE,TRUE
"GISAID_US","Gamma","cumulative_1m","hellinger_Tpred",2,19,FALSE,FALSE
"GISAID_US","Gamma","cumulative_1m","hellinger_Tpred",1,20,TRUE,TRUE
"GISAID_US","Gamma","cumulative_1m","hellinger_Tpred",1,26,TRUE,TRUE
"GISAID_US","Gamma","cumulative_1m","hellinger_Tpred",3,69,FALSE,FALSE
"GISAID_US","Gamma","cumulative_1m","hellinger_Tpred",3,70,FALSE,FALSE
"GISAID_US","Gamma","cumulative_1m","hellinger_Tpred",1,80,FALSE,FALSE
"GISAID_US","Gamma","cumulative_1m","hellinger_Tpred",3,95,FALSE,FALSE
"GISAID_US","Gamma","cumulative_1m","hellinger_Tpred",1,112,FALSE,FALSE
"GISAID_US","Gamma","cumulative_1m","hellinger_Tpred",1,138,TRUE,TRUE
"GISAID_US","Gamma","cumulative_1m","hellinger_Tpred",2,142,FALSE,FALSE
"GISAID_US","Gamma","cumulative_1m","hellinger_Tpred",3,145,FALSE,FALSE
"GISAID_US","Gamma","cumulative_1m","hellinger_Tpred",1,152,FALSE,FALSE
"GISAID_US","Gamma","cumulative_1m","hellinger_Tpred",2,156,FALSE,FALSE
"GISAID_US","Gamma","cumulative_1m","hellinger_Tpred",2,157,FALSE,FALSE
"GISAID_US","Gamma","cumulative_1m","hellinger_Tpred",2,158,FALSE,FALSE
"GISAID_US","Gamma","cumulative_1m","hellinger_Tpred",1,190,TRUE,TRUE
"GISAID_US","Gamma","cumulative_1m","hellinger_Tpred",1,222,FALSE,FALSE
"GISAID_US","Gamma","cumulative_1m","hellinger_Tpred",1,253,FALSE,FALSE
"GISAID_US","Gamma","cumulative_1m","hellinger_Tpred",1,289,FALSE,FALSE
"GISAID_US","Gamma","cumulative_1m","hellinger_Tpred",1,417,TRUE,TRUE
"GISAID_US","Gamma","cumulative_1m","hellinger_Tpred",4,452,FALSE,FALSE
"GISAID_US","Gamma","cumulative_1m","hellinger_Tpred",1,477,FALSE,FALSE
"GISAID_US","Gamma","cumulative_1m","hellinger_Tpred",2,478,FALSE,FALSE
"GISAID_US","Gamma","cumulative_1m","hellinger_Tpred",3,484,TRUE,TRUE
"GISAID_US","Gamma","cumulative_1m","hellinger_Tpred",3,501,TRUE,TRUE
"GISAID_US","Gamma","cumulative_1m","hellinger_Tpred",3,570,FALSE,FALSE
"GISAID_US","Gamma","cumulative_1m","hellinger_Tpred",1,655,TRUE,TRUE
"GISAID_US","Gamma","cumulative_1m","hellinger_Tpred",1,677,FALSE,FALSE
"GISAID_US","Gamma","cumulative_1m","hellinger_Tpred",4,681,FALSE,TRUE
"GISAID_US","Gamma","cumulative_1m","hellinger_Tpred",1,701,FALSE,FALSE
"GISAID_US","Gamma","cumulative_1m","hellinger_Tpred",3,716,FALSE,FALSE
"GISAID_US","Gamma","cumulative_1m","hellinger_Tpred",1,732,FALSE,FALSE
"GISAID_US","Gamma","cumulative_1m","hellinger_Tpred",1,859,FALSE,FALSE
"GISAID_US","Gamma","cumulative_1m","hellinger_Tpred",2,950,FALSE,FALSE
"GISAID_US","Gamma","cumulative_1m","hellinger_Tpred",3,982,FALSE,FALSE
"GISAID_US","Gamma","cumulative_1m","hellinger_Tpred",1,1027,TRUE,TRUE
"GISAID_US","Gamma","cumulative_1m","hellinger_Tpred",1,1104,FALSE,FALSE
"GISAID_US","Gamma","cumulative_1m","hellinger_Tpred",3,1118,FALSE,FALSE
"GISAID_US","Gamma","cumulative_1m","hellinger_Tpred",1,1176,FALSE,FALSE
"GISAID_US","Gamma","cumulative_1m","hellinger_Tpred",1,1191,FALSE,FALSE
"GISAID_US","Gamma","cumulative_1m","hellinger_Tpred",1,1264,FALSE,FALSE
"GISAID_US","Gamma","disjoint_2m","entropy",1,5,FALSE,FALSE
"GISAID_US","Gamma","disjoint_2m","entropy",1,13,FALSE,FALSE
"GISAID_US","Gamma","disjoint_2m","entropy",2,18,TRUE,TRUE
"GISAID_US","Gamma","disjoint_2m","entropy",2,19,FALSE,FALSE
"GISAID_US","Gamma","disjoint_2m","entropy",2,20,TRUE,TRUE
"GISAID_US","Gamma","disjoint_2m","entropy",2,26,TRUE,TRUE
"GISAID_US","Gamma","disjoint_2m","entropy",3,69,FALSE,FALSE
"GISAID_US","Gamma","disjoint_2m","entropy",3,70,FALSE,FALSE
"GISAID_US","Gamma","disjoint_2m","entropy",2,80,FALSE,FALSE
"GISAID_US","Gamma","disjoint_2m","entropy",4,95,FALSE,FALSE
"GISAID_US","Gamma","disjoint_2m","entropy",5,112,FALSE,FALSE
"GISAID_US","Gamma","disjoint_2m","entropy",2,138,TRUE,TRUE
"GISAID_US","Gamma","disjoint_2m","entropy",4,142,FALSE,FALSE
"GISAID_US","Gamma","disjoint_2m","entropy",3,145,FALSE,FALSE
"GISAID_US","Gamma","disjoint_2m","entropy",1,152,FALSE,FALSE
"GISAID_US","Gamma","disjoint_2m","entropy",2,156,FALSE,FALSE
"GISAID_US","Gamma","disjoint_2m","entropy",2,157,FALSE,FALSE
"GISAID_US","Gamma","disjoint_2m","entropy",2,158,FALSE,FALSE
"GISAID_US","Gamma","disjoint_2m","entropy",2,190,TRUE,TRUE
"GISAID_US","Gamma","disjoint_2m","entropy",4,222,FALSE,FALSE
"GISAID_US","Gamma","disjoint_2m","entropy",1,253,FALSE,FALSE
"GISAID_US","Gamma","disjoint_2m","entropy",5,289,FALSE,FALSE
"GISAID_US","Gamma","disjoint_2m","entropy",2,417,TRUE,TRUE
"GISAID_US","Gamma","disjoint_2m","entropy",3,452,FALSE,FALSE
"GISAID_US","Gamma","disjoint_2m","entropy",2,477,FALSE,FALSE
"GISAID_US","Gamma","disjoint_2m","entropy",2,478,FALSE,FALSE
"GISAID_US","Gamma","disjoint_2m","entropy",3,484,TRUE,TRUE
"GISAID_US","Gamma","disjoint_2m","entropy",3,501,TRUE,TRUE
"GISAID_US","Gamma","disjoint_2m","entropy",3,570,FALSE,FALSE
"GISAID_US","Gamma","disjoint_2m","entropy",2,655,TRUE,TRUE
"GISAID_US","Gamma","disjoint_2m","entropy",1,677,FALSE,FALSE
"GISAID_US","Gamma","disjoint_2m","entropy",3,681,FALSE,TRUE
"GISAID_US","Gamma","disjoint_2m","entropy",2,701,FALSE,FALSE
"GISAID_US","Gamma","disjoint_2m","entropy",3,716,FALSE,FALSE
"GISAID_US","Gamma","disjoint_2m","entropy",1,732,FALSE,FALSE
"GISAID_US","Gamma","disjoint_2m","entropy",2,859,FALSE,FALSE
"GISAID_US","Gamma","disjoint_2m","entropy",2,950,FALSE,FALSE
"GISAID_US","Gamma","disjoint_2m","entropy",3,982,FALSE,FALSE
"GISAID_US","Gamma","disjoint_2m","entropy",2,1027,TRUE,TRUE
"GISAID_US","Gamma","disjoint_2m","entropy",5,1104,FALSE,FALSE
"GISAID_US","Gamma","disjoint_2m","entropy",3,1118,FALSE,FALSE
"GISAID_US","Gamma","disjoint_2m","entropy",2,1176,FALSE,FALSE
"GISAID_US","Gamma","disjoint_2m","entropy",2,1191,FALSE,FALSE
"GISAID_US","Gamma","disjoint_2m","entropy",5,1264,FALSE,FALSE
"GISAID_US","Gamma","disjoint_2m","hellinger_T1",1,5,FALSE,FALSE
"GISAID_US","Gamma","disjoint_2m","hellinger_T1",1,13,FALSE,FALSE
"GISAID_US","Gamma","disjoint_2m","hellinger_T1",1,18,TRUE,TRUE
"GISAID_US","Gamma","disjoint_2m","hellinger_T1",2,19,FALSE,FALSE
"GISAID_US","Gamma","disjoint_2m","hellinger_T1",1,20,TRUE,TRUE
"GISAID_US","Gamma","disjoint_2m","hellinger_T1",1,26,TRUE,TRUE
"GISAID_US","Gamma","disjoint_2m","hellinger_T1",1,69,FALSE,FALSE
"GISAID_US","Gamma","disjoint_2m","hellinger_T1",1,70,FALSE,FALSE
"GISAID_US","Gamma","disjoint_2m","hellinger_T1",1,80,FALSE,FALSE
"GISAID_US","Gamma","disjoint_2m","hellinger_T1",1,95,FALSE,FALSE
"GISAID_US","Gamma","disjoint_2m","hellinger_T1",1,112,FALSE,FALSE
"GISAID_US","Gamma","disjoint_2m","hellinger_T1",1,138,TRUE,TRUE
"GISAID_US","Gamma","disjoint_2m","hellinger_T1",2,142,FALSE,FALSE
"GISAID_US","Gamma","disjoint_2m","hellinger_T1",1,145,FALSE,FALSE
"GISAID_US","Gamma","disjoint_2m","hellinger_T1",1,152,FALSE,FALSE
"GISAID_US","Gamma","disjoint_2m","hellinger_T1",2,156,FALSE,FALSE
"GISAID_US","Gamma","disjoint_2m","hellinger_T1",2,157,FALSE,FALSE
"GISAID_US","Gamma","disjoint_2m","hellinger_T1",2,158,FALSE,FALSE
"GISAID_US","Gamma","disjoint_2m","hellinger_T1",1,190,TRUE,TRUE
"GISAID_US","Gamma","disjoint_2m","hellinger_T1",1,222,FALSE,FALSE
"GISAID_US","Gamma","disjoint_2m","hellinger_T1",1,253,FALSE,FALSE
"GISAID_US","Gamma","disjoint_2m","hellinger_T1",1,289,FALSE,FALSE
"GISAID_US","Gamma","disjoint_2m","hellinger_T1",1,417,TRUE,TRUE
"GISAID_US","Gamma","disjoint_2m","hellinger_T1",2,452,FALSE,FALSE
"GISAID_US","Gamma","disjoint_2m","hellinger_T1",1,477,FALSE,FALSE
"GISAID_US","Gamma","disjoint_2m","hellinger_T1",2,478,FALSE,FALSE
"GISAID_US","Gamma","disjoint_2m","hellinger_T1",1,484,TRUE,TRUE
"GISAID_US","Gamma","disjoint_2m","hellinger_T1",1,501,TRUE,TRUE
"GISAID_US","Gamma","disjoint_2m","hellinger_T1",1,570,FALSE,FALSE
"GISAID_US","Gamma","disjoint_2m","hellinger_T1",1,655,TRUE,TRUE
"GISAID_US","Gamma","disjoint_2m","hellinger_T1",1,677,FALSE,FALSE
"GISAID_US","Gamma","disjoint_2m","hellinger_T1",2,681,FALSE,TRUE
"GISAID_US","Gamma","disjoint_2m","hellinger_T1",1,701,FALSE,FALSE
"GISAID_US","Gamma","disjoint_2m","hellinger_T1",1,716,FALSE,FALSE
"GISAID_US","Gamma","disjoint_2m","hellinger_T1",1,732,FALSE,FALSE
"GISAID_US","Gamma","disjoint_2m","hellinger_T1",1,859,FALSE,FALSE
"GISAID_US","Gamma","disjoint_2m","hellinger_T1",2,950,FALSE,FALSE
"GISAID_US","Gamma","disjoint_2m","hellinger_T1",1,982,FALSE,FALSE
"GISAID_US","Gamma","disjoint_2m","hellinger_T1",1,1027,TRUE,TRUE
"GISAID_US","Gamma","disjoint_2m","hellinger_T1",1,1104,FALSE,FALSE
"GISAID_US","Gamma","disjoint_2m","hellinger_T1",1,1118,FALSE,FALSE
"GISAID_US","Gamma","disjoint_2m","hellinger_T1",1,1176,FALSE,FALSE
"GISAID_US","Gamma","disjoint_2m","hellinger_T1",1,1191,FALSE,FALSE
"GISAID_US","Gamma","disjoint_2m","hellinger_T1",1,1264,FALSE,FALSE
"GISAID_US","Gamma","disjoint_2m","hellinger_Tpred",1,5,FALSE,FALSE
"GISAID_US","Gamma","disjoint_2m","hellinger_Tpred",1,13,FALSE,FALSE
"GISAID_US","Gamma","disjoint_2m","hellinger_Tpred",1,18,TRUE,TRUE
"GISAID_US","Gamma","disjoint_2m","hellinger_Tpred",2,19,FALSE,FALSE
"GISAID_US","Gamma","disjoint_2m","hellinger_Tpred",1,20,TRUE,TRUE
"GISAID_US","Gamma","disjoint_2m","hellinger_Tpred",1,26,TRUE,TRUE
"GISAID_US","Gamma","disjoint_2m","hellinger_Tpred",1,69,FALSE,FALSE
"GISAID_US","Gamma","disjoint_2m","hellinger_Tpred",1,70,FALSE,FALSE
"GISAID_US","Gamma","disjoint_2m","hellinger_Tpred",1,80,FALSE,FALSE
"GISAID_US","Gamma","disjoint_2m","hellinger_Tpred",1,95,FALSE,FALSE
"GISAID_US","Gamma","disjoint_2m","hellinger_Tpred",1,112,FALSE,FALSE
"GISAID_US","Gamma","disjoint_2m","hellinger_Tpred",1,138,TRUE,TRUE
"GISAID_US","Gamma","disjoint_2m","hellinger_Tpred",2,142,FALSE,FALSE
"GISAID_US","Gamma","disjoint_2m","hellinger_Tpred",1,145,FALSE,FALSE
"GISAID_US","Gamma","disjoint_2m","hellinger_Tpred",1,152,FALSE,FALSE
"GISAID_US","Gamma","disjoint_2m","hellinger_Tpred",2,156,FALSE,FALSE
"GISAID_US","Gamma","disjoint_2m","hellinger_Tpred",2,157,FALSE,FALSE
"GISAID_US","Gamma","disjoint_2m","hellinger_Tpred",2,158,FALSE,FALSE
"GISAID_US","Gamma","disjoint_2m","hellinger_Tpred",1,190,TRUE,TRUE
"GISAID_US","Gamma","disjoint_2m","hellinger_Tpred",1,222,FALSE,FALSE
"GISAID_US","Gamma","disjoint_2m","hellinger_Tpred",1,253,FALSE,FALSE
"GISAID_US","Gamma","disjoint_2m","hellinger_Tpred",1,289,FALSE,FALSE
"GISAID_US","Gamma","disjoint_2m","hellinger_Tpred",1,417,TRUE,TRUE
"GISAID_US","Gamma","disjoint_2m","hellinger_Tpred",2,452,FALSE,FALSE
"GISAID_US","Gamma","disjoint_2m","hellinger_Tpred",1,477,FALSE,FALSE
"GISAID_US","Gamma","disjoint_2m","hellinger_Tpred",2,478,FALSE,FALSE
"GISAID_US","Gamma","disjoint_2m","hellinger_Tpred",1,484,TRUE,TRUE
"GISAID_US","Gamma","disjoint_2m","hellinger_Tpred",1,501,TRUE,TRUE
"GISAID_US","Gamma","disjoint_2m","hellinger_Tpred",1,570,FALSE,FALSE
"GISAID_US","Gamma","disjoint_2m","hellinger_Tpred",1,655,TRUE,TRUE
"GISAID_US","Gamma","disjoint_2m","hellinger_Tpred",1,677,FALSE,FALSE
"GISAID_US","Gamma","disjoint_2m","hellinger_Tpred",2,681,FALSE,TRUE
"GISAID_US","Gamma","disjoint_2m","hellinger_Tpred",1,701,FALSE,FALSE
"GISAID_US","Gamma","disjoint_2m","hellinger_Tpred",1,716,FALSE,FALSE
"GISAID_US","Gamma","disjoint_2m","hellinger_Tpred",1,732,FALSE,FALSE
"GISAID_US","Gamma","disjoint_2m","hellinger_Tpred",1,859,FALSE,FALSE
"GISAID_US","Gamma","disjoint_2m","hellinger_Tpred",2,950,FALSE,FALSE
"GISAID_US","Gamma","disjoint_2m","hellinger_Tpred",1,982,FALSE,FALSE
"GISAID_US","Gamma","disjoint_2m","hellinger_Tpred",1,1027,TRUE,TRUE
"GISAID_US","Gamma","disjoint_2m","hellinger_Tpred",1,1104,FALSE,FALSE
"GISAID_US","Gamma","disjoint_2m","hellinger_Tpred",1,1118,FALSE,FALSE
"GISAID_US","Gamma","disjoint_2m","hellinger_Tpred",1,1176,FALSE,FALSE
"GISAID_US","Gamma","disjoint_2m","hellinger_Tpred",1,1191,FALSE,FALSE
"GISAID_US","Gamma","disjoint_2m","hellinger_Tpred",1,1264,FALSE,FALSE
"GISAID_US","Gamma","sliding_2m","entropy",1,5,FALSE,FALSE
"GISAID_US","Gamma","sliding_2m","entropy",1,13,FALSE,FALSE
"GISAID_US","Gamma","sliding_2m","entropy",2,18,TRUE,TRUE
"GISAID_US","Gamma","sliding_2m","entropy",3,19,FALSE,FALSE
"GISAID_US","Gamma","sliding_2m","entropy",2,20,TRUE,TRUE
"GISAID_US","Gamma","sliding_2m","entropy",2,26,TRUE,TRUE
"GISAID_US","Gamma","sliding_2m","entropy",4,69,FALSE,FALSE
"GISAID_US","Gamma","sliding_2m","entropy",4,70,FALSE,FALSE
"GISAID_US","Gamma","sliding_2m","entropy",2,80,FALSE,FALSE
"GISAID_US","Gamma","sliding_2m","entropy",3,95,FALSE,FALSE
"GISAID_US","Gamma","sliding_2m","entropy",2,112,FALSE,FALSE
"GISAID_US","Gamma","sliding_2m","entropy",2,138,TRUE,TRUE
"GISAID_US","Gamma","sliding_2m","entropy",3,142,FALSE,FALSE
"GISAID_US","Gamma","sliding_2m","entropy",4,145,FALSE,FALSE
"GISAID_US","Gamma","sliding_2m","entropy",1,152,FALSE,FALSE
"GISAID_US","Gamma","sliding_2m","entropy",3,156,FALSE,FALSE
"GISAID_US","Gamma","sliding_2m","entropy",3,157,FALSE,FALSE
"GISAID_US","Gamma","sliding_2m","entropy",3,158,FALSE,FALSE
"GISAID_US","Gamma","sliding_2m","entropy",2,190,TRUE,TRUE
"GISAID_US","Gamma","sliding_2m","entropy",3,222,FALSE,FALSE
"GISAID_US","Gamma","sliding_2m","entropy",1,253,FALSE,FALSE
"GISAID_US","Gamma","sliding_2m","entropy",2,289,FALSE,FALSE
"GISAID_US","Gamma","sliding_2m","entropy",2,417,TRUE,TRUE
"GISAID_US","Gamma","sliding_2m","entropy",4,452,FALSE,FALSE
"GISAID_US","Gamma","sliding_2m","entropy",2,477,FALSE,FALSE
"GISAID_US","Gamma","sliding_2m","entropy",3,478,FALSE,FALSE
"GISAID_US","Gamma","sliding_2m","entropy",4,484,TRUE,TRUE
"GISAID_US","Gamma","sliding_2m","entropy",4,501,TRUE,TRUE
"GISAID_US","Gamma","sliding_2m","entropy",4,570,FALSE,FALSE
"GISAID_US","Gamma","sliding_2m","entropy",2,655,TRUE,TRUE
"GISAID_US","Gamma","sliding_2m","entropy",1,677,FALSE,FALSE
"GISAID_US","Gamma","sliding_2m","entropy",4,681,FALSE,TRUE
"GISAID_US","Gamma","sliding_2m","entropy",2,701,FALSE,FALSE
"GISAID_US","Gamma","sliding_2m","entropy",4,716,FALSE,FALSE
"GISAID_US","Gamma","sliding_2m","entropy",1,732,FALSE,FALSE
"GISAID_US","Gamma","sliding_2m","entropy",2,859,FALSE,FALSE
"GISAID_US","Gamma","sliding_2m","entropy",3,950,FALSE,FALSE
"GISAID_US","Gamma","sliding_2m","entropy",4,982,FALSE,FALSE
"GISAID_US","Gamma","sliding_2m","entropy",2,1027,TRUE,TRUE
"GISAID_US","Gamma","sliding_2m","entropy",2,1104,FALSE,FALSE
"GISAID_US","Gamma","sliding_2m","entropy",4,1118,FALSE,FALSE
"GISAID_US","Gamma","sliding_2m","entropy",2,1176,FALSE,FALSE
"GISAID_US","Gamma","sliding_2m","entropy",2,1191,FALSE,FALSE
"GISAID_US","Gamma","sliding_2m","entropy",2,1264,FALSE,FALSE
"GISAID_US","Gamma","sliding_2m","hellinger_T1",1,5,FALSE,FALSE
"GISAID_US","Gamma","sliding_2m","hellinger_T1",1,13,FALSE,FALSE
"GISAID_US","Gamma","sliding_2m","hellinger_T1",1,18,TRUE,TRUE
"GISAID_US","Gamma","sliding_2m","hellinger_T1",2,19,FALSE,FALSE
"GISAID_US","Gamma","sliding_2m","hellinger_T1",1,20,TRUE,TRUE
"GISAID_US","Gamma","sliding_2m","hellinger_T1",1,26,TRUE,TRUE
"GISAID_US","Gamma","sliding_2m","hellinger_T1",1,69,FALSE,FALSE
"GISAID_US","Gamma","sliding_2m","hellinger_T1",1,70,FALSE,FALSE
"GISAID_US","Gamma","sliding_2m","hellinger_T1",1,80,FALSE,FALSE
"GISAID_US","Gamma","sliding_2m","hellinger_T1",1,95,FALSE,FALSE
"GISAID_US","Gamma","sliding_2m","hellinger_T1",1,112,FALSE,FALSE
"GISAID_US","Gamma","sliding_2m","hellinger_T1",1,138,TRUE,TRUE
"GISAID_US","Gamma","sliding_2m","hellinger_T1",2,142,FALSE,FALSE
"GISAID_US","Gamma","sliding_2m","hellinger_T1",1,145,FALSE,FALSE
"GISAID_US","Gamma","sliding_2m","hellinger_T1",1,152,FALSE,FALSE
"GISAID_US","Gamma","sliding_2m","hellinger_T1",2,156,FALSE,FALSE
"GISAID_US","Gamma","sliding_2m","hellinger_T1",2,157,FALSE,FALSE
"GISAID_US","Gamma","sliding_2m","hellinger_T1",2,158,FALSE,FALSE
"GISAID_US","Gamma","sliding_2m","hellinger_T1",1,190,TRUE,TRUE
"GISAID_US","Gamma","sliding_2m","hellinger_T1",1,222,FALSE,FALSE
"GISAID_US","Gamma","sliding_2m","hellinger_T1",1,253,FALSE,FALSE
"GISAID_US","Gamma","sliding_2m","hellinger_T1",1,289,FALSE,FALSE
"GISAID_US","Gamma","sliding_2m","hellinger_T1",1,417,TRUE,TRUE
"GISAID_US","Gamma","sliding_2m","hellinger_T1",2,452,FALSE,FALSE
"GISAID_US","Gamma","sliding_2m","hellinger_T1",1,477,FALSE,FALSE
"GISAID_US","Gamma","sliding_2m","hellinger_T1",2,478,FALSE,FALSE
"GISAID_US","Gamma","sliding_2m","hellinger_T1",1,484,TRUE,TRUE
"GISAID_US","Gamma","sliding_2m","hellinger_T1",1,501,TRUE,TRUE
"GISAID_US","Gamma","sliding_2m","hellinger_T1",1,570,FALSE,FALSE
"GISAID_US","Gamma","sliding_2m","hellinger_T1",1,655,TRUE,TRUE
"GISAID_US","Gamma","sliding_2m","hellinger_T1",1,677,FALSE,FALSE
"GISAID_US","Gamma","sliding_2m","hellinger_T1",2,681,FALSE,TRUE
"GISAID_US","Gamma","sliding_2m","hellinger_T1",1,701,FALSE,FALSE
"GISAID_US","Gamma","sliding_2m","hellinger_T1",1,716,FALSE,FALSE
"GISAID_US","Gamma","sliding_2m","hellinger_T1",1,732,FALSE,FALSE
"GISAID_US","Gamma","sliding_2m","hellinger_T1",1,859,FALSE,FALSE
"GISAID_US","Gamma","sliding_2m","hellinger_T1",2,950,FALSE,FALSE
"GISAID_US","Gamma","sliding_2m","hellinger_T1",1,982,FALSE,FALSE
"GISAID_US","Gamma","sliding_2m","hellinger_T1",1,1027,TRUE,TRUE
"GISAID_US","Gamma","sliding_2m","hellinger_T1",1,1104,FALSE,FALSE
"GISAID_US","Gamma","sliding_2m","hellinger_T1",1,1118,FALSE,FALSE
"GISAID_US","Gamma","sliding_2m","hellinger_T1",1,1176,FALSE,FALSE
"GISAID_US","Gamma","sliding_2m","hellinger_T1",1,1191,FALSE,FALSE
"GISAID_US","Gamma","sliding_2m","hellinger_T1",1,1264,FALSE,FALSE
"GISAID_US","Gamma","sliding_2m","hellinger_Tpred",1,5,FALSE,FALSE
"GISAID_US","Gamma","sliding_2m","hellinger_Tpred",1,13,FALSE,FALSE
"GISAID_US","Gamma","sliding_2m","hellinger_Tpred",1,18,TRUE,TRUE
"GISAID_US","Gamma","sliding_2m","hellinger_Tpred",2,19,FALSE,FALSE
"GISAID_US","Gamma","sliding_2m","hellinger_Tpred",1,20,TRUE,TRUE
"GISAID_US","Gamma","sliding_2m","hellinger_Tpred",1,26,TRUE,TRUE
"GISAID_US","Gamma","sliding_2m","hellinger_Tpred",1,69,FALSE,FALSE
"GISAID_US","Gamma","sliding_2m","hellinger_Tpred",1,70,FALSE,FALSE
"GISAID_US","Gamma","sliding_2m","hellinger_Tpred",1,80,FALSE,FALSE
"GISAID_US","Gamma","sliding_2m","hellinger_Tpred",1,95,FALSE,FALSE
"GISAID_US","Gamma","sliding_2m","hellinger_Tpred",1,112,FALSE,FALSE
"GISAID_US","Gamma","sliding_2m","hellinger_Tpred",1,138,TRUE,TRUE
"GISAID_US","Gamma","sliding_2m","hellinger_Tpred",2,142,FALSE,FALSE
"GISAID_US","Gamma","sliding_2m","hellinger_Tpred",1,145,FALSE,FALSE
"GISAID_US","Gamma","sliding_2m","hellinger_Tpred",1,152,FALSE,FALSE
"GISAID_US","Gamma","sliding_2m","hellinger_Tpred",2,156,FALSE,FALSE
"GISAID_US","Gamma","sliding_2m","hellinger_Tpred",2,157,FALSE,FALSE
"GISAID_US","Gamma","sliding_2m","hellinger_Tpred",2,158,FALSE,FALSE
"GISAID_US","Gamma","sliding_2m","hellinger_Tpred",1,190,TRUE,TRUE
"GISAID_US","Gamma","sliding_2m","hellinger_Tpred",1,222,FALSE,FALSE
"GISAID_US","Gamma","sliding_2m","hellinger_Tpred",1,253,FALSE,FALSE
"GISAID_US","Gamma","sliding_2m","hellinger_Tpred",1,289,FALSE,FALSE
"GISAID_US","Gamma","sliding_2m","hellinger_Tpred",1,417,TRUE,TRUE
"GISAID_US","Gamma","sliding_2m","hellinger_Tpred",2,452,FALSE,FALSE
"GISAID_US","Gamma","sliding_2m","hellinger_Tpred",1,477,FALSE,FALSE
"GISAID_US","Gamma","sliding_2m","hellinger_Tpred",2,478,FALSE,FALSE
"GISAID_US","Gamma","sliding_2m","hellinger_Tpred",1,484,TRUE,TRUE
"GISAID_US","Gamma","sliding_2m","hellinger_Tpred",1,501,TRUE,TRUE
"GISAID_US","Gamma","sliding_2m","hellinger_Tpred",1,570,FALSE,FALSE
"GISAID_US","Gamma","sliding_2m","hellinger_Tpred",1,655,TRUE,TRUE
"GISAID_US","Gamma","sliding_2m","hellinger_Tpred",1,677,FALSE,FALSE
"GISAID_US","Gamma","sliding_2m","hellinger_Tpred",2,681,FALSE,TRUE
"GISAID_US","Gamma","sliding_2m","hellinger_Tpred",1,701,FALSE,FALSE
"GISAID_US","Gamma","sliding_2m","hellinger_Tpred",1,716,FALSE,FALSE
"GISAID_US","Gamma","sliding_2m","hellinger_Tpred",1,732,FALSE,FALSE
"GISAID_US","Gamma","sliding_2m","hellinger_Tpred",1,859,FALSE,FALSE
"GISAID_US","Gamma","sliding_2m","hellinger_Tpred",2,950,FALSE,FALSE
"GISAID_US","Gamma","sliding_2m","hellinger_Tpred",1,982,FALSE,FALSE
"GISAID_US","Gamma","sliding_2m","hellinger_Tpred",1,1027,TRUE,TRUE
"GISAID_US","Gamma","sliding_2m","hellinger_Tpred",1,1104,FALSE,FALSE
"GISAID_US","Gamma","sliding_2m","hellinger_Tpred",1,1118,FALSE,FALSE
"GISAID_US","Gamma","sliding_2m","hellinger_Tpred",1,1176,FALSE,FALSE
"GISAID_US","Gamma","sliding_2m","hellinger_Tpred",1,1191,FALSE,FALSE
"GISAID_US","Gamma","sliding_2m","hellinger_Tpred",1,1264,FALSE,FALSE
"GISAID_US","Kappa","cumulative_1m","entropy",1,5,FALSE,FALSE
"GISAID_US","Kappa","cumulative_1m","entropy",1,13,FALSE,FALSE
"GISAID_US","Kappa","cumulative_1m","entropy",1,18,FALSE,FALSE
"GISAID_US","Kappa","cumulative_1m","entropy",2,19,FALSE,FALSE
"GISAID_US","Kappa","cumulative_1m","entropy",3,20,FALSE,FALSE
"GISAID_US","Kappa","cumulative_1m","entropy",1,26,FALSE,FALSE
"GISAID_US","Kappa","cumulative_1m","entropy",4,69,FALSE,FALSE
"GISAID_US","Kappa","cumulative_1m","entropy",4,70,FALSE,FALSE
"GISAID_US","Kappa","cumulative_1m","entropy",3,80,FALSE,FALSE
"GISAID_US","Kappa","cumulative_1m","entropy",4,95,FALSE,TRUE
"GISAID_US","Kappa","cumulative_1m","entropy",3,112,FALSE,FALSE
"GISAID_US","Kappa","cumulative_1m","entropy",1,138,FALSE,FALSE
"GISAID_US","Kappa","cumulative_1m","entropy",2,142,FALSE,TRUE
"GISAID_US","Kappa","cumulative_1m","entropy",4,145,FALSE,FALSE
"GISAID_US","Kappa","cumulative_1m","entropy",1,152,FALSE,FALSE
"GISAID_US","Kappa","cumulative_1m","entropy",2,156,FALSE,FALSE
"GISAID_US","Kappa","cumulative_1m","entropy",2,157,FALSE,FALSE
"GISAID_US","Kappa","cumulative_1m","entropy",2,158,FALSE,FALSE
"GISAID_US","Kappa","cumulative_1m","entropy",3,190,FALSE,FALSE
"GISAID_US","Kappa","cumulative_1m","entropy",3,215,FALSE,FALSE
"GISAID_US","Kappa","cumulative_1m","entropy",3,222,FALSE,FALSE
"GISAID_US","Kappa","cumulative_1m","entropy",1,253,FALSE,FALSE
"GISAID_US","Kappa","cumulative_1m","entropy",3,289,FALSE,FALSE
"GISAID_US","Kappa","cumulative_1m","entropy",3,417,FALSE,FALSE
"GISAID_US","Kappa","cumulative_1m","entropy",5,452,TRUE,TRUE
"GISAID_US","Kappa","cumulative_1m","entropy",3,477,FALSE,FALSE
"GISAID_US","Kappa","cumulative_1m","entropy",2,478,FALSE,FALSE
"GISAID_US","Kappa","cumulative_1m","entropy",4,484,TRUE,TRUE
"GISAID_US","Kappa","cumulative_1m","entropy",4,501,FALSE,FALSE
"GISAID_US","Kappa","cumulative_1m","entropy",4,570,FALSE,FALSE
"GISAID_US","Kappa","cumulative_1m","entropy",3,655,FALSE,FALSE
"GISAID_US","Kappa","cumulative_1m","entropy",1,677,FALSE,FALSE
"GISAID_US","Kappa","cumulative_1m","entropy",5,681,TRUE,TRUE
"GISAID_US","Kappa","cumulative_1m","entropy",3,701,FALSE,FALSE
"GISAID_US","Kappa","cumulative_1m","entropy",4,716,FALSE,FALSE
"GISAID_US","Kappa","cumulative_1m","entropy",1,732,FALSE,FALSE
"GISAID_US","Kappa","cumulative_1m","entropy",3,859,FALSE,FALSE
"GISAID_US","Kappa","cumulative_1m","entropy",2,950,FALSE,FALSE
"GISAID_US","Kappa","cumulative_1m","entropy",4,982,FALSE,FALSE
"GISAID_US","Kappa","cumulative_1m","entropy",3,1027,FALSE,FALSE
"GISAID_US","Kappa","cumulative_1m","entropy",3,1104,FALSE,FALSE
"GISAID_US","Kappa","cumulative_1m","entropy",4,1118,FALSE,FALSE
"GISAID_US","Kappa","cumulative_1m","entropy",3,1176,FALSE,FALSE
"GISAID_US","Kappa","cumulative_1m","entropy",3,1191,FALSE,FALSE
"GISAID_US","Kappa","cumulative_1m","entropy",3,1264,FALSE,FALSE
"GISAID_US","Kappa","cumulative_1m","hellinger_T1",1,5,FALSE,FALSE
"GISAID_US","Kappa","cumulative_1m","hellinger_T1",1,13,FALSE,FALSE
"GISAID_US","Kappa","cumulative_1m","hellinger_T1",1,18,FALSE,FALSE
"GISAID_US","Kappa","cumulative_1m","hellinger_T1",2,19,FALSE,FALSE
"GISAID_US","Kappa","cumulative_1m","hellinger_T1",1,20,FALSE,FALSE
"GISAID_US","Kappa","cumulative_1m","hellinger_T1",1,26,FALSE,FALSE
"GISAID_US","Kappa","cumulative_1m","hellinger_T1",3,69,FALSE,FALSE
"GISAID_US","Kappa","cumulative_1m","hellinger_T1",3,70,FALSE,FALSE
"GISAID_US","Kappa","cumulative_1m","hellinger_T1",1,80,FALSE,FALSE
"GISAID_US","Kappa","cumulative_1m","hellinger_T1",2,95,FALSE,TRUE
"GISAID_US","Kappa","cumulative_1m","hellinger_T1",1,112,FALSE,FALSE
"GISAID_US","Kappa","cumulative_1m","hellinger_T1",1,138,FALSE,FALSE
"GISAID_US","Kappa","cumulative_1m","hellinger_T1",2,142,FALSE,TRUE
"GISAID_US","Kappa","cumulative_1m","hellinger_T1",3,145,FALSE,FALSE
"GISAID_US","Kappa","cumulative_1m","hellinger_T1",1,152,FALSE,FALSE
"GISAID_US","Kappa","cumulative_1m","hellinger_T1",2,156,FALSE,FALSE
"GISAID_US","Kappa","cumulative_1m","hellinger_T1",2,157,FALSE,FALSE
"GISAID_US","Kappa","cumulative_1m","hellinger_T1",2,158,FALSE,FALSE
"GISAID_US","Kappa","cumulative_1m","hellinger_T1",1,190,FALSE,FALSE
"GISAID_US","Kappa","cumulative_1m","hellinger_T1",1,215,FALSE,FALSE
"GISAID_US","Kappa","cumulative_1m","hellinger_T1",1,222,FALSE,FALSE
"GISAID_US","Kappa","cumulative_1m","hellinger_T1",1,253,FALSE,FALSE
"GISAID_US","Kappa","cumulative_1m","hellinger_T1",1,289,FALSE,FALSE
"GISAID_US","Kappa","cumulative_1m","hellinger_T1",1,417,FALSE,FALSE
"GISAID_US","Kappa","cumulative_1m","hellinger_T1",2,452,TRUE,TRUE
"GISAID_US","Kappa","cumulative_1m","hellinger_T1",1,477,FALSE,FALSE
"GISAID_US","Kappa","cumulative_1m","hellinger_T1",2,478,FALSE,FALSE
"GISAID_US","Kappa","cumulative_1m","hellinger_T1",1,484,TRUE,TRUE
"GISAID_US","Kappa","cumulative_1m","hellinger_T1",3,501,FALSE,FALSE
"GISAID_US","Kappa","cumulative_1m","hellinger_T1",3,570,FALSE,FALSE
"GISAID_US","Kappa","cumulative_1m","hellinger_T1",1,655,FALSE,FALSE
"GISAID_US","Kappa","cumulative_1m","hellinger_T1",1,677,FALSE,FALSE
"GISAID_US","Kappa","cumulative_1m","hellinger_T1",4,681,TRUE,TRUE
"GISAID_US","Kappa","cumulative_1m","hellinger_T1",1,701,FALSE,FALSE
"GISAID_US","Kappa","cumulative_1m","hellinger_T1",3,716,FALSE,FALSE
"GISAID_US","Kappa","cumulative_1m","hellinger_T1",1,732,FALSE,FALSE
"GISAID_US","Kappa","cumulative_1m","hellinger_T1",1,859,FALSE,FALSE
"GISAID_US","Kappa","cumulative_1m","hellinger_T1",2,950,FALSE,FALSE
"GISAID_US","Kappa","cumulative_1m","hellinger_T1",3,982,FALSE,FALSE
"GISAID_US","Kappa","cumulative_1m","hellinger_T1",1,1027,FALSE,FALSE
"GISAID_US","Kappa","cumulative_1m","hellinger_T1",1,1104,FALSE,FALSE
"GISAID_US","Kappa","cumulative_1m","hellinger_T1",3,1118,FALSE,FALSE
"GISAID_US","Kappa","cumulative_1m","hellinger_T1",1,1176,FALSE,FALSE
"GISAID_US","Kappa","cumulative_1m","hellinger_T1",1,1191,FALSE,FALSE
"GISAID_US","Kappa","cumulative_1m","hellinger_T1",1,1264,FALSE,FALSE
"GISAID_US","Kappa","cumulative_1m","hellinger_Tpred",1,5,FALSE,FALSE
"GISAID_US","Kappa","cumulative_1m","hellinger_Tpred",1,13,FALSE,FALSE
"GISAID_US","Kappa","cumulative_1m","hellinger_Tpred",1,18,FALSE,FALSE
"GISAID_US","Kappa","cumulative_1m","hellinger_Tpred",2,19,FALSE,FALSE
"GISAID_US","Kappa","cumulative_1m","hellinger_Tpred",1,20,FALSE,FALSE
"GISAID_US","Kappa","cumulative_1m","hellinger_Tpred",1,26,FALSE,FALSE
"GISAID_US","Kappa","cumulative_1m","hellinger_Tpred",3,69,FALSE,FALSE
"GISAID_US","Kappa","cumulative_1m","hellinger_Tpred",3,70,FALSE,FALSE
"GISAID_US","Kappa","cumulative_1m","hellinger_Tpred",1,80,FALSE,FALSE
"GISAID_US","Kappa","cumulative_1m","hellinger_Tpred",3,95,FALSE,TRUE
"GISAID_US","Kappa","cumulative_1m","hellinger_Tpred",1,112,FALSE,FALSE
"GISAID_US","Kappa","cumulative_1m","hellinger_Tpred",1,138,FALSE,FALSE
"GISAID_US","Kappa","cumulative_1m","hellinger_Tpred",2,142,FALSE,TRUE
"GISAID_US","Kappa","cumulative_1m","hellinger_Tpred",3,145,FALSE,FALSE
"GISAID_US","Kappa","cumulative_1m","hellinger_Tpred",1,152,FALSE,FALSE
"GISAID_US","Kappa","cumulative_1m","hellinger_Tpred",2,156,FALSE,FALSE
"GISAID_US","Kappa","cumulative_1m","hellinger_Tpred",2,157,FALSE,FALSE
"GISAID_US","Kappa","cumulative_1m","hellinger_Tpred",2,158,FALSE,FALSE
"GISAID_US","Kappa","cumulative_1m","hellinger_Tpred",1,190,FALSE,FALSE
"GISAID_US","Kappa","cumulative_1m","hellinger_Tpred",1,215,FALSE,FALSE
"GISAID_US","Kappa","cumulative_1m","hellinger_Tpred",1,222,FALSE,FALSE
"GISAID_US","Kappa","cumulative_1m","hellinger_Tpred",1,253,FALSE,FALSE
"GISAID_US","Kappa","cumulative_1m","hellinger_Tpred",1,289,FALSE,FALSE
"GISAID_US","Kappa","cumulative_1m","hellinger_Tpred",1,417,FALSE,FALSE
"GISAID_US","Kappa","cumulative_1m","hellinger_Tpred",2,452,TRUE,TRUE
"GISAID_US","Kappa","cumulative_1m","hellinger_Tpred",1,477,FALSE,FALSE
"GISAID_US","Kappa","cumulative_1m","hellinger_Tpred",2,478,FALSE,FALSE
"GISAID_US","Kappa","cumulative_1m","hellinger_Tpred",3,484,TRUE,TRUE
"GISAID_US","Kappa","cumulative_1m","hellinger_Tpred",3,501,FALSE,FALSE
"GISAID_US","Kappa","cumulative_1m","hellinger_Tpred",3,570,FALSE,FALSE
"GISAID_US","Kappa","cumulative_1m","hellinger_Tpred",1,655,FALSE,FALSE
"GISAID_US","Kappa","cumulative_1m","hellinger_Tpred",1,677,FALSE,FALSE
"GISAID_US","Kappa","cumulative_1m","hellinger_Tpred",2,681,TRUE,TRUE
"GISAID_US","Kappa","cumulative_1m","hellinger_Tpred",1,701,FALSE,FALSE
"GISAID_US","Kappa","cumulative_1m","hellinger_Tpred",3,716,FALSE,FALSE
"GISAID_US","Kappa","cumulative_1m","hellinger_Tpred",1,732,FALSE,FALSE
"GISAID_US","Kappa","cumulative_1m","hellinger_Tpred",1,859,FALSE,FALSE
"GISAID_US","Kappa","cumulative_1m","hellinger_Tpred",2,950,FALSE,FALSE
"GISAID_US","Kappa","cumulative_1m","hellinger_Tpred",3,982,FALSE,FALSE
"GISAID_US","Kappa","cumulative_1m","hellinger_Tpred",1,1027,FALSE,FALSE
"GISAID_US","Kappa","cumulative_1m","hellinger_Tpred",1,1104,FALSE,FALSE
"GISAID_US","Kappa","cumulative_1m","hellinger_Tpred",3,1118,FALSE,FALSE
"GISAID_US","Kappa","cumulative_1m","hellinger_Tpred",1,1176,FALSE,FALSE
"GISAID_US","Kappa","cumulative_1m","hellinger_Tpred",1,1191,FALSE,FALSE
"GISAID_US","Kappa","cumulative_1m","hellinger_Tpred",1,1264,FALSE,FALSE
"GISAID_US","Kappa","disjoint_2m","entropy",1,5,FALSE,FALSE
"GISAID_US","Kappa","disjoint_2m","entropy",1,13,FALSE,FALSE
"GISAID_US","Kappa","disjoint_2m","entropy",2,18,FALSE,FALSE
"GISAID_US","Kappa","disjoint_2m","entropy",3,19,FALSE,FALSE
"GISAID_US","Kappa","disjoint_2m","entropy",2,20,FALSE,FALSE
"GISAID_US","Kappa","disjoint_2m","entropy",2,26,FALSE,FALSE
"GISAID_US","Kappa","disjoint_2m","entropy",4,69,FALSE,FALSE
"GISAID_US","Kappa","disjoint_2m","entropy",4,70,FALSE,FALSE
"GISAID_US","Kappa","disjoint_2m","entropy",2,80,FALSE,FALSE
"GISAID_US","Kappa","disjoint_2m","entropy",5,95,FALSE,TRUE
"GISAID_US","Kappa","disjoint_2m","entropy",2,112,FALSE,FALSE
"GISAID_US","Kappa","disjoint_2m","entropy",2,138,FALSE,FALSE
"GISAID_US","Kappa","disjoint_2m","entropy",5,142,FALSE,TRUE
"GISAID_US","Kappa","disjoint_2m","entropy",4,145,FALSE,FALSE
"GISAID_US","Kappa","disjoint_2m","entropy",1,152,FALSE,FALSE
"GISAID_US","Kappa","disjoint_2m","entropy",3,156,FALSE,FALSE
"GISAID_US","Kappa","disjoint_2m","entropy",3,157,FALSE,FALSE
"GISAID_US","Kappa","disjoint_2m","entropy",3,158,FALSE,FALSE
"GISAID_US","Kappa","disjoint_2m","entropy",2,190,FALSE,FALSE
"GISAID_US","Kappa","disjoint_2m","entropy",2,215,FALSE,FALSE
"GISAID_US","Kappa","disjoint_2m","entropy",5,222,FALSE,FALSE
"GISAID_US","Kappa","disjoint_2m","entropy",1,253,FALSE,FALSE
"GISAID_US","Kappa","disjoint_2m","entropy",2,289,FALSE,FALSE
"GISAID_US","Kappa","disjoint_2m","entropy",2,417,FALSE,FALSE
"GISAID_US","Kappa","disjoint_2m","entropy",4,452,TRUE,TRUE
"GISAID_US","Kappa","disjoint_2m","entropy",2,477,FALSE,FALSE
"GISAID_US","Kappa","disjoint_2m","entropy",3,478,FALSE,FALSE
"GISAID_US","Kappa","disjoint_2m","entropy",4,484,TRUE,TRUE
"GISAID_US","Kappa","disjoint_2m","entropy",4,501,FALSE,FALSE
"GISAID_US","Kappa","disjoint_2m","entropy",4,570,FALSE,FALSE
"GISAID_US","Kappa","disjoint_2m","entropy",2,655,FALSE,FALSE
"GISAID_US","Kappa","disjoint_2m","entropy",1,677,FALSE,FALSE
"GISAID_US","Kappa","disjoint_2m","entropy",4,681,TRUE,TRUE
"GISAID_US","Kappa","disjoint_2m","entropy",2,701,FALSE,FALSE
"GISAID_US","Kappa","disjoint_2m","entropy",4,716,FALSE,FALSE
"GISAID_US","Kappa","disjoint_2m","entropy",1,732,FALSE,FALSE
"GISAID_US","Kappa","disjoint_2m","entropy",2,859,FALSE,FALSE
"GISAID_US","Kappa","disjoint_2m","entropy",3,950,FALSE,FALSE
"GISAID_US","Kappa","disjoint_2m","entropy",4,982,FALSE,FALSE
"GISAID_US","Kappa","disjoint_2m","entropy",2,1027,FALSE,FALSE
"GISAID_US","Kappa","disjoint_2m","entropy",2,1104,FALSE,FALSE
"GISAID_US","Kappa","disjoint_2m","entropy",4,1118,FALSE,FALSE
"GISAID_US","Kappa","disjoint_2m","entropy",2,1176,FALSE,FALSE
"GISAID_US","Kappa","disjoint_2m","entropy",2,1191,FALSE,FALSE
"GISAID_US","Kappa","disjoint_2m","entropy",2,1264,FALSE,FALSE
"GISAID_US","Kappa","disjoint_2m","hellinger_T1",1,5,FALSE,FALSE
"GISAID_US","Kappa","disjoint_2m","hellinger_T1",1,13,FALSE,FALSE
"GISAID_US","Kappa","disjoint_2m","hellinger_T1",1,18,FALSE,FALSE
"GISAID_US","Kappa","disjoint_2m","hellinger_T1",2,19,FALSE,FALSE
"GISAID_US","Kappa","disjoint_2m","hellinger_T1",1,20,FALSE,FALSE
"GISAID_US","Kappa","disjoint_2m","hellinger_T1",1,26,FALSE,FALSE
"GISAID_US","Kappa","disjoint_2m","hellinger_T1",1,69,FALSE,FALSE
"GISAID_US","Kappa","disjoint_2m","hellinger_T1",1,70,FALSE,FALSE
"GISAID_US","Kappa","disjoint_2m","hellinger_T1",1,80,FALSE,FALSE
"GISAID_US","Kappa","disjoint_2m","hellinger_T1",1,95,FALSE,TRUE
"GISAID_US","Kappa","disjoint_2m","hellinger_T1",1,112,FALSE,FALSE
"GISAID_US","Kappa","disjoint_2m","hellinger_T1",1,138,FALSE,FALSE
"GISAID_US","Kappa","disjoint_2m","hellinger_T1",2,142,FALSE,TRUE
"GISAID_US","Kappa","disjoint_2m","hellinger_T1",1,145,FALSE,FALSE
"GISAID_US","Kappa","disjoint_2m","hellinger_T1",1,152,FALSE,FALSE
"GISAID_US","Kappa","disjoint_2m","hellinger_T1",2,156,FALSE,FALSE
"GISAID_US","Kappa","disjoint_2m","hellinger_T1",2,157,FALSE,FALSE
"GISAID_US","Kappa","disjoint_2m","hellinger_T1",2,158,FALSE,FALSE
"GISAID_US","Kappa","disjoint_2m","hellinger_T1",1,190,FALSE,FALSE
"GISAID_US","Kappa","disjoint_2m","hellinger_T1",1,215,FALSE,FALSE
"GISAID_US","Kappa","disjoint_2m","hellinger_T1",1,222,FALSE,FALSE
"GISAID_US","Kappa","disjoint_2m","hellinger_T1",1,253,FALSE,FALSE
"GISAID_US","Kappa","disjoint_2m","hellinger_T1",1,289,FALSE,FALSE
"GISAID_US","Kappa","disjoint_2m","hellinger_T1",1,417,FALSE,FALSE
"GISAID_US","Kappa","disjoint_2m","hellinger_T1",2,452,TRUE,TRUE
"GISAID_US","Kappa","disjoint_2m","hellinger_T1",1,477,FALSE,FALSE
"GISAID_US","Kappa","disjoint_2m","hellinger_T1",2,478,FALSE,FALSE
"GISAID_US","Kappa","disjoint_2m","hellinger_T1",1,484,TRUE,TRUE
"GISAID_US","Kappa","disjoint_2m","hellinger_T1",1,501,FALSE,FALSE
"GISAID_US","Kappa","disjoint_2m","hellinger_T1",1,570,FALSE,FALSE
"GISAID_US","Kappa","disjoint_2m","hellinger_T1",1,655,FALSE,FALSE
"GISAID_US","Kappa","disjoint_2m","hellinger_T1",1,677,FALSE,FALSE
"GISAID_US","Kappa","disjoint_2m","hellinger_T1",2,681,TRUE,TRUE
"GISAID_US","Kappa","disjoint_2m","hellinger_T1",1,701,FALSE,FALSE
"GISAID_US","Kappa","disjoint_2m","hellinger_T1",1,716,FALSE,FALSE
"GISAID_US","Kappa","disjoint_2m","hellinger_T1",1,732,FALSE,FALSE
"GISAID_US","Kappa","disjoint_2m","hellinger_T1",1,859,FALSE,FALSE
"GISAID_US","Kappa","disjoint_2m","hellinger_T1",2,950,FALSE,FALSE
"GISAID_US","Kappa","disjoint_2m","hellinger_T1",1,982,FALSE,FALSE
"GISAID_US","Kappa","disjoint_2m","hellinger_T1",1,1027,FALSE,FALSE
"GISAID_US","Kappa","disjoint_2m","hellinger_T1",1,1104,FALSE,FALSE
"GISAID_US","Kappa","disjoint_2m","hellinger_T1",1,1118,FALSE,FALSE
"GISAID_US","Kappa","disjoint_2m","hellinger_T1",1,1176,FALSE,FALSE
"GISAID_US","Kappa","disjoint_2m","hellinger_T1",1,1191,FALSE,FALSE
"GISAID_US","Kappa","disjoint_2m","hellinger_T1",1,1264,FALSE,FALSE
"GISAID_US","Kappa","disjoint_2m","hellinger_Tpred",1,5,FALSE,FALSE
"GISAID_US","Kappa","disjoint_2m","hellinger_Tpred",1,13,FALSE,FALSE
"GISAID_US","Kappa","disjoint_2m","hellinger_Tpred",1,18,FALSE,FALSE
"GISAID_US","Kappa","disjoint_2m","hellinger_Tpred",2,19,FALSE,FALSE
"GISAID_US","Kappa","disjoint_2m","hellinger_Tpred",1,20,FALSE,FALSE
"GISAID_US","Kappa","disjoint_2m","hellinger_Tpred",1,26,FALSE,FALSE
"GISAID_US","Kappa","disjoint_2m","hellinger_Tpred",1,69,FALSE,FALSE
"GISAID_US","Kappa","disjoint_2m","hellinger_Tpred",1,70,FALSE,FALSE
"GISAID_US","Kappa","disjoint_2m","hellinger_Tpred",1,80,FALSE,FALSE
"GISAID_US","Kappa","disjoint_2m","hellinger_Tpred",1,95,FALSE,TRUE
"GISAID_US","Kappa","disjoint_2m","hellinger_Tpred",1,112,FALSE,FALSE
"GISAID_US","Kappa","disjoint_2m","hellinger_Tpred",1,138,FALSE,FALSE
"GISAID_US","Kappa","disjoint_2m","hellinger_Tpred",2,142,FALSE,TRUE
"GISAID_US","Kappa","disjoint_2m","hellinger_Tpred",1,145,FALSE,FALSE
"GISAID_US","Kappa","disjoint_2m","hellinger_Tpred",1,152,FALSE,FALSE
"GISAID_US","Kappa","disjoint_2m","hellinger_Tpred",2,156,FALSE,FALSE
"GISAID_US","Kappa","disjoint_2m","hellinger_Tpred",2,157,FALSE,FALSE
"GISAID_US","Kappa","disjoint_2m","hellinger_Tpred",2,158,FALSE,FALSE
"GISAID_US","Kappa","disjoint_2m","hellinger_Tpred",1,190,FALSE,FALSE
"GISAID_US","Kappa","disjoint_2m","hellinger_Tpred",1,215,FALSE,FALSE
"GISAID_US","Kappa","disjoint_2m","hellinger_Tpred",1,222,FALSE,FALSE
"GISAID_US","Kappa","disjoint_2m","hellinger_Tpred",1,253,FALSE,FALSE
"GISAID_US","Kappa","disjoint_2m","hellinger_Tpred",1,289,FALSE,FALSE
"GISAID_US","Kappa","disjoint_2m","hellinger_Tpred",1,417,FALSE,FALSE
"GISAID_US","Kappa","disjoint_2m","hellinger_Tpred",2,452,TRUE,TRUE
"GISAID_US","Kappa","disjoint_2m","hellinger_Tpred",1,477,FALSE,FALSE
"GISAID_US","Kappa","disjoint_2m","hellinger_Tpred",2,478,FALSE,FALSE
"GISAID_US","Kappa","disjoint_2m","hellinger_Tpred",1,484,TRUE,TRUE
"GISAID_US","Kappa","disjoint_2m","hellinger_Tpred",1,501,FALSE,FALSE
"GISAID_US","Kappa","disjoint_2m","hellinger_Tpred",1,570,FALSE,FALSE
"GISAID_US","Kappa","disjoint_2m","hellinger_Tpred",1,655,FALSE,FALSE
"GISAID_US","Kappa","disjoint_2m","hellinger_Tpred",1,677,FALSE,FALSE
"GISAID_US","Kappa","disjoint_2m","hellinger_Tpred",2,681,TRUE,TRUE
"GISAID_US","Kappa","disjoint_2m","hellinger_Tpred",1,701,FALSE,FALSE
"GISAID_US","Kappa","disjoint_2m","hellinger_Tpred",1,716,FALSE,FALSE
"GISAID_US","Kappa","disjoint_2m","hellinger_Tpred",1,732,FALSE,FALSE
"GISAID_US","Kappa","disjoint_2m","hellinger_Tpred",1,859,FALSE,FALSE
"GISAID_US","Kappa","disjoint_2m","hellinger_Tpred",2,950,FALSE,FALSE
"GISAID_US","Kappa","disjoint_2m","hellinger_Tpred",1,982,FALSE,FALSE
"GISAID_US","Kappa","disjoint_2m","hellinger_Tpred",1,1027,FALSE,FALSE
"GISAID_US","Kappa","disjoint_2m","hellinger_Tpred",1,1104,FALSE,FALSE
"GISAID_US","Kappa","disjoint_2m","hellinger_Tpred",1,1118,FALSE,FALSE
"GISAID_US","Kappa","disjoint_2m","hellinger_Tpred",1,1176,FALSE,FALSE
"GISAID_US","Kappa","disjoint_2m","hellinger_Tpred",1,1191,FALSE,FALSE
"GISAID_US","Kappa","disjoint_2m","hellinger_Tpred",1,1264,FALSE,FALSE
"GISAID_US","Kappa","sliding_2m","entropy",1,5,FALSE,FALSE
"GISAID_US","Kappa","sliding_2m","entropy",1,13,FALSE,FALSE
"GISAID_US","Kappa","sliding_2m","entropy",2,18,FALSE,FALSE
"GISAID_US","Kappa","sliding_2m","entropy",3,19,FALSE,FALSE
"GISAID_US","Kappa","sliding_2m","entropy",2,20,FALSE,FALSE
"GISAID_US","Kappa","sliding_2m","entropy",2,26,FALSE,FALSE
"GISAID_US","Kappa","sliding_2m","entropy",4,69,FALSE,FALSE
"GISAID_US","Kappa","sliding_2m","entropy",4,70,FALSE,FALSE
"GISAID_US","Kappa","sliding_2m","entropy",2,80,FALSE,FALSE
"GISAID_US","Kappa","sliding_2m","entropy",5,95,FALSE,TRUE
"GISAID_US","Kappa","sliding_2m","entropy",2,112,FALSE,FALSE
"GISAID_US","Kappa","sliding_2m","entropy",2,138,FALSE,FALSE
"GISAID_US","Kappa","sliding_2m","entropy",5,142,FALSE,TRUE
"GISAID_US","Kappa","sliding_2m","entropy",4,145,FALSE,FALSE
"GISAID_US","Kappa","sliding_2m","entropy",1,152,FALSE,FALSE
"GISAID_US","Kappa","sliding_2m","entropy",3,156,FALSE,FALSE
"GISAID_US","Kappa","sliding_2m","entropy",3,157,FALSE,FALSE
"GISAID_US","Kappa","sliding_2m","entropy",3,158,FALSE,FALSE
"GISAID_US","Kappa","sliding_2m","entropy",2,190,FALSE,FALSE
"GISAID_US","Kappa","sliding_2m","entropy",2,215,FALSE,FALSE
"GISAID_US","Kappa","sliding_2m","entropy",5,222,FALSE,FALSE
"GISAID_US","Kappa","sliding_2m","entropy",1,253,FALSE,FALSE
"GISAID_US","Kappa","sliding_2m","entropy",2,289,FALSE,FALSE
"GISAID_US","Kappa","sliding_2m","entropy",2,417,FALSE,FALSE
"GISAID_US","Kappa","sliding_2m","entropy",4,452,TRUE,TRUE
"GISAID_US","Kappa","sliding_2m","entropy",2,477,FALSE,FALSE
"GISAID_US","Kappa","sliding_2m","entropy",3,478,FALSE,FALSE
"GISAID_US","Kappa","sliding_2m","entropy",4,484,TRUE,TRUE
"GISAID_US","Kappa","sliding_2m","entropy",4,501,FALSE,FALSE
"GISAID_US","Kappa","sliding_2m","entropy",4,570,FALSE,FALSE
"GISAID_US","Kappa","sliding_2m","entropy",2,655,FALSE,FALSE
"GISAID_US","Kappa","sliding_2m","entropy",1,677,FALSE,FALSE
"GISAID_US","Kappa","sliding_2m","entropy",4,681,TRUE,TRUE
"GISAID_US","Kappa","sliding_2m","entropy",2,701,FALSE,FALSE
"GISAID_US","Kappa","sliding_2m","entropy",4,716,FALSE,FALSE
"GISAID_US","Kappa","sliding_2m","entropy",1,732,FALSE,FALSE
"GISAID_US","Kappa","sliding_2m","entropy",2,859,FALSE,FALSE
"GISAID_US","Kappa","sliding_2m","entropy",3,950,FALSE,FALSE
"GISAID_US","Kappa","sliding_2m","entropy",4,982,FALSE,FALSE
"GISAID_US","Kappa","sliding_2m","entropy",2,1027,FALSE,FALSE
"GISAID_US","Kappa","sliding_2m","entropy",2,1104,FALSE,FALSE
"GISAID_US","Kappa","sliding_2m","entropy",4,1118,FALSE,FALSE
"GISAID_US","Kappa","sliding_2m","entropy",2,1176,FALSE,FALSE
"GISAID_US","Kappa","sliding_2m","entropy",2,1191,FALSE,FALSE
"GISAID_US","Kappa","sliding_2m","entropy",2,1264,FALSE,FALSE
"GISAID_US","Kappa","sliding_2m","hellinger_T1",1,5,FALSE,FALSE
"GISAID_US","Kappa","sliding_2m","hellinger_T1",1,13,FALSE,FALSE
"GISAID_US","Kappa","sliding_2m","hellinger_T1",1,18,FALSE,FALSE
"GISAID_US","Kappa","sliding_2m","hellinger_T1",2,19,FALSE,FALSE
"GISAID_US","Kappa","sliding_2m","hellinger_T1",1,20,FALSE,FALSE
"GISAID_US","Kappa","sliding_2m","hellinger_T1",1,26,FALSE,FALSE
"GISAID_US","Kappa","sliding_2m","hellinger_T1",1,69,FALSE,FALSE
"GISAID_US","Kappa","sliding_2m","hellinger_T1",1,70,FALSE,FALSE
"GISAID_US","Kappa","sliding_2m","hellinger_T1",1,80,FALSE,FALSE
"GISAID_US","Kappa","sliding_2m","hellinger_T1",2,95,FALSE,TRUE
"GISAID_US","Kappa","sliding_2m","hellinger_T1",1,112,FALSE,FALSE
"GISAID_US","Kappa","sliding_2m","hellinger_T1",1,138,FALSE,FALSE
"GISAID_US","Kappa","sliding_2m","hellinger_T1",2,142,FALSE,TRUE
"GISAID_US","Kappa","sliding_2m","hellinger_T1",1,145,FALSE,FALSE
"GISAID_US","Kappa","sliding_2m","hellinger_T1",1,152,FALSE,FALSE
"GISAID_US","Kappa","sliding_2m","hellinger_T1",2,156,FALSE,FALSE
"GISAID_US","Kappa","sliding_2m","hellinger_T1",2,157,FALSE,FALSE
"GISAID_US","Kappa","sliding_2m","hellinger_T1",2,158,FALSE,FALSE
"GISAID_US","Kappa","sliding_2m","hellinger_T1",1,190,FALSE,FALSE
"GISAID_US","Kappa","sliding_2m","hellinger_T1",1,215,FALSE,FALSE
"GISAID_US","Kappa","sliding_2m","hellinger_T1",1,222,FALSE,FALSE
"GISAID_US","Kappa","sliding_2m","hellinger_T1",1,253,FALSE,FALSE
"GISAID_US","Kappa","sliding_2m","hellinger_T1",1,289,FALSE,FALSE
"GISAID_US","Kappa","sliding_2m","hellinger_T1",1,417,FALSE,FALSE
"GISAID_US","Kappa","sliding_2m","hellinger_T1",2,452,TRUE,TRUE
"GISAID_US","Kappa","sliding_2m","hellinger_T1",1,477,FALSE,FALSE
"GISAID_US","Kappa","sliding_2m","hellinger_T1",2,478,FALSE,FALSE
"GISAID_US","Kappa","sliding_2m","hellinger_T1",1,484,TRUE,TRUE
"GISAID_US","Kappa","sliding_2m","hellinger_T1",1,501,FALSE,FALSE
"GISAID_US","Kappa","sliding_2m","hellinger_T1",1,570,FALSE,FALSE
"GISAID_US","Kappa","sliding_2m","hellinger_T1",1,655,FALSE,FALSE
"GISAID_US","Kappa","sliding_2m","hellinger_T1",1,677,FALSE,FALSE
"GISAID_US","Kappa","sliding_2m","hellinger_T1",2,681,TRUE,TRUE
"GISAID_US","Kappa","sliding_2m","hellinger_T1",1,701,FALSE,FALSE
"GISAID_US","Kappa","sliding_2m","hellinger_T1",1,716,FALSE,FALSE
"GISAID_US","Kappa","sliding_2m","hellinger_T1",1,732,FALSE,FALSE
"GISAID_US","Kappa","sliding_2m","hellinger_T1",1,859,FALSE,FALSE
"GISAID_US","Kappa","sliding_2m","hellinger_T1",2,950,FALSE,FALSE
"GISAID_US","Kappa","sliding_2m","hellinger_T1",1,982,FALSE,FALSE
"GISAID_US","Kappa","sliding_2m","hellinger_T1",1,1027,FALSE,FALSE
"GISAID_US","Kappa","sliding_2m","hellinger_T1",1,1104,FALSE,FALSE
"GISAID_US","Kappa","sliding_2m","hellinger_T1",1,1118,FALSE,FALSE
"GISAID_US","Kappa","sliding_2m","hellinger_T1",1,1176,FALSE,FALSE
"GISAID_US","Kappa","sliding_2m","hellinger_T1",1,1191,FALSE,FALSE
"GISAID_US","Kappa","sliding_2m","hellinger_T1",1,1264,FALSE,FALSE
"GISAID_US","Kappa","sliding_2m","hellinger_Tpred",1,5,FALSE,FALSE
"GISAID_US","Kappa","sliding_2m","hellinger_Tpred",1,13,FALSE,FALSE
"GISAID_US","Kappa","sliding_2m","hellinger_Tpred",1,18,FALSE,FALSE
"GISAID_US","Kappa","sliding_2m","hellinger_Tpred",2,19,FALSE,FALSE
"GISAID_US","Kappa","sliding_2m","hellinger_Tpred",1,20,FALSE,FALSE
"GISAID_US","Kappa","sliding_2m","hellinger_Tpred",1,26,FALSE,FALSE
"GISAID_US","Kappa","sliding_2m","hellinger_Tpred",1,69,FALSE,FALSE
"GISAID_US","Kappa","sliding_2m","hellinger_Tpred",1,70,FALSE,FALSE
"GISAID_US","Kappa","sliding_2m","hellinger_Tpred",1,80,FALSE,FALSE
"GISAID_US","Kappa","sliding_2m","hellinger_Tpred",1,95,FALSE,TRUE
"GISAID_US","Kappa","sliding_2m","hellinger_Tpred",1,112,FALSE,FALSE
"GISAID_US","Kappa","sliding_2m","hellinger_Tpred",1,138,FALSE,FALSE
"GISAID_US","Kappa","sliding_2m","hellinger_Tpred",2,142,FALSE,TRUE
"GISAID_US","Kappa","sliding_2m","hellinger_Tpred",1,145,FALSE,FALSE
"GISAID_US","Kappa","sliding_2m","hellinger_Tpred",1,152,FALSE,FALSE
"GISAID_US","Kappa","sliding_2m","hellinger_Tpred",2,156,FALSE,FALSE
"GISAID_US","Kappa","sliding_2m","hellinger_Tpred",2,157,FALSE,FALSE
"GISAID_US","Kappa","sliding_2m","hellinger_Tpred",2,158,FALSE,FALSE
"GISAID_US","Kappa","sliding_2m","hellinger_Tpred",1,190,FALSE,FALSE
"GISAID_US","Kappa","sliding_2m","hellinger_Tpred",1,215,FALSE,FALSE
"GISAID_US","Kappa","sliding_2m","hellinger_Tpred",1,222,FALSE,FALSE
"GISAID_US","Kappa","sliding_2m","hellinger_Tpred",1,253,FALSE,FALSE
"GISAID_US","Kappa","sliding_2m","hellinger_Tpred",1,289,FALSE,FALSE
"GISAID_US","Kappa","sliding_2m","hellinger_Tpred",1,417,FALSE,FALSE
"GISAID_US","Kappa","sliding_2m","hellinger_Tpred",2,452,TRUE,TRUE
"GISAID_US","Kappa","sliding_2m","hellinger_Tpred",1,477,FALSE,FALSE
"GISAID_US","Kappa","sliding_2m","hellinger_Tpred",2,478,FALSE,FALSE
"GISAID_US","Kappa","sliding_2m","hellinger_Tpred",1,484,TRUE,TRUE
"GISAID_US","Kappa","sliding_2m","hellinger_Tpred",1,501,FALSE,FALSE
"GISAID_US","Kappa","sliding_2m","hellinger_Tpred",1,570,FALSE,FALSE
"GISAID_US","Kappa","sliding_2m","hellinger_Tpred",1,655,FALSE,FALSE
"GISAID_US","Kappa","sliding_2m","hellinger_Tpred",1,677,FALSE,FALSE
"GISAID_US","Kappa","sliding_2m","hellinger_Tpred",2,681,TRUE,TRUE
"GISAID_US","Kappa","sliding_2m","hellinger_Tpred",1,701,FALSE,FALSE
"GISAID_US","Kappa","sliding_2m","hellinger_Tpred",1,716,FALSE,FALSE
"GISAID_US","Kappa","sliding_2m","hellinger_Tpred",1,732,FALSE,FALSE
"GISAID_US","Kappa","sliding_2m","hellinger_Tpred",1,859,FALSE,FALSE
"GISAID_US","Kappa","sliding_2m","hellinger_Tpred",2,950,FALSE,FALSE
"GISAID_US","Kappa","sliding_2m","hellinger_Tpred",1,982,FALSE,FALSE
"GISAID_US","Kappa","sliding_2m","hellinger_Tpred",1,1027,FALSE,FALSE
"GISAID_US","Kappa","sliding_2m","hellinger_Tpred",1,1104,FALSE,FALSE
"GISAID_US","Kappa","sliding_2m","hellinger_Tpred",1,1118,FALSE,FALSE
"GISAID_US","Kappa","sliding_2m","hellinger_Tpred",1,1176,FALSE,FALSE
"GISAID_US","Kappa","sliding_2m","hellinger_Tpred",1,1191,FALSE,FALSE
"GISAID_US","Kappa","sliding_2m","hellinger_Tpred",1,1264,FALSE,FALSE
"GISAID_US","Lambda","cumulative_1m","entropy",1,5,FALSE,FALSE
"GISAID_US","Lambda","cumulative_1m","entropy",1,13,FALSE,FALSE
"GISAID_US","Lambda","cumulative_1m","entropy",1,18,FALSE,FALSE
"GISAID_US","Lambda","cumulative_1m","entropy",2,19,FALSE,FALSE
"GISAID_US","Lambda","cumulative_1m","entropy",3,20,FALSE,FALSE
"GISAID_US","Lambda","cumulative_1m","entropy",1,26,FALSE,FALSE
"GISAID_US","Lambda","cumulative_1m","entropy",4,69,FALSE,FALSE
"GISAID_US","Lambda","cumulative_1m","entropy",4,70,FALSE,FALSE
"GISAID_US","Lambda","cumulative_1m","entropy",3,80,FALSE,FALSE
"GISAID_US","Lambda","cumulative_1m","entropy",4,95,FALSE,FALSE
"GISAID_US","Lambda","cumulative_1m","entropy",3,112,FALSE,FALSE
"GISAID_US","Lambda","cumulative_1m","entropy",1,138,FALSE,FALSE
"GISAID_US","Lambda","cumulative_1m","entropy",2,142,FALSE,FALSE
"GISAID_US","Lambda","cumulative_1m","entropy",4,145,FALSE,FALSE
"GISAID_US","Lambda","cumulative_1m","entropy",1,152,FALSE,FALSE
"GISAID_US","Lambda","cumulative_1m","entropy",2,156,FALSE,FALSE
"GISAID_US","Lambda","cumulative_1m","entropy",2,157,FALSE,FALSE
"GISAID_US","Lambda","cumulative_1m","entropy",2,158,FALSE,FALSE
"GISAID_US","Lambda","cumulative_1m","entropy",3,190,FALSE,FALSE
"GISAID_US","Lambda","cumulative_1m","entropy",3,215,FALSE,FALSE
"GISAID_US","Lambda","cumulative_1m","entropy",3,222,FALSE,FALSE
"GISAID_US","Lambda","cumulative_1m","entropy",1,253,FALSE,FALSE
"GISAID_US","Lambda","cumulative_1m","entropy",3,289,FALSE,FALSE
"GISAID_US","Lambda","cumulative_1m","entropy",3,417,FALSE,FALSE
"GISAID_US","Lambda","cumulative_1m","entropy",5,452,FALSE,TRUE
"GISAID_US","Lambda","cumulative_1m","entropy",3,477,FALSE,FALSE
"GISAID_US","Lambda","cumulative_1m","entropy",2,478,FALSE,FALSE
"GISAID_US","Lambda","cumulative_1m","entropy",4,484,FALSE,FALSE
"GISAID_US","Lambda","cumulative_1m","entropy",4,501,FALSE,FALSE
"GISAID_US","Lambda","cumulative_1m","entropy",4,570,FALSE,FALSE
"GISAID_US","Lambda","cumulative_1m","entropy",3,655,FALSE,FALSE
"GISAID_US","Lambda","cumulative_1m","entropy",1,677,FALSE,FALSE
"GISAID_US","Lambda","cumulative_1m","entropy",5,681,FALSE,FALSE
"GISAID_US","Lambda","cumulative_1m","entropy",3,701,FALSE,FALSE
"GISAID_US","Lambda","cumulative_1m","entropy",4,716,FALSE,FALSE
"GISAID_US","Lambda","cumulative_1m","entropy",1,732,FALSE,FALSE
"GISAID_US","Lambda","cumulative_1m","entropy",3,859,FALSE,FALSE
"GISAID_US","Lambda","cumulative_1m","entropy",2,950,FALSE,FALSE
"GISAID_US","Lambda","cumulative_1m","entropy",4,982,FALSE,FALSE
"GISAID_US","Lambda","cumulative_1m","entropy",3,1027,FALSE,FALSE
"GISAID_US","Lambda","cumulative_1m","entropy",3,1104,FALSE,FALSE
"GISAID_US","Lambda","cumulative_1m","entropy",4,1118,FALSE,FALSE
"GISAID_US","Lambda","cumulative_1m","entropy",3,1176,FALSE,FALSE
"GISAID_US","Lambda","cumulative_1m","entropy",3,1191,FALSE,FALSE
"GISAID_US","Lambda","cumulative_1m","entropy",3,1264,FALSE,FALSE
"GISAID_US","Lambda","cumulative_1m","hellinger_T1",1,5,FALSE,FALSE
"GISAID_US","Lambda","cumulative_1m","hellinger_T1",1,13,FALSE,FALSE
"GISAID_US","Lambda","cumulative_1m","hellinger_T1",1,18,FALSE,FALSE
"GISAID_US","Lambda","cumulative_1m","hellinger_T1",2,19,FALSE,FALSE
"GISAID_US","Lambda","cumulative_1m","hellinger_T1",1,20,FALSE,FALSE
"GISAID_US","Lambda","cumulative_1m","hellinger_T1",1,26,FALSE,FALSE
"GISAID_US","Lambda","cumulative_1m","hellinger_T1",3,69,FALSE,FALSE
"GISAID_US","Lambda","cumulative_1m","hellinger_T1",3,70,FALSE,FALSE
"GISAID_US","Lambda","cumulative_1m","hellinger_T1",1,80,FALSE,FALSE
"GISAID_US","Lambda","cumulative_1m","hellinger_T1",2,95,FALSE,FALSE
"GISAID_US","Lambda","cumulative_1m","hellinger_T1",1,112,FALSE,FALSE
"GISAID_US","Lambda","cumulative_1m","hellinger_T1",1,138,FALSE,FALSE
"GISAID_US","Lambda","cumulative_1m","hellinger_T1",2,142,FALSE,FALSE
"GISAID_US","Lambda","cumulative_1m","hellinger_T1",3,145,FALSE,FALSE
"GISAID_US","Lambda","cumulative_1m","hellinger_T1",1,152,FALSE,FALSE
"GISAID_US","Lambda","cumulative_1m","hellinger_T1",2,156,FALSE,FALSE
"GISAID_US","Lambda","cumulative_1m","hellinger_T1",2,157,FALSE,FALSE
"GISAID_US","Lambda","cumulative_1m","hellinger_T1",2,158,FALSE,FALSE
"GISAID_US","Lambda","cumulative_1m","hellinger_T1",1,190,FALSE,FALSE
"GISAID_US","Lambda","cumulative_1m","hellinger_T1",1,215,FALSE,FALSE
"GISAID_US","Lambda","cumulative_1m","hellinger_T1",1,222,FALSE,FALSE
"GISAID_US","Lambda","cumulative_1m","hellinger_T1",1,253,FALSE,FALSE
"GISAID_US","Lambda","cumulative_1m","hellinger_T1",1,289,FALSE,FALSE
"GISAID_US","Lambda","cumulative_1m","hellinger_T1",1,417,FALSE,FALSE
"GISAID_US","Lambda","cumulative_1m","hellinger_T1",2,452,FALSE,TRUE
"GISAID_US","Lambda","cumulative_1m","hellinger_T1",1,477,FALSE,FALSE
"GISAID_US","Lambda","cumulative_1m","hellinger_T1",2,478,FALSE,FALSE
"GISAID_US","Lambda","cumulative_1m","hellinger_T1",1,484,FALSE,FALSE
"GISAID_US","Lambda","cumulative_1m","hellinger_T1",3,501,FALSE,FALSE
"GISAID_US","Lambda","cumulative_1m","hellinger_T1",3,570,FALSE,FALSE
"GISAID_US","Lambda","cumulative_1m","hellinger_T1",1,655,FALSE,FALSE
"GISAID_US","Lambda","cumulative_1m","hellinger_T1",1,677,FALSE,FALSE
"GISAID_US","Lambda","cumulative_1m","hellinger_T1",4,681,FALSE,FALSE
"GISAID_US","Lambda","cumulative_1m","hellinger_T1",1,701,FALSE,FALSE
"GISAID_US","Lambda","cumulative_1m","hellinger_T1",3,716,FALSE,FALSE
"GISAID_US","Lambda","cumulative_1m","hellinger_T1",1,732,FALSE,FALSE
"GISAID_US","Lambda","cumulative_1m","hellinger_T1",1,859,FALSE,FALSE
"GISAID_US","Lambda","cumulative_1m","hellinger_T1",2,950,FALSE,FALSE
"GISAID_US","Lambda","cumulative_1m","hellinger_T1",3,982,FALSE,FALSE
"GISAID_US","Lambda","cumulative_1m","hellinger_T1",1,1027,FALSE,FALSE
"GISAID_US","Lambda","cumulative_1m","hellinger_T1",1,1104,FALSE,FALSE
"GISAID_US","Lambda","cumulative_1m","hellinger_T1",3,1118,FALSE,FALSE
"GISAID_US","Lambda","cumulative_1m","hellinger_T1",1,1176,FALSE,FALSE
"GISAID_US","Lambda","cumulative_1m","hellinger_T1",1,1191,FALSE,FALSE
"GISAID_US","Lambda","cumulative_1m","hellinger_T1",1,1264,FALSE,FALSE
"GISAID_US","Lambda","cumulative_1m","hellinger_Tpred",1,5,FALSE,FALSE
"GISAID_US","Lambda","cumulative_1m","hellinger_Tpred",1,13,FALSE,FALSE
"GISAID_US","Lambda","cumulative_1m","hellinger_Tpred",1,18,FALSE,FALSE
"GISAID_US","Lambda","cumulative_1m","hellinger_Tpred",2,19,FALSE,FALSE
"GISAID_US","Lambda","cumulative_1m","hellinger_Tpred",1,20,FALSE,FALSE
"GISAID_US","Lambda","cumulative_1m","hellinger_Tpred",1,26,FALSE,FALSE
"GISAID_US","Lambda","cumulative_1m","hellinger_Tpred",3,69,FALSE,FALSE
"GISAID_US","Lambda","cumulative_1m","hellinger_Tpred",3,70,FALSE,FALSE
"GISAID_US","Lambda","cumulative_1m","hellinger_Tpred",1,80,FALSE,FALSE
"GISAID_US","Lambda","cumulative_1m","hellinger_Tpred",3,95,FALSE,FALSE
"GISAID_US","Lambda","cumulative_1m","hellinger_Tpred",1,112,FALSE,FALSE
"GISAID_US","Lambda","cumulative_1m","hellinger_Tpred",1,138,FALSE,FALSE
"GISAID_US","Lambda","cumulative_1m","hellinger_Tpred",2,142,FALSE,FALSE
"GISAID_US","Lambda","cumulative_1m","hellinger_Tpred",3,145,FALSE,FALSE
"GISAID_US","Lambda","cumulative_1m","hellinger_Tpred",1,152,FALSE,FALSE
"GISAID_US","Lambda","cumulative_1m","hellinger_Tpred",2,156,FALSE,FALSE
"GISAID_US","Lambda","cumulative_1m","hellinger_Tpred",2,157,FALSE,FALSE
"GISAID_US","Lambda","cumulative_1m","hellinger_Tpred",2,158,FALSE,FALSE
"GISAID_US","Lambda","cumulative_1m","hellinger_Tpred",1,190,FALSE,FALSE
"GISAID_US","Lambda","cumulative_1m","hellinger_Tpred",1,215,FALSE,FALSE
"GISAID_US","Lambda","cumulative_1m","hellinger_Tpred",1,222,FALSE,FALSE
"GISAID_US","Lambda","cumulative_1m","hellinger_Tpred",1,253,FALSE,FALSE
"GISAID_US","Lambda","cumulative_1m","hellinger_Tpred",1,289,FALSE,FALSE
"GISAID_US","Lambda","cumulative_1m","hellinger_Tpred",1,417,FALSE,FALSE
"GISAID_US","Lambda","cumulative_1m","hellinger_Tpred",2,452,FALSE,TRUE
"GISAID_US","Lambda","cumulative_1m","hellinger_Tpred",1,477,FALSE,FALSE
"GISAID_US","Lambda","cumulative_1m","hellinger_Tpred",2,478,FALSE,FALSE
"GISAID_US","Lambda","cumulative_1m","hellinger_Tpred",3,484,FALSE,FALSE
"GISAID_US","Lambda","cumulative_1m","hellinger_Tpred",3,501,FALSE,FALSE
"GISAID_US","Lambda","cumulative_1m","hellinger_Tpred",3,570,FALSE,FALSE
"GISAID_US","Lambda","cumulative_1m","hellinger_Tpred",1,655,FALSE,FALSE
"GISAID_US","Lambda","cumulative_1m","hellinger_Tpred",1,677,FALSE,FALSE
"GISAID_US","Lambda","cumulative_1m","hellinger_Tpred",2,681,FALSE,FALSE
"GISAID_US","Lambda","cumulative_1m","hellinger_Tpred",1,701,FALSE,FALSE
"GISAID_US","Lambda","cumulative_1m","hellinger_Tpred",3,716,FALSE,FALSE
"GISAID_US","Lambda","cumulative_1m","hellinger_Tpred",1,732,FALSE,FALSE
"GISAID_US","Lambda","cumulative_1m","hellinger_Tpred",1,859,FALSE,FALSE
"GISAID_US","Lambda","cumulative_1m","hellinger_Tpred",2,950,FALSE,FALSE
"GISAID_US","Lambda","cumulative_1m","hellinger_Tpred",3,982,FALSE,FALSE
"GISAID_US","Lambda","cumulative_1m","hellinger_Tpred",1,1027,FALSE,FALSE
"GISAID_US","Lambda","cumulative_1m","hellinger_Tpred",1,1104,FALSE,FALSE
"GISAID_US","Lambda","cumulative_1m","hellinger_Tpred",3,1118,FALSE,FALSE
"GISAID_US","Lambda","cumulative_1m","hellinger_Tpred",1,1176,FALSE,FALSE
"GISAID_US","Lambda","cumulative_1m","hellinger_Tpred",1,1191,FALSE,FALSE
"GISAID_US","Lambda","cumulative_1m","hellinger_Tpred",1,1264,FALSE,FALSE
"GISAID_US","Lambda","disjoint_2m","entropy",1,5,FALSE,FALSE
"GISAID_US","Lambda","disjoint_2m","entropy",1,13,FALSE,FALSE
"GISAID_US","Lambda","disjoint_2m","entropy",2,18,FALSE,FALSE
"GISAID_US","Lambda","disjoint_2m","entropy",3,19,FALSE,FALSE
"GISAID_US","Lambda","disjoint_2m","entropy",2,20,FALSE,FALSE
"GISAID_US","Lambda","disjoint_2m","entropy",2,26,FALSE,FALSE
"GISAID_US","Lambda","disjoint_2m","entropy",4,69,FALSE,FALSE
"GISAID_US","Lambda","disjoint_2m","entropy",4,70,FALSE,FALSE
"GISAID_US","Lambda","disjoint_2m","entropy",2,80,FALSE,FALSE
"GISAID_US","Lambda","disjoint_2m","entropy",5,95,FALSE,FALSE
"GISAID_US","Lambda","disjoint_2m","entropy",2,112,FALSE,FALSE
"GISAID_US","Lambda","disjoint_2m","entropy",2,138,FALSE,FALSE
"GISAID_US","Lambda","disjoint_2m","entropy",5,142,FALSE,FALSE
"GISAID_US","Lambda","disjoint_2m","entropy",4,145,FALSE,FALSE
"GISAID_US","Lambda","disjoint_2m","entropy",1,152,FALSE,FALSE
"GISAID_US","Lambda","disjoint_2m","entropy",3,156,FALSE,FALSE
"GISAID_US","Lambda","disjoint_2m","entropy",3,157,FALSE,FALSE
"GISAID_US","Lambda","disjoint_2m","entropy",3,158,FALSE,FALSE
"GISAID_US","Lambda","disjoint_2m","entropy",2,190,FALSE,FALSE
"GISAID_US","Lambda","disjoint_2m","entropy",2,215,FALSE,FALSE
"GISAID_US","Lambda","disjoint_2m","entropy",5,222,FALSE,FALSE
"GISAID_US","Lambda","disjoint_2m","entropy",1,253,FALSE,FALSE
"GISAID_US","Lambda","disjoint_2m","entropy",2,289,FALSE,FALSE
"GISAID_US","Lambda","disjoint_2m","entropy",2,417,FALSE,FALSE
"GISAID_US","Lambda","disjoint_2m","entropy",4,452,FALSE,TRUE
"GISAID_US","Lambda","disjoint_2m","entropy",2,477,FALSE,FALSE
"GISAID_US","Lambda","disjoint_2m","entropy",3,478,FALSE,FALSE
"GISAID_US","Lambda","disjoint_2m","entropy",4,484,FALSE,FALSE
"GISAID_US","Lambda","disjoint_2m","entropy",4,501,FALSE,FALSE
"GISAID_US","Lambda","disjoint_2m","entropy",4,570,FALSE,FALSE
"GISAID_US","Lambda","disjoint_2m","entropy",2,655,FALSE,FALSE
"GISAID_US","Lambda","disjoint_2m","entropy",1,677,FALSE,FALSE
"GISAID_US","Lambda","disjoint_2m","entropy",4,681,FALSE,FALSE
"GISAID_US","Lambda","disjoint_2m","entropy",2,701,FALSE,FALSE
"GISAID_US","Lambda","disjoint_2m","entropy",4,716,FALSE,FALSE
"GISAID_US","Lambda","disjoint_2m","entropy",1,732,FALSE,FALSE
"GISAID_US","Lambda","disjoint_2m","entropy",2,859,FALSE,FALSE
"GISAID_US","Lambda","disjoint_2m","entropy",3,950,FALSE,FALSE
"GISAID_US","Lambda","disjoint_2m","entropy",4,982,FALSE,FALSE
"GISAID_US","Lambda","disjoint_2m","entropy",2,1027,FALSE,FALSE
"GISAID_US","Lambda","disjoint_2m","entropy",2,1104,FALSE,FALSE
"GISAID_US","Lambda","disjoint_2m","entropy",4,1118,FALSE,FALSE
"GISAID_US","Lambda","disjoint_2m","entropy",2,1176,FALSE,FALSE
"GISAID_US","Lambda","disjoint_2m","entropy",2,1191,FALSE,FALSE
"GISAID_US","Lambda","disjoint_2m","entropy",2,1264,FALSE,FALSE
"GISAID_US","Lambda","disjoint_2m","hellinger_T1",1,5,FALSE,FALSE
"GISAID_US","Lambda","disjoint_2m","hellinger_T1",1,13,FALSE,FALSE
"GISAID_US","Lambda","disjoint_2m","hellinger_T1",1,18,FALSE,FALSE
"GISAID_US","Lambda","disjoint_2m","hellinger_T1",2,19,FALSE,FALSE
"GISAID_US","Lambda","disjoint_2m","hellinger_T1",1,20,FALSE,FALSE
"GISAID_US","Lambda","disjoint_2m","hellinger_T1",1,26,FALSE,FALSE
"GISAID_US","Lambda","disjoint_2m","hellinger_T1",1,69,FALSE,FALSE
"GISAID_US","Lambda","disjoint_2m","hellinger_T1",1,70,FALSE,FALSE
"GISAID_US","Lambda","disjoint_2m","hellinger_T1",1,80,FALSE,FALSE
"GISAID_US","Lambda","disjoint_2m","hellinger_T1",1,95,FALSE,FALSE
"GISAID_US","Lambda","disjoint_2m","hellinger_T1",1,112,FALSE,FALSE
"GISAID_US","Lambda","disjoint_2m","hellinger_T1",1,138,FALSE,FALSE
"GISAID_US","Lambda","disjoint_2m","hellinger_T1",2,142,FALSE,FALSE
"GISAID_US","Lambda","disjoint_2m","hellinger_T1",1,145,FALSE,FALSE
"GISAID_US","Lambda","disjoint_2m","hellinger_T1",1,152,FALSE,FALSE
"GISAID_US","Lambda","disjoint_2m","hellinger_T1",2,156,FALSE,FALSE
"GISAID_US","Lambda","disjoint_2m","hellinger_T1",2,157,FALSE,FALSE
"GISAID_US","Lambda","disjoint_2m","hellinger_T1",2,158,FALSE,FALSE
"GISAID_US","Lambda","disjoint_2m","hellinger_T1",1,190,FALSE,FALSE
"GISAID_US","Lambda","disjoint_2m","hellinger_T1",1,215,FALSE,FALSE
"GISAID_US","Lambda","disjoint_2m","hellinger_T1",1,222,FALSE,FALSE
"GISAID_US","Lambda","disjoint_2m","hellinger_T1",1,253,FALSE,FALSE
"GISAID_US","Lambda","disjoint_2m","hellinger_T1",1,289,FALSE,FALSE
"GISAID_US","Lambda","disjoint_2m","hellinger_T1",1,417,FALSE,FALSE
"GISAID_US","Lambda","disjoint_2m","hellinger_T1",2,452,FALSE,TRUE
"GISAID_US","Lambda","disjoint_2m","hellinger_T1",1,477,FALSE,FALSE
"GISAID_US","Lambda","disjoint_2m","hellinger_T1",2,478,FALSE,FALSE
"GISAID_US","Lambda","disjoint_2m","hellinger_T1",1,484,FALSE,FALSE
"GISAID_US","Lambda","disjoint_2m","hellinger_T1",1,501,FALSE,FALSE
"GISAID_US","Lambda","disjoint_2m","hellinger_T1",1,570,FALSE,FALSE
"GISAID_US","Lambda","disjoint_2m","hellinger_T1",1,655,FALSE,FALSE
"GISAID_US","Lambda","disjoint_2m","hellinger_T1",1,677,FALSE,FALSE
"GISAID_US","Lambda","disjoint_2m","hellinger_T1",2,681,FALSE,FALSE
"GISAID_US","Lambda","disjoint_2m","hellinger_T1",1,701,FALSE,FALSE
"GISAID_US","Lambda","disjoint_2m","hellinger_T1",1,716,FALSE,FALSE
"GISAID_US","Lambda","disjoint_2m","hellinger_T1",1,732,FALSE,FALSE
"GISAID_US","Lambda","disjoint_2m","hellinger_T1",1,859,FALSE,FALSE
"GISAID_US","Lambda","disjoint_2m","hellinger_T1",2,950,FALSE,FALSE
"GISAID_US","Lambda","disjoint_2m","hellinger_T1",1,982,FALSE,FALSE
"GISAID_US","Lambda","disjoint_2m","hellinger_T1",1,1027,FALSE,FALSE
"GISAID_US","Lambda","disjoint_2m","hellinger_T1",1,1104,FALSE,FALSE
"GISAID_US","Lambda","disjoint_2m","hellinger_T1",1,1118,FALSE,FALSE
"GISAID_US","Lambda","disjoint_2m","hellinger_T1",1,1176,FALSE,FALSE
"GISAID_US","Lambda","disjoint_2m","hellinger_T1",1,1191,FALSE,FALSE
"GISAID_US","Lambda","disjoint_2m","hellinger_T1",1,1264,FALSE,FALSE
"GISAID_US","Lambda","disjoint_2m","hellinger_Tpred",1,5,FALSE,FALSE
"GISAID_US","Lambda","disjoint_2m","hellinger_Tpred",1,13,FALSE,FALSE
"GISAID_US","Lambda","disjoint_2m","hellinger_Tpred",1,18,FALSE,FALSE
"GISAID_US","Lambda","disjoint_2m","hellinger_Tpred",2,19,FALSE,FALSE
"GISAID_US","Lambda","disjoint_2m","hellinger_Tpred",1,20,FALSE,FALSE
"GISAID_US","Lambda","disjoint_2m","hellinger_Tpred",1,26,FALSE,FALSE
"GISAID_US","Lambda","disjoint_2m","hellinger_Tpred",1,69,FALSE,FALSE
"GISAID_US","Lambda","disjoint_2m","hellinger_Tpred",1,70,FALSE,FALSE
"GISAID_US","Lambda","disjoint_2m","hellinger_Tpred",1,80,FALSE,FALSE
"GISAID_US","Lambda","disjoint_2m","hellinger_Tpred",1,95,FALSE,FALSE
"GISAID_US","Lambda","disjoint_2m","hellinger_Tpred",1,112,FALSE,FALSE
"GISAID_US","Lambda","disjoint_2m","hellinger_Tpred",1,138,FALSE,FALSE
"GISAID_US","Lambda","disjoint_2m","hellinger_Tpred",2,142,FALSE,FALSE
"GISAID_US","Lambda","disjoint_2m","hellinger_Tpred",1,145,FALSE,FALSE
"GISAID_US","Lambda","disjoint_2m","hellinger_Tpred",1,152,FALSE,FALSE
"GISAID_US","Lambda","disjoint_2m","hellinger_Tpred",2,156,FALSE,FALSE
"GISAID_US","Lambda","disjoint_2m","hellinger_Tpred",2,157,FALSE,FALSE
"GISAID_US","Lambda","disjoint_2m","hellinger_Tpred",2,158,FALSE,FALSE
"GISAID_US","Lambda","disjoint_2m","hellinger_Tpred",1,190,FALSE,FALSE
"GISAID_US","Lambda","disjoint_2m","hellinger_Tpred",1,215,FALSE,FALSE
"GISAID_US","Lambda","disjoint_2m","hellinger_Tpred",1,222,FALSE,FALSE
"GISAID_US","Lambda","disjoint_2m","hellinger_Tpred",1,253,FALSE,FALSE
"GISAID_US","Lambda","disjoint_2m","hellinger_Tpred",1,289,FALSE,FALSE
"GISAID_US","Lambda","disjoint_2m","hellinger_Tpred",1,417,FALSE,FALSE
"GISAID_US","Lambda","disjoint_2m","hellinger_Tpred",2,452,FALSE,TRUE
"GISAID_US","Lambda","disjoint_2m","hellinger_Tpred",1,477,FALSE,FALSE
"GISAID_US","Lambda","disjoint_2m","hellinger_Tpred",2,478,FALSE,FALSE
"GISAID_US","Lambda","disjoint_2m","hellinger_Tpred",1,484,FALSE,FALSE
"GISAID_US","Lambda","disjoint_2m","hellinger_Tpred",1,501,FALSE,FALSE
"GISAID_US","Lambda","disjoint_2m","hellinger_Tpred",1,570,FALSE,FALSE
"GISAID_US","Lambda","disjoint_2m","hellinger_Tpred",1,655,FALSE,FALSE
"GISAID_US","Lambda","disjoint_2m","hellinger_Tpred",1,677,FALSE,FALSE
"GISAID_US","Lambda","disjoint_2m","hellinger_Tpred",2,681,FALSE,FALSE
"GISAID_US","Lambda","disjoint_2m","hellinger_Tpred",1,701,FALSE,FALSE
"GISAID_US","Lambda","disjoint_2m","hellinger_Tpred",1,716,FALSE,FALSE
"GISAID_US","Lambda","disjoint_2m","hellinger_Tpred",1,732,FALSE,FALSE
"GISAID_US","Lambda","disjoint_2m","hellinger_Tpred",1,859,FALSE,FALSE
"GISAID_US","Lambda","disjoint_2m","hellinger_Tpred",2,950,FALSE,FALSE
"GISAID_US","Lambda","disjoint_2m","hellinger_Tpred",1,982,FALSE,FALSE
"GISAID_US","Lambda","disjoint_2m","hellinger_Tpred",1,1027,FALSE,FALSE
"GISAID_US","Lambda","disjoint_2m","hellinger_Tpred",1,1104,FALSE,FALSE
"GISAID_US","Lambda","disjoint_2m","hellinger_Tpred",1,1118,FALSE,FALSE
"GISAID_US","Lambda","disjoint_2m","hellinger_Tpred",1,1176,FALSE,FALSE
"GISAID_US","Lambda","disjoint_2m","hellinger_Tpred",1,1191,FALSE,FALSE
"GISAID_US","Lambda","disjoint_2m","hellinger_Tpred",1,1264,FALSE,FALSE
"GISAID_US","Lambda","sliding_2m","entropy",1,5,FALSE,FALSE
"GISAID_US","Lambda","sliding_2m","entropy",1,13,FALSE,FALSE
"GISAID_US","Lambda","sliding_2m","entropy",2,18,FALSE,FALSE
"GISAID_US","Lambda","sliding_2m","entropy",3,19,FALSE,FALSE
"GISAID_US","Lambda","sliding_2m","entropy",2,20,FALSE,FALSE
"GISAID_US","Lambda","sliding_2m","entropy",2,26,FALSE,FALSE
"GISAID_US","Lambda","sliding_2m","entropy",4,69,FALSE,FALSE
"GISAID_US","Lambda","sliding_2m","entropy",4,70,FALSE,FALSE
"GISAID_US","Lambda","sliding_2m","entropy",2,80,FALSE,FALSE
"GISAID_US","Lambda","sliding_2m","entropy",5,95,FALSE,FALSE
"GISAID_US","Lambda","sliding_2m","entropy",2,112,FALSE,FALSE
"GISAID_US","Lambda","sliding_2m","entropy",2,138,FALSE,FALSE
"GISAID_US","Lambda","sliding_2m","entropy",5,142,FALSE,FALSE
"GISAID_US","Lambda","sliding_2m","entropy",4,145,FALSE,FALSE
"GISAID_US","Lambda","sliding_2m","entropy",1,152,FALSE,FALSE
"GISAID_US","Lambda","sliding_2m","entropy",3,156,FALSE,FALSE
"GISAID_US","Lambda","sliding_2m","entropy",3,157,FALSE,FALSE
"GISAID_US","Lambda","sliding_2m","entropy",3,158,FALSE,FALSE
"GISAID_US","Lambda","sliding_2m","entropy",2,190,FALSE,FALSE
"GISAID_US","Lambda","sliding_2m","entropy",2,215,FALSE,FALSE
"GISAID_US","Lambda","sliding_2m","entropy",5,222,FALSE,FALSE
"GISAID_US","Lambda","sliding_2m","entropy",1,253,FALSE,FALSE
"GISAID_US","Lambda","sliding_2m","entropy",2,289,FALSE,FALSE
"GISAID_US","Lambda","sliding_2m","entropy",2,417,FALSE,FALSE
"GISAID_US","Lambda","sliding_2m","entropy",4,452,FALSE,TRUE
"GISAID_US","Lambda","sliding_2m","entropy",2,477,FALSE,FALSE
"GISAID_US","Lambda","sliding_2m","entropy",3,478,FALSE,FALSE
"GISAID_US","Lambda","sliding_2m","entropy",4,484,FALSE,FALSE
"GISAID_US","Lambda","sliding_2m","entropy",4,501,FALSE,FALSE
"GISAID_US","Lambda","sliding_2m","entropy",4,570,FALSE,FALSE
"GISAID_US","Lambda","sliding_2m","entropy",2,655,FALSE,FALSE
"GISAID_US","Lambda","sliding_2m","entropy",1,677,FALSE,FALSE
"GISAID_US","Lambda","sliding_2m","entropy",4,681,FALSE,FALSE
"GISAID_US","Lambda","sliding_2m","entropy",2,701,FALSE,FALSE
"GISAID_US","Lambda","sliding_2m","entropy",4,716,FALSE,FALSE
"GISAID_US","Lambda","sliding_2m","entropy",1,732,FALSE,FALSE
"GISAID_US","Lambda","sliding_2m","entropy",2,859,FALSE,FALSE
"GISAID_US","Lambda","sliding_2m","entropy",3,950,FALSE,FALSE
"GISAID_US","Lambda","sliding_2m","entropy",4,982,FALSE,FALSE
"GISAID_US","Lambda","sliding_2m","entropy",2,1027,FALSE,FALSE
"GISAID_US","Lambda","sliding_2m","entropy",2,1104,FALSE,FALSE
"GISAID_US","Lambda","sliding_2m","entropy",4,1118,FALSE,FALSE
"GISAID_US","Lambda","sliding_2m","entropy",2,1176,FALSE,FALSE
"GISAID_US","Lambda","sliding_2m","entropy",2,1191,FALSE,FALSE
"GISAID_US","Lambda","sliding_2m","entropy",2,1264,FALSE,FALSE
"GISAID_US","Lambda","sliding_2m","hellinger_T1",1,5,FALSE,FALSE
"GISAID_US","Lambda","sliding_2m","hellinger_T1",1,13,FALSE,FALSE
"GISAID_US","Lambda","sliding_2m","hellinger_T1",1,18,FALSE,FALSE
"GISAID_US","Lambda","sliding_2m","hellinger_T1",2,19,FALSE,FALSE
"GISAID_US","Lambda","sliding_2m","hellinger_T1",1,20,FALSE,FALSE
"GISAID_US","Lambda","sliding_2m","hellinger_T1",1,26,FALSE,FALSE
"GISAID_US","Lambda","sliding_2m","hellinger_T1",1,69,FALSE,FALSE
"GISAID_US","Lambda","sliding_2m","hellinger_T1",1,70,FALSE,FALSE
"GISAID_US","Lambda","sliding_2m","hellinger_T1",1,80,FALSE,FALSE
"GISAID_US","Lambda","sliding_2m","hellinger_T1",2,95,FALSE,FALSE
"GISAID_US","Lambda","sliding_2m","hellinger_T1",1,112,FALSE,FALSE
"GISAID_US","Lambda","sliding_2m","hellinger_T1",1,138,FALSE,FALSE
"GISAID_US","Lambda","sliding_2m","hellinger_T1",2,142,FALSE,FALSE
"GISAID_US","Lambda","sliding_2m","hellinger_T1",1,145,FALSE,FALSE
"GISAID_US","Lambda","sliding_2m","hellinger_T1",1,152,FALSE,FALSE
"GISAID_US","Lambda","sliding_2m","hellinger_T1",2,156,FALSE,FALSE
"GISAID_US","Lambda","sliding_2m","hellinger_T1",2,157,FALSE,FALSE
"GISAID_US","Lambda","sliding_2m","hellinger_T1",2,158,FALSE,FALSE
"GISAID_US","Lambda","sliding_2m","hellinger_T1",1,190,FALSE,FALSE
"GISAID_US","Lambda","sliding_2m","hellinger_T1",1,215,FALSE,FALSE
"GISAID_US","Lambda","sliding_2m","hellinger_T1",1,222,FALSE,FALSE
"GISAID_US","Lambda","sliding_2m","hellinger_T1",1,253,FALSE,FALSE
"GISAID_US","Lambda","sliding_2m","hellinger_T1",1,289,FALSE,FALSE
"GISAID_US","Lambda","sliding_2m","hellinger_T1",1,417,FALSE,FALSE
"GISAID_US","Lambda","sliding_2m","hellinger_T1",2,452,FALSE,TRUE
"GISAID_US","Lambda","sliding_2m","hellinger_T1",1,477,FALSE,FALSE
"GISAID_US","Lambda","sliding_2m","hellinger_T1",2,478,FALSE,FALSE
"GISAID_US","Lambda","sliding_2m","hellinger_T1",1,484,FALSE,FALSE
"GISAID_US","Lambda","sliding_2m","hellinger_T1",1,501,FALSE,FALSE
"GISAID_US","Lambda","sliding_2m","hellinger_T1",1,570,FALSE,FALSE
"GISAID_US","Lambda","sliding_2m","hellinger_T1",1,655,FALSE,FALSE
"GISAID_US","Lambda","sliding_2m","hellinger_T1",1,677,FALSE,FALSE
"GISAID_US","Lambda","sliding_2m","hellinger_T1",2,681,FALSE,FALSE
"GISAID_US","Lambda","sliding_2m","hellinger_T1",1,701,FALSE,FALSE
"GISAID_US","Lambda","sliding_2m","hellinger_T1",1,716,FALSE,FALSE
"GISAID_US","Lambda","sliding_2m","hellinger_T1",1,732,FALSE,FALSE
"GISAID_US","Lambda","sliding_2m","hellinger_T1",1,859,FALSE,FALSE
"GISAID_US","Lambda","sliding_2m","hellinger_T1",2,950,FALSE,FALSE
"GISAID_US","Lambda","sliding_2m","hellinger_T1",1,982,FALSE,FALSE
"GISAID_US","Lambda","sliding_2m","hellinger_T1",1,1027,FALSE,FALSE
"GISAID_US","Lambda","sliding_2m","hellinger_T1",1,1104,FALSE,FALSE
"GISAID_US","Lambda","sliding_2m","hellinger_T1",1,1118,FALSE,FALSE
"GISAID_US","Lambda","sliding_2m","hellinger_T1",1,1176,FALSE,FALSE
"GISAID_US","Lambda","sliding_2m","hellinger_T1",1,1191,FALSE,FALSE
"GISAID_US","Lambda","sliding_2m","hellinger_T1",1,1264,FALSE,FALSE
"GISAID_US","Lambda","sliding_2m","hellinger_Tpred",1,5,FALSE,FALSE
"GISAID_US","Lambda","sliding_2m","hellinger_Tpred",1,13,FALSE,FALSE
"GISAID_US","Lambda","sliding_2m","hellinger_Tpred",1,18,FALSE,FALSE
"GISAID_US","Lambda","sliding_2m","hellinger_Tpred",2,19,FALSE,FALSE
"GISAID_US","Lambda","sliding_2m","hellinger_Tpred",1,20,FALSE,FALSE
"GISAID_US","Lambda","sliding_2m","hellinger_Tpred",1,26,FALSE,FALSE
"GISAID_US","Lambda","sliding_2m","hellinger_Tpred",1,69,FALSE,FALSE
"GISAID_US","Lambda","sliding_2m","hellinger_Tpred",1,70,FALSE,FALSE
"GISAID_US","Lambda","sliding_2m","hellinger_Tpred",1,80,FALSE,FALSE
"GISAID_US","Lambda","sliding_2m","hellinger_Tpred",1,95,FALSE,FALSE
"GISAID_US","Lambda","sliding_2m","hellinger_Tpred",1,112,FALSE,FALSE
"GISAID_US","Lambda","sliding_2m","hellinger_Tpred",1,138,FALSE,FALSE
"GISAID_US","Lambda","sliding_2m","hellinger_Tpred",2,142,FALSE,FALSE
"GISAID_US","Lambda","sliding_2m","hellinger_Tpred",1,145,FALSE,FALSE
"GISAID_US","Lambda","sliding_2m","hellinger_Tpred",1,152,FALSE,FALSE
"GISAID_US","Lambda","sliding_2m","hellinger_Tpred",2,156,FALSE,FALSE
"GISAID_US","Lambda","sliding_2m","hellinger_Tpred",2,157,FALSE,FALSE
"GISAID_US","Lambda","sliding_2m","hellinger_Tpred",2,158,FALSE,FALSE
"GISAID_US","Lambda","sliding_2m","hellinger_Tpred",1,190,FALSE,FALSE
"GISAID_US","Lambda","sliding_2m","hellinger_Tpred",1,215,FALSE,FALSE
"GISAID_US","Lambda","sliding_2m","hellinger_Tpred",1,222,FALSE,FALSE
"GISAID_US","Lambda","sliding_2m","hellinger_Tpred",1,253,FALSE,FALSE
"GISAID_US","Lambda","sliding_2m","hellinger_Tpred",1,289,FALSE,FALSE
"GISAID_US","Lambda","sliding_2m","hellinger_Tpred",1,417,FALSE,FALSE
"GISAID_US","Lambda","sliding_2m","hellinger_Tpred",2,452,FALSE,TRUE
"GISAID_US","Lambda","sliding_2m","hellinger_Tpred",1,477,FALSE,FALSE
"GISAID_US","Lambda","sliding_2m","hellinger_Tpred",2,478,FALSE,FALSE
"GISAID_US","Lambda","sliding_2m","hellinger_Tpred",1,484,FALSE,FALSE
"GISAID_US","Lambda","sliding_2m","hellinger_Tpred",1,501,FALSE,FALSE
"GISAID_US","Lambda","sliding_2m","hellinger_Tpred",1,570,FALSE,FALSE
"GISAID_US","Lambda","sliding_2m","hellinger_Tpred",1,655,FALSE,FALSE
"GISAID_US","Lambda","sliding_2m","hellinger_Tpred",1,677,FALSE,FALSE
"GISAID_US","Lambda","sliding_2m","hellinger_Tpred",2,681,FALSE,FALSE
"GISAID_US","Lambda","sliding_2m","hellinger_Tpred",1,701,FALSE,FALSE
"GISAID_US","Lambda","sliding_2m","hellinger_Tpred",1,716,FALSE,FALSE
"GISAID_US","Lambda","sliding_2m","hellinger_Tpred",1,732,FALSE,FALSE
"GISAID_US","Lambda","sliding_2m","hellinger_Tpred",1,859,FALSE,FALSE
"GISAID_US","Lambda","sliding_2m","hellinger_Tpred",2,950,FALSE,FALSE
"GISAID_US","Lambda","sliding_2m","hellinger_Tpred",1,982,FALSE,FALSE
"GISAID_US","Lambda","sliding_2m","hellinger_Tpred",1,1027,FALSE,FALSE
"GISAID_US","Lambda","sliding_2m","hellinger_Tpred",1,1104,FALSE,FALSE
"GISAID_US","Lambda","sliding_2m","hellinger_Tpred",1,1118,FALSE,FALSE
"GISAID_US","Lambda","sliding_2m","hellinger_Tpred",1,1176,FALSE,FALSE
"GISAID_US","Lambda","sliding_2m","hellinger_Tpred",1,1191,FALSE,FALSE
"GISAID_US","Lambda","sliding_2m","hellinger_Tpred",1,1264,FALSE,FALSE
"GISAID_US","Omicron","cumulative_1m","entropy",1,5,FALSE,FALSE
"GISAID_US","Omicron","cumulative_1m","entropy",1,19,FALSE,FALSE
"GISAID_US","Omicron","cumulative_1m","entropy",2,24,FALSE,FALSE
"GISAID_US","Omicron","cumulative_1m","entropy",2,25,FALSE,FALSE
"GISAID_US","Omicron","cumulative_1m","entropy",2,26,FALSE,FALSE
"GISAID_US","Omicron","cumulative_1m","entropy",2,27,FALSE,FALSE
"GISAID_US","Omicron","cumulative_1m","entropy",1,69,FALSE,FALSE
"GISAID_US","Omicron","cumulative_1m","entropy",1,70,FALSE,FALSE
"GISAID_US","Omicron","cumulative_1m","entropy",1,95,TRUE,TRUE
"GISAID_US","Omicron","cumulative_1m","entropy",1,142,FALSE,TRUE
"GISAID_US","Omicron","cumulative_1m","entropy",2,144,FALSE,FALSE
"GISAID_US","Omicron","cumulative_1m","entropy",1,145,FALSE,TRUE
"GISAID_US","Omicron","cumulative_1m","entropy",1,156,FALSE,FALSE
"GISAID_US","Omicron","cumulative_1m","entropy",1,157,FALSE,FALSE
"GISAID_US","Omicron","cumulative_1m","entropy",1,158,FALSE,FALSE
"GISAID_US","Omicron","cumulative_1m","entropy",2,213,FALSE,FALSE
"GISAID_US","Omicron","cumulative_1m","entropy",2,222,FALSE,FALSE
"GISAID_US","Omicron","cumulative_1m","entropy",2,339,TRUE,TRUE
"GISAID_US","Omicron","cumulative_1m","entropy",2,346,FALSE,TRUE
"GISAID_US","Omicron","cumulative_1m","entropy",2,371,TRUE,TRUE
"GISAID_US","Omicron","cumulative_1m","entropy",2,373,TRUE,TRUE
"GISAID_US","Omicron","cumulative_1m","entropy",2,375,TRUE,TRUE
"GISAID_US","Omicron","cumulative_1m","entropy",2,376,FALSE,FALSE
"GISAID_US","Omicron","cumulative_1m","entropy",2,405,FALSE,FALSE
"GISAID_US","Omicron","cumulative_1m","entropy",2,408,FALSE,FALSE
"GISAID_US","Omicron","cumulative_1m","entropy",2,417,TRUE,TRUE
"GISAID_US","Omicron","cumulative_1m","entropy",2,440,TRUE,TRUE
"GISAID_US","Omicron","cumulative_1m","entropy",1,452,FALSE,FALSE
"GISAID_US","Omicron","cumulative_1m","entropy",2,477,TRUE,TRUE
"GISAID_US","Omicron","cumulative_1m","entropy",1,478,TRUE,TRUE
"GISAID_US","Omicron","cumulative_1m","entropy",1,484,TRUE,TRUE
"GISAID_US","Omicron","cumulative_1m","entropy",2,486,FALSE,FALSE
"GISAID_US","Omicron","cumulative_1m","entropy",2,493,TRUE,TRUE
"GISAID_US","Omicron","cumulative_1m","entropy",2,498,TRUE,TRUE
"GISAID_US","Omicron","cumulative_1m","entropy",1,501,TRUE,TRUE
"GISAID_US","Omicron","cumulative_1m","entropy",2,505,TRUE,TRUE
"GISAID_US","Omicron","cumulative_1m","entropy",1,570,FALSE,FALSE
"GISAID_US","Omicron","cumulative_1m","entropy",2,655,TRUE,TRUE
"GISAID_US","Omicron","cumulative_1m","entropy",2,679,TRUE,TRUE
"GISAID_US","Omicron","cumulative_1m","entropy",1,681,TRUE,TRUE
"GISAID_US","Omicron","cumulative_1m","entropy",2,704,FALSE,FALSE
"GISAID_US","Omicron","cumulative_1m","entropy",1,716,FALSE,FALSE
"GISAID_US","Omicron","cumulative_1m","entropy",2,764,TRUE,TRUE
"GISAID_US","Omicron","cumulative_1m","entropy",2,796,TRUE,TRUE
"GISAID_US","Omicron","cumulative_1m","entropy",1,950,FALSE,FALSE
"GISAID_US","Omicron","cumulative_1m","entropy",2,954,TRUE,TRUE
"GISAID_US","Omicron","cumulative_1m","entropy",2,969,TRUE,TRUE
"GISAID_US","Omicron","cumulative_1m","entropy",1,982,FALSE,FALSE
"GISAID_US","Omicron","cumulative_1m","entropy",1,1118,FALSE,FALSE
"GISAID_US","Omicron","cumulative_1m","hellinger_T1",1,5,FALSE,FALSE
"GISAID_US","Omicron","cumulative_1m","hellinger_T1",2,19,FALSE,FALSE
"GISAID_US","Omicron","cumulative_1m","hellinger_T1",1,24,FALSE,FALSE
"GISAID_US","Omicron","cumulative_1m","hellinger_T1",1,25,FALSE,FALSE
"GISAID_US","Omicron","cumulative_1m","hellinger_T1",1,26,FALSE,FALSE
"GISAID_US","Omicron","cumulative_1m","hellinger_T1",1,27,FALSE,FALSE
"GISAID_US","Omicron","cumulative_1m","hellinger_T1",1,69,FALSE,FALSE
"GISAID_US","Omicron","cumulative_1m","hellinger_T1",1,70,FALSE,FALSE
"GISAID_US","Omicron","cumulative_1m","hellinger_T1",1,95,TRUE,TRUE
"GISAID_US","Omicron","cumulative_1m","hellinger_T1",2,142,FALSE,TRUE
"GISAID_US","Omicron","cumulative_1m","hellinger_T1",1,144,FALSE,FALSE
"GISAID_US","Omicron","cumulative_1m","hellinger_T1",1,145,FALSE,TRUE
"GISAID_US","Omicron","cumulative_1m","hellinger_T1",2,156,FALSE,FALSE
"GISAID_US","Omicron","cumulative_1m","hellinger_T1",2,157,FALSE,FALSE
"GISAID_US","Omicron","cumulative_1m","hellinger_T1",2,158,FALSE,FALSE
"GISAID_US","Omicron","cumulative_1m","hellinger_T1",1,213,FALSE,FALSE
"GISAID_US","Omicron","cumulative_1m","hellinger_T1",1,222,FALSE,FALSE
"GISAID_US","Omicron","cumulative_1m","hellinger_T1",1,339,TRUE,TRUE
"GISAID_US","Omicron","cumulative_1m","hellinger_T1",1,346,FALSE,TRUE
"GISAID_US","Omicron","cumulative_1m","hellinger_T1",1,371,TRUE,TRUE
"GISAID_US","Omicron","cumulative_1m","hellinger_T1",1,373,TRUE,TRUE
"GISAID_US","Omicron","cumulative_1m","hellinger_T1",1,375,TRUE,TRUE
"GISAID_US","Omicron","cumulative_1m","hellinger_T1",1,376,FALSE,FALSE
"GISAID_US","Omicron","cumulative_1m","hellinger_T1",1,405,FALSE,FALSE
"GISAID_US","Omicron","cumulative_1m","hellinger_T1",1,408,FALSE,FALSE
"GISAID_US","Omicron","cumulative_1m","hellinger_T1",1,417,TRUE,TRUE
"GISAID_US","Omicron","cumulative_1m","hellinger_T1",1,440,TRUE,TRUE
"GISAID_US","Omicron","cumulative_1m","hellinger_T1",2,452,FALSE,FALSE
"GISAID_US","Omicron","cumulative_1m","hellinger_T1",1,477,TRUE,TRUE
"GISAID_US","Omicron","cumulative_1m","hellinger_T1",2,478,TRUE,TRUE
"GISAID_US","Omicron","cumulative_1m","hellinger_T1",1,484,TRUE,TRUE
"GISAID_US","Omicron","cumulative_1m","hellinger_T1",1,486,FALSE,FALSE
"GISAID_US","Omicron","cumulative_1m","hellinger_T1",1,493,TRUE,TRUE
"GISAID_US","Omicron","cumulative_1m","hellinger_T1",1,498,TRUE,TRUE
"GISAID_US","Omicron","cumulative_1m","hellinger_T1",1,501,TRUE,TRUE
"GISAID_US","Omicron","cumulative_1m","hellinger_T1",1,505,TRUE,TRUE
"GISAID_US","Omicron","cumulative_1m","hellinger_T1",1,570,FALSE,FALSE
"GISAID_US","Omicron","cumulative_1m","hellinger_T1",1,655,TRUE,TRUE
"GISAID_US","Omicron","cumulative_1m","hellinger_T1",1,679,TRUE,TRUE
"GISAID_US","Omicron","cumulative_1m","hellinger_T1",2,681,TRUE,TRUE
"GISAID_US","Omicron","cumulative_1m","hellinger_T1",1,704,FALSE,FALSE
"GISAID_US","Omicron","cumulative_1m","hellinger_T1",1,716,FALSE,FALSE
"GISAID_US","Omicron","cumulative_1m","hellinger_T1",1,764,TRUE,TRUE
"GISAID_US","Omicron","cumulative_1m","hellinger_T1",1,796,TRUE,TRUE
"GISAID_US","Omicron","cumulative_1m","hellinger_T1",2,950,FALSE,FALSE
"GISAID_US","Omicron","cumulative_1m","hellinger_T1",1,954,TRUE,TRUE
"GISAID_US","Omicron","cumulative_1m","hellinger_T1",1,969,TRUE,TRUE
"GISAID_US","Omicron","cumulative_1m","hellinger_T1",1,982,FALSE,FALSE
"GISAID_US","Omicron","cumulative_1m","hellinger_T1",1,1118,FALSE,FALSE
"GISAID_US","Omicron","cumulative_1m","hellinger_Tpred",1,5,FALSE,FALSE
"GISAID_US","Omicron","cumulative_1m","hellinger_Tpred",2,19,FALSE,FALSE
"GISAID_US","Omicron","cumulative_1m","hellinger_Tpred",1,24,FALSE,FALSE
"GISAID_US","Omicron","cumulative_1m","hellinger_Tpred",1,25,FALSE,FALSE
"GISAID_US","Omicron","cumulative_1m","hellinger_Tpred",1,26,FALSE,FALSE
"GISAID_US","Omicron","cumulative_1m","hellinger_Tpred",1,27,FALSE,FALSE
"GISAID_US","Omicron","cumulative_1m","hellinger_Tpred",1,69,FALSE,FALSE
"GISAID_US","Omicron","cumulative_1m","hellinger_Tpred",1,70,FALSE,FALSE
"GISAID_US","Omicron","cumulative_1m","hellinger_Tpred",1,95,TRUE,TRUE
"GISAID_US","Omicron","cumulative_1m","hellinger_Tpred",2,142,FALSE,TRUE
"GISAID_US","Omicron","cumulative_1m","hellinger_Tpred",1,144,FALSE,FALSE
"GISAID_US","Omicron","cumulative_1m","hellinger_Tpred",1,145,FALSE,TRUE
"GISAID_US","Omicron","cumulative_1m","hellinger_Tpred",2,156,FALSE,FALSE
"GISAID_US","Omicron","cumulative_1m","hellinger_Tpred",2,157,FALSE,FALSE
"GISAID_US","Omicron","cumulative_1m","hellinger_Tpred",2,158,FALSE,FALSE
"GISAID_US","Omicron","cumulative_1m","hellinger_Tpred",1,213,FALSE,FALSE
"GISAID_US","Omicron","cumulative_1m","hellinger_Tpred",1,222,FALSE,FALSE
"GISAID_US","Omicron","cumulative_1m","hellinger_Tpred",1,339,TRUE,TRUE
"GISAID_US","Omicron","cumulative_1m","hellinger_Tpred",1,346,FALSE,TRUE
"GISAID_US","Omicron","cumulative_1m","hellinger_Tpred",1,371,TRUE,TRUE
"GISAID_US","Omicron","cumulative_1m","hellinger_Tpred",1,373,TRUE,TRUE
"GISAID_US","Omicron","cumulative_1m","hellinger_Tpred",1,375,TRUE,TRUE
"GISAID_US","Omicron","cumulative_1m","hellinger_Tpred",1,376,FALSE,FALSE
"GISAID_US","Omicron","cumulative_1m","hellinger_Tpred",1,405,FALSE,FALSE
"GISAID_US","Omicron","cumulative_1m","hellinger_Tpred",1,408,FALSE,FALSE
"GISAID_US","Omicron","cumulative_1m","hellinger_Tpred",1,417,TRUE,TRUE
"GISAID_US","Omicron","cumulative_1m","hellinger_Tpred",1,440,TRUE,TRUE
"GISAID_US","Omicron","cumulative_1m","hellinger_Tpred",2,452,FALSE,FALSE
"GISAID_US","Omicron","cumulative_1m","hellinger_Tpred",1,477,TRUE,TRUE
"GISAID_US","Omicron","cumulative_1m","hellinger_Tpred",2,478,TRUE,TRUE
"GISAID_US","Omicron","cumulative_1m","hellinger_Tpred",1,484,TRUE,TRUE
"GISAID_US","Omicron","cumulative_1m","hellinger_Tpred",1,486,FALSE,FALSE
"GISAID_US","Omicron","cumulative_1m","hellinger_Tpred",1,493,TRUE,TRUE
"GISAID_US","Omicron","cumulative_1m","hellinger_Tpred",1,498,TRUE,TRUE
"GISAID_US","Omicron","cumulative_1m","hellinger_Tpred",1,501,TRUE,TRUE
"GISAID_US","Omicron","cumulative_1m","hellinger_Tpred",1,505,TRUE,TRUE
"GISAID_US","Omicron","cumulative_1m","hellinger_Tpred",1,570,FALSE,FALSE
"GISAID_US","Omicron","cumulative_1m","hellinger_Tpred",1,655,TRUE,TRUE
"GISAID_US","Omicron","cumulative_1m","hellinger_Tpred",1,679,TRUE,TRUE
"GISAID_US","Omicron","cumulative_1m","hellinger_Tpred",2,681,TRUE,TRUE
"GISAID_US","Omicron","cumulative_1m","hellinger_Tpred",1,704,FALSE,FALSE
"GISAID_US","Omicron","cumulative_1m","hellinger_Tpred",1,716,FALSE,FALSE
"GISAID_US","Omicron","cumulative_1m","hellinger_Tpred",1,764,TRUE,TRUE
"GISAID_US","Omicron","cumulative_1m","hellinger_Tpred",1,796,TRUE,TRUE
"GISAID_US","Omicron","cumulative_1m","hellinger_Tpred",2,950,FALSE,FALSE
"GISAID_US","Omicron","cumulative_1m","hellinger_Tpred",1,954,TRUE,TRUE
"GISAID_US","Omicron","cumulative_1m","hellinger_Tpred",1,969,TRUE,TRUE
"GISAID_US","Omicron","cumulative_1m","hellinger_Tpred",1,982,FALSE,FALSE
"GISAID_US","Omicron","cumulative_1m","hellinger_Tpred",1,1118,FALSE,FALSE
"GISAID_US","Omicron","disjoint_2m","entropy",1,5,FALSE,FALSE
"GISAID_US","Omicron","disjoint_2m","entropy",2,19,FALSE,FALSE
"GISAID_US","Omicron","disjoint_2m","entropy",3,24,FALSE,FALSE
"GISAID_US","Omicron","disjoint_2m","entropy",3,25,FALSE,FALSE
"GISAID_US","Omicron","disjoint_2m","entropy",3,26,FALSE,FALSE
"GISAID_US","Omicron","disjoint_2m","entropy",3,27,FALSE,FALSE
"GISAID_US","Omicron","disjoint_2m","entropy",4,69,FALSE,FALSE
"GISAID_US","Omicron","disjoint_2m","entropy",4,70,FALSE,FALSE
"GISAID_US","Omicron","disjoint_2m","entropy",2,95,TRUE,TRUE
"GISAID_US","Omicron","disjoint_2m","entropy",2,142,FALSE,TRUE
"GISAID_US","Omicron","disjoint_2m","entropy",3,144,FALSE,FALSE
"GISAID_US","Omicron","disjoint_2m","entropy",2,145,FALSE,TRUE
"GISAID_US","Omicron","disjoint_2m","entropy",2,156,FALSE,FALSE
"GISAID_US","Omicron","disjoint_2m","entropy",2,157,FALSE,FALSE
"GISAID_US","Omicron","disjoint_2m","entropy",2,158,FALSE,FALSE
"GISAID_US","Omicron","disjoint_2m","entropy",3,213,FALSE,FALSE
"GISAID_US","Omicron","disjoint_2m","entropy",1,222,FALSE,FALSE
"GISAID_US","Omicron","disjoint_2m","entropy",3,339,TRUE,TRUE
"GISAID_US","Omicron","disjoint_2m","entropy",3,346,FALSE,TRUE
"GISAID_US","Omicron","disjoint_2m","entropy",3,371,TRUE,TRUE
"GISAID_US","Omicron","disjoint_2m","entropy",3,373,TRUE,TRUE
"GISAID_US","Omicron","disjoint_2m","entropy",3,375,TRUE,TRUE
"GISAID_US","Omicron","disjoint_2m","entropy",3,376,FALSE,FALSE
"GISAID_US","Omicron","disjoint_2m","entropy",3,405,FALSE,FALSE
"GISAID_US","Omicron","disjoint_2m","entropy",3,408,FALSE,FALSE
"GISAID_US","Omicron","disjoint_2m","entropy",4,417,TRUE,TRUE
"GISAID_US","Omicron","disjoint_2m","entropy",3,440,TRUE,TRUE
"GISAID_US","Omicron","disjoint_2m","entropy",4,452,FALSE,FALSE
"GISAID_US","Omicron","disjoint_2m","entropy",1,477,TRUE,TRUE
"GISAID_US","Omicron","disjoint_2m","entropy",1,478,TRUE,TRUE
"GISAID_US","Omicron","disjoint_2m","entropy",1,484,TRUE,TRUE
"GISAID_US","Omicron","disjoint_2m","entropy",3,486,FALSE,FALSE
"GISAID_US","Omicron","disjoint_2m","entropy",3,493,TRUE,TRUE
"GISAID_US","Omicron","disjoint_2m","entropy",3,498,TRUE,TRUE
"GISAID_US","Omicron","disjoint_2m","entropy",2,501,TRUE,TRUE
"GISAID_US","Omicron","disjoint_2m","entropy",3,505,TRUE,TRUE
"GISAID_US","Omicron","disjoint_2m","entropy",1,570,FALSE,FALSE
"GISAID_US","Omicron","disjoint_2m","entropy",1,655,TRUE,TRUE
"GISAID_US","Omicron","disjoint_2m","entropy",3,679,TRUE,TRUE
"GISAID_US","Omicron","disjoint_2m","entropy",2,681,TRUE,TRUE
"GISAID_US","Omicron","disjoint_2m","entropy",3,704,FALSE,FALSE
"GISAID_US","Omicron","disjoint_2m","entropy",1,716,FALSE,FALSE
"GISAID_US","Omicron","disjoint_2m","entropy",3,764,TRUE,TRUE
"GISAID_US","Omicron","disjoint_2m","entropy",3,796,TRUE,TRUE
"GISAID_US","Omicron","disjoint_2m","entropy",1,950,FALSE,FALSE
"GISAID_US","Omicron","disjoint_2m","entropy",3,954,TRUE,TRUE
"GISAID_US","Omicron","disjoint_2m","entropy",3,969,TRUE,TRUE
"GISAID_US","Omicron","disjoint_2m","entropy",1,982,FALSE,FALSE
"GISAID_US","Omicron","disjoint_2m","entropy",1,1118,FALSE,FALSE
"GISAID_US","Omicron","disjoint_2m","hellinger_T1",1,5,FALSE,FALSE
"GISAID_US","Omicron","disjoint_2m","hellinger_T1",2,19,FALSE,FALSE
"GISAID_US","Omicron","disjoint_2m","hellinger_T1",3,24,FALSE,FALSE
"GISAID_US","Omicron","disjoint_2m","hellinger_T1",3,25,FALSE,FALSE
"GISAID_US","Omicron","disjoint_2m","hellinger_T1",3,26,FALSE,FALSE
"GISAID_US","Omicron","disjoint_2m","hellinger_T1",3,27,FALSE,FALSE
"GISAID_US","Omicron","disjoint_2m","hellinger_T1",1,69,FALSE,FALSE
"GISAID_US","Omicron","disjoint_2m","hellinger_T1",1,70,FALSE,FALSE
"GISAID_US","Omicron","disjoint_2m","hellinger_T1",1,95,TRUE,TRUE
"GISAID_US","Omicron","disjoint_2m","hellinger_T1",2,142,FALSE,TRUE
"GISAID_US","Omicron","disjoint_2m","hellinger_T1",1,144,FALSE,FALSE
"GISAID_US","Omicron","disjoint_2m","hellinger_T1",1,145,FALSE,TRUE
"GISAID_US","Omicron","disjoint_2m","hellinger_T1",4,156,FALSE,FALSE
"GISAID_US","Omicron","disjoint_2m","hellinger_T1",4,157,FALSE,FALSE
"GISAID_US","Omicron","disjoint_2m","hellinger_T1",4,158,FALSE,FALSE
"GISAID_US","Omicron","disjoint_2m","hellinger_T1",3,213,FALSE,FALSE
"GISAID_US","Omicron","disjoint_2m","hellinger_T1",1,222,FALSE,FALSE
"GISAID_US","Omicron","disjoint_2m","hellinger_T1",3,339,TRUE,TRUE
"GISAID_US","Omicron","disjoint_2m","hellinger_T1",1,346,FALSE,TRUE
"GISAID_US","Omicron","disjoint_2m","hellinger_T1",3,371,TRUE,TRUE
"GISAID_US","Omicron","disjoint_2m","hellinger_T1",3,373,TRUE,TRUE
"GISAID_US","Omicron","disjoint_2m","hellinger_T1",3,375,TRUE,TRUE
"GISAID_US","Omicron","disjoint_2m","hellinger_T1",3,376,FALSE,FALSE
"GISAID_US","Omicron","disjoint_2m","hellinger_T1",3,405,FALSE,FALSE
"GISAID_US","Omicron","disjoint_2m","hellinger_T1",3,408,FALSE,FALSE
"GISAID_US","Omicron","disjoint_2m","hellinger_T1",3,417,TRUE,TRUE
"GISAID_US","Omicron","disjoint_2m","hellinger_T1",3,440,TRUE,TRUE
"GISAID_US","Omicron","disjoint_2m","hellinger_T1",2,452,FALSE,FALSE
"GISAID_US","Omicron","disjoint_2m","hellinger_T1",3,477,TRUE,TRUE
"GISAID_US","Omicron","disjoint_2m","hellinger_T1",2,478,TRUE,TRUE
"GISAID_US","Omicron","disjoint_2m","hellinger_T1",3,484,TRUE,TRUE
"GISAID_US","Omicron","disjoint_2m","hellinger_T1",1,486,FALSE,FALSE
"GISAID_US","Omicron","disjoint_2m","hellinger_T1",3,493,TRUE,TRUE
"GISAID_US","Omicron","disjoint_2m","hellinger_T1",3,498,TRUE,TRUE
"GISAID_US","Omicron","disjoint_2m","hellinger_T1",1,501,TRUE,TRUE
"GISAID_US","Omicron","disjoint_2m","hellinger_T1",3,505,TRUE,TRUE
"GISAID_US","Omicron","disjoint_2m","hellinger_T1",1,570,FALSE,FALSE
"GISAID_US","Omicron","disjoint_2m","hellinger_T1",3,655,TRUE,TRUE
"GISAID_US","Omicron","disjoint_2m","hellinger_T1",3,679,TRUE,TRUE
"GISAID_US","Omicron","disjoint_2m","hellinger_T1",2,681,TRUE,TRUE
"GISAID_US","Omicron","disjoint_2m","hellinger_T1",1,704,FALSE,FALSE
"GISAID_US","Omicron","disjoint_2m","hellinger_T1",1,716,FALSE,FALSE
"GISAID_US","Omicron","disjoint_2m","hellinger_T1",3,764,TRUE,TRUE
"GISAID_US","Omicron","disjoint_2m","hellinger_T1",3,796,TRUE,TRUE
"GISAID_US","Omicron","disjoint_2m","hellinger_T1",4,950,FALSE,FALSE
"GISAID_US","Omicron","disjoint_2m","hellinger_T1",3,954,TRUE,TRUE
"GISAID_US","Omicron","disjoint_2m","hellinger_T1",3,969,TRUE,TRUE
"GISAID_US","Omicron","disjoint_2m","hellinger_T1",1,982,FALSE,FALSE
"GISAID_US","Omicron","disjoint_2m","hellinger_T1",1,1118,FALSE,FALSE
"GISAID_US","Omicron","disjoint_2m","hellinger_Tpred",1,5,FALSE,FALSE
"GISAID_US","Omicron","disjoint_2m","hellinger_Tpred",2,19,FALSE,FALSE
"GISAID_US","Omicron","disjoint_2m","hellinger_Tpred",3,24,FALSE,FALSE
"GISAID_US","Omicron","disjoint_2m","hellinger_Tpred",3,25,FALSE,FALSE
"GISAID_US","Omicron","disjoint_2m","hellinger_Tpred",3,26,FALSE,FALSE
"GISAID_US","Omicron","disjoint_2m","hellinger_Tpred",3,27,FALSE,FALSE
"GISAID_US","Omicron","disjoint_2m","hellinger_Tpred",1,69,FALSE,FALSE
"GISAID_US","Omicron","disjoint_2m","hellinger_Tpred",1,70,FALSE,FALSE
"GISAID_US","Omicron","disjoint_2m","hellinger_Tpred",1,95,TRUE,TRUE
"GISAID_US","Omicron","disjoint_2m","hellinger_Tpred",2,142,FALSE,TRUE
"GISAID_US","Omicron","disjoint_2m","hellinger_Tpred",1,144,FALSE,FALSE
"GISAID_US","Omicron","disjoint_2m","hellinger_Tpred",1,145,FALSE,TRUE
"GISAID_US","Omicron","disjoint_2m","hellinger_Tpred",4,156,FALSE,FALSE
"GISAID_US","Omicron","disjoint_2m","hellinger_Tpred",4,157,FALSE,FALSE
"GISAID_US","Omicron","disjoint_2m","hellinger_Tpred",4,158,FALSE,FALSE
"GISAID_US","Omicron","disjoint_2m","hellinger_Tpred",3,213,FALSE,FALSE
"GISAID_US","Omicron","disjoint_2m","hellinger_Tpred",1,222,FALSE,FALSE
"GISAID_US","Omicron","disjoint_2m","hellinger_Tpred",3,339,TRUE,TRUE
"GISAID_US","Omicron","disjoint_2m","hellinger_Tpred",1,346,FALSE,TRUE
"GISAID_US","Omicron","disjoint_2m","hellinger_Tpred",3,371,TRUE,TRUE
"GISAID_US","Omicron","disjoint_2m","hellinger_Tpred",3,373,TRUE,TRUE
"GISAID_US","Omicron","disjoint_2m","hellinger_Tpred",3,375,TRUE,TRUE
"GISAID_US","Omicron","disjoint_2m","hellinger_Tpred",3,376,FALSE,FALSE
"GISAID_US","Omicron","disjoint_2m","hellinger_Tpred",3,405,FALSE,FALSE
"GISAID_US","Omicron","disjoint_2m","hellinger_Tpred",3,408,FALSE,FALSE
"GISAID_US","Omicron","disjoint_2m","hellinger_Tpred",3,417,TRUE,TRUE
"GISAID_US","Omicron","disjoint_2m","hellinger_Tpred",3,440,TRUE,TRUE
"GISAID_US","Omicron","disjoint_2m","hellinger_Tpred",2,452,FALSE,FALSE
"GISAID_US","Omicron","disjoint_2m","hellinger_Tpred",3,477,TRUE,TRUE
"GISAID_US","Omicron","disjoint_2m","hellinger_Tpred",2,478,TRUE,TRUE
"GISAID_US","Omicron","disjoint_2m","hellinger_Tpred",3,484,TRUE,TRUE
"GISAID_US","Omicron","disjoint_2m","hellinger_Tpred",1,486,FALSE,FALSE
"GISAID_US","Omicron","disjoint_2m","hellinger_Tpred",3,493,TRUE,TRUE
"GISAID_US","Omicron","disjoint_2m","hellinger_Tpred",3,498,TRUE,TRUE
"GISAID_US","Omicron","disjoint_2m","hellinger_Tpred",1,501,TRUE,TRUE
"GISAID_US","Omicron","disjoint_2m","hellinger_Tpred",3,505,TRUE,TRUE
"GISAID_US","Omicron","disjoint_2m","hellinger_Tpred",1,570,FALSE,FALSE
"GISAID_US","Omicron","disjoint_2m","hellinger_Tpred",3,655,TRUE,TRUE
"GISAID_US","Omicron","disjoint_2m","hellinger_Tpred",3,679,TRUE,TRUE
"GISAID_US","Omicron","disjoint_2m","hellinger_Tpred",2,681,TRUE,TRUE
"GISAID_US","Omicron","disjoint_2m","hellinger_Tpred",1,704,FALSE,FALSE
"GISAID_US","Omicron","disjoint_2m","hellinger_Tpred",1,716,FALSE,FALSE
"GISAID_US","Omicron","disjoint_2m","hellinger_Tpred",3,764,TRUE,TRUE
"GISAID_US","Omicron","disjoint_2m","hellinger_Tpred",3,796,TRUE,TRUE
"GISAID_US","Omicron","disjoint_2m","hellinger_Tpred",4,950,FALSE,FALSE
"GISAID_US","Omicron","disjoint_2m","hellinger_Tpred",3,954,TRUE,TRUE
"GISAID_US","Omicron","disjoint_2m","hellinger_Tpred",3,969,TRUE,TRUE
"GISAID_US","Omicron","disjoint_2m","hellinger_Tpred",1,982,FALSE,FALSE
"GISAID_US","Omicron","disjoint_2m","hellinger_Tpred",1,1118,FALSE,FALSE
"GISAID_US","Omicron","sliding_2m","entropy",1,5,FALSE,FALSE
"GISAID_US","Omicron","sliding_2m","entropy",1,19,FALSE,FALSE
"GISAID_US","Omicron","sliding_2m","entropy",2,24,FALSE,FALSE
"GISAID_US","Omicron","sliding_2m","entropy",2,25,FALSE,FALSE
"GISAID_US","Omicron","sliding_2m","entropy",1,26,FALSE,FALSE
"GISAID_US","Omicron","sliding_2m","entropy",2,27,FALSE,FALSE
"GISAID_US","Omicron","sliding_2m","entropy",3,69,FALSE,FALSE
"GISAID_US","Omicron","sliding_2m","entropy",3,70,FALSE,FALSE
"GISAID_US","Omicron","sliding_2m","entropy",1,95,TRUE,TRUE
"GISAID_US","Omicron","sliding_2m","entropy",1,142,FALSE,TRUE
"GISAID_US","Omicron","sliding_2m","entropy",2,144,FALSE,FALSE
"GISAID_US","Omicron","sliding_2m","entropy",1,145,FALSE,TRUE
"GISAID_US","Omicron","sliding_2m","entropy",1,156,FALSE,FALSE
"GISAID_US","Omicron","sliding_2m","entropy",1,157,FALSE,FALSE
"GISAID_US","Omicron","sliding_2m","entropy",1,158,FALSE,FALSE
"GISAID_US","Omicron","sliding_2m","entropy",2,213,FALSE,FALSE
"GISAID_US","Omicron","sliding_2m","entropy",4,222,FALSE,FALSE
"GISAID_US","Omicron","sliding_2m","entropy",2,339,TRUE,TRUE
"GISAID_US","Omicron","sliding_2m","entropy",2,346,FALSE,TRUE
"GISAID_US","Omicron","sliding_2m","entropy",2,371,TRUE,TRUE
"GISAID_US","Omicron","sliding_2m","entropy",2,373,TRUE,TRUE
"GISAID_US","Omicron","sliding_2m","entropy",2,375,TRUE,TRUE
"GISAID_US","Omicron","sliding_2m","entropy",2,376,FALSE,FALSE
"GISAID_US","Omicron","sliding_2m","entropy",2,405,FALSE,FALSE
"GISAID_US","Omicron","sliding_2m","entropy",2,408,FALSE,FALSE
"GISAID_US","Omicron","sliding_2m","entropy",3,417,TRUE,TRUE
"GISAID_US","Omicron","sliding_2m","entropy",2,440,TRUE,TRUE
"GISAID_US","Omicron","sliding_2m","entropy",3,452,FALSE,FALSE
"GISAID_US","Omicron","sliding_2m","entropy",1,477,TRUE,TRUE
"GISAID_US","Omicron","sliding_2m","entropy",1,478,TRUE,TRUE
"GISAID_US","Omicron","sliding_2m","entropy",1,484,TRUE,TRUE
"GISAID_US","Omicron","sliding_2m","entropy",2,486,FALSE,FALSE
"GISAID_US","Omicron","sliding_2m","entropy",2,493,TRUE,TRUE
"GISAID_US","Omicron","sliding_2m","entropy",2,498,TRUE,TRUE
"GISAID_US","Omicron","sliding_2m","entropy",1,501,TRUE,TRUE
"GISAID_US","Omicron","sliding_2m","entropy",2,505,TRUE,TRUE
"GISAID_US","Omicron","sliding_2m","entropy",4,570,FALSE,FALSE
"GISAID_US","Omicron","sliding_2m","entropy",1,655,TRUE,TRUE
"GISAID_US","Omicron","sliding_2m","entropy",2,679,TRUE,TRUE
"GISAID_US","Omicron","sliding_2m","entropy",1,681,TRUE,TRUE
"GISAID_US","Omicron","sliding_2m","entropy",2,704,FALSE,FALSE
"GISAID_US","Omicron","sliding_2m","entropy",4,716,FALSE,FALSE
"GISAID_US","Omicron","sliding_2m","entropy",2,764,TRUE,TRUE
"GISAID_US","Omicron","sliding_2m","entropy",2,796,TRUE,TRUE
"GISAID_US","Omicron","sliding_2m","entropy",1,950,FALSE,FALSE
"GISAID_US","Omicron","sliding_2m","entropy",2,954,TRUE,TRUE
"GISAID_US","Omicron","sliding_2m","entropy",2,969,TRUE,TRUE
"GISAID_US","Omicron","sliding_2m","entropy",4,982,FALSE,FALSE
"GISAID_US","Omicron","sliding_2m","entropy",4,1118,FALSE,FALSE
"GISAID_US","Omicron","sliding_2m","hellinger_T1",1,5,FALSE,FALSE
"GISAID_US","Omicron","sliding_2m","hellinger_T1",2,19,FALSE,FALSE
"GISAID_US","Omicron","sliding_2m","hellinger_T1",3,24,FALSE,FALSE
"GISAID_US","Omicron","sliding_2m","hellinger_T1",3,25,FALSE,FALSE
"GISAID_US","Omicron","sliding_2m","hellinger_T1",3,26,FALSE,FALSE
"GISAID_US","Omicron","sliding_2m","hellinger_T1",3,27,FALSE,FALSE
"GISAID_US","Omicron","sliding_2m","hellinger_T1",1,69,FALSE,FALSE
"GISAID_US","Omicron","sliding_2m","hellinger_T1",1,70,FALSE,FALSE
"GISAID_US","Omicron","sliding_2m","hellinger_T1",1,95,TRUE,TRUE
"GISAID_US","Omicron","sliding_2m","hellinger_T1",2,142,FALSE,TRUE
"GISAID_US","Omicron","sliding_2m","hellinger_T1",1,144,FALSE,FALSE
"GISAID_US","Omicron","sliding_2m","hellinger_T1",1,145,FALSE,TRUE
"GISAID_US","Omicron","sliding_2m","hellinger_T1",4,156,FALSE,FALSE
"GISAID_US","Omicron","sliding_2m","hellinger_T1",4,157,FALSE,FALSE
"GISAID_US","Omicron","sliding_2m","hellinger_T1",4,158,FALSE,FALSE
"GISAID_US","Omicron","sliding_2m","hellinger_T1",3,213,FALSE,FALSE
"GISAID_US","Omicron","sliding_2m","hellinger_T1",1,222,FALSE,FALSE
"GISAID_US","Omicron","sliding_2m","hellinger_T1",3,339,TRUE,TRUE
"GISAID_US","Omicron","sliding_2m","hellinger_T1",1,346,FALSE,TRUE
"GISAID_US","Omicron","sliding_2m","hellinger_T1",3,371,TRUE,TRUE
"GISAID_US","Omicron","sliding_2m","hellinger_T1",3,373,TRUE,TRUE
"GISAID_US","Omicron","sliding_2m","hellinger_T1",3,375,TRUE,TRUE
"GISAID_US","Omicron","sliding_2m","hellinger_T1",3,376,FALSE,FALSE
"GISAID_US","Omicron","sliding_2m","hellinger_T1",3,405,FALSE,FALSE
"GISAID_US","Omicron","sliding_2m","hellinger_T1",3,408,FALSE,FALSE
"GISAID_US","Omicron","sliding_2m","hellinger_T1",3,417,TRUE,TRUE
"GISAID_US","Omicron","sliding_2m","hellinger_T1",3,440,TRUE,TRUE
"GISAID_US","Omicron","sliding_2m","hellinger_T1",4,452,FALSE,FALSE
"GISAID_US","Omicron","sliding_2m","hellinger_T1",3,477,TRUE,TRUE
"GISAID_US","Omicron","sliding_2m","hellinger_T1",2,478,TRUE,TRUE
"GISAID_US","Omicron","sliding_2m","hellinger_T1",3,484,TRUE,TRUE
"GISAID_US","Omicron","sliding_2m","hellinger_T1",1,486,FALSE,FALSE
"GISAID_US","Omicron","sliding_2m","hellinger_T1",3,493,TRUE,TRUE
"GISAID_US","Omicron","sliding_2m","hellinger_T1",3,498,TRUE,TRUE
"GISAID_US","Omicron","sliding_2m","hellinger_T1",1,501,TRUE,TRUE
"GISAID_US","Omicron","sliding_2m","hellinger_T1",3,505,TRUE,TRUE
"GISAID_US","Omicron","sliding_2m","hellinger_T1",1,570,FALSE,FALSE
"GISAID_US","Omicron","sliding_2m","hellinger_T1",3,655,TRUE,TRUE
"GISAID_US","Omicron","sliding_2m","hellinger_T1",3,679,TRUE,TRUE
"GISAID_US","Omicron","sliding_2m","hellinger_T1",2,681,TRUE,TRUE
"GISAID_US","Omicron","sliding_2m","hellinger_T1",1,704,FALSE,FALSE
"GISAID_US","Omicron","sliding_2m","hellinger_T1",1,716,FALSE,FALSE
"GISAID_US","Omicron","sliding_2m","hellinger_T1",3,764,TRUE,TRUE
"GISAID_US","Omicron","sliding_2m","hellinger_T1",3,796,TRUE,TRUE
"GISAID_US","Omicron","sliding_2m","hellinger_T1",4,950,FALSE,FALSE
"GISAID_US","Omicron","sliding_2m","hellinger_T1",3,954,TRUE,TRUE
"GISAID_US","Omicron","sliding_2m","hellinger_T1",3,969,TRUE,TRUE
"GISAID_US","Omicron","sliding_2m","hellinger_T1",1,982,FALSE,FALSE
"GISAID_US","Omicron","sliding_2m","hellinger_T1",1,1118,FALSE,FALSE
"GISAID_US","Omicron","sliding_2m","hellinger_Tpred",1,5,FALSE,FALSE
"GISAID_US","Omicron","sliding_2m","hellinger_Tpred",2,19,FALSE,FALSE
"GISAID_US","Omicron","sliding_2m","hellinger_Tpred",3,24,FALSE,FALSE
"GISAID_US","Omicron","sliding_2m","hellinger_Tpred",3,25,FALSE,FALSE
"GISAID_US","Omicron","sliding_2m","hellinger_Tpred",3,26,FALSE,FALSE
"GISAID_US","Omicron","sliding_2m","hellinger_Tpred",3,27,FALSE,FALSE
"GISAID_US","Omicron","sliding_2m","hellinger_Tpred",1,69,FALSE,FALSE
"GISAID_US","Omicron","sliding_2m","hellinger_Tpred",1,70,FALSE,FALSE
"GISAID_US","Omicron","sliding_2m","hellinger_Tpred",1,95,TRUE,TRUE
"GISAID_US","Omicron","sliding_2m","hellinger_Tpred",2,142,FALSE,TRUE
"GISAID_US","Omicron","sliding_2m","hellinger_Tpred",1,144,FALSE,FALSE
"GISAID_US","Omicron","sliding_2m","hellinger_Tpred",1,145,FALSE,TRUE
"GISAID_US","Omicron","sliding_2m","hellinger_Tpred",4,156,FALSE,FALSE
"GISAID_US","Omicron","sliding_2m","hellinger_Tpred",4,157,FALSE,FALSE
"GISAID_US","Omicron","sliding_2m","hellinger_Tpred",4,158,FALSE,FALSE
"GISAID_US","Omicron","sliding_2m","hellinger_Tpred",3,213,FALSE,FALSE
"GISAID_US","Omicron","sliding_2m","hellinger_Tpred",1,222,FALSE,FALSE
"GISAID_US","Omicron","sliding_2m","hellinger_Tpred",3,339,TRUE,TRUE
"GISAID_US","Omicron","sliding_2m","hellinger_Tpred",1,346,FALSE,TRUE
"GISAID_US","Omicron","sliding_2m","hellinger_Tpred",3,371,TRUE,TRUE
"GISAID_US","Omicron","sliding_2m","hellinger_Tpred",3,373,TRUE,TRUE
"GISAID_US","Omicron","sliding_2m","hellinger_Tpred",3,375,TRUE,TRUE
"GISAID_US","Omicron","sliding_2m","hellinger_Tpred",3,376,FALSE,FALSE
"GISAID_US","Omicron","sliding_2m","hellinger_Tpred",3,405,FALSE,FALSE
"GISAID_US","Omicron","sliding_2m","hellinger_Tpred",3,408,FALSE,FALSE
"GISAID_US","Omicron","sliding_2m","hellinger_Tpred",3,417,TRUE,TRUE
"GISAID_US","Omicron","sliding_2m","hellinger_Tpred",3,440,TRUE,TRUE
"GISAID_US","Omicron","sliding_2m","hellinger_Tpred",4,452,FALSE,FALSE
"GISAID_US","Omicron","sliding_2m","hellinger_Tpred",3,477,TRUE,TRUE
"GISAID_US","Omicron","sliding_2m","hellinger_Tpred",2,478,TRUE,TRUE
"GISAID_US","Omicron","sliding_2m","hellinger_Tpred",3,484,TRUE,TRUE
"GISAID_US","Omicron","sliding_2m","hellinger_Tpred",1,486,FALSE,FALSE
"GISAID_US","Omicron","sliding_2m","hellinger_Tpred",3,493,TRUE,TRUE
"GISAID_US","Omicron","sliding_2m","hellinger_Tpred",3,498,TRUE,TRUE
"GISAID_US","Omicron","sliding_2m","hellinger_Tpred",1,501,TRUE,TRUE
"GISAID_US","Omicron","sliding_2m","hellinger_Tpred",3,505,TRUE,TRUE
"GISAID_US","Omicron","sliding_2m","hellinger_Tpred",1,570,FALSE,FALSE
"GISAID_US","Omicron","sliding_2m","hellinger_Tpred",3,655,TRUE,TRUE
"GISAID_US","Omicron","sliding_2m","hellinger_Tpred",3,679,TRUE,TRUE
"GISAID_US","Omicron","sliding_2m","hellinger_Tpred",2,681,TRUE,TRUE
"GISAID_US","Omicron","sliding_2m","hellinger_Tpred",1,704,FALSE,FALSE
"GISAID_US","Omicron","sliding_2m","hellinger_Tpred",1,716,FALSE,FALSE
"GISAID_US","Omicron","sliding_2m","hellinger_Tpred",3,764,TRUE,TRUE
"GISAID_US","Omicron","sliding_2m","hellinger_Tpred",3,796,TRUE,TRUE
"GISAID_US","Omicron","sliding_2m","hellinger_Tpred",4,950,FALSE,FALSE
"GISAID_US","Omicron","sliding_2m","hellinger_Tpred",3,954,TRUE,TRUE
"GISAID_US","Omicron","sliding_2m","hellinger_Tpred",3,969,TRUE,TRUE
"GISAID_US","Omicron","sliding_2m","hellinger_Tpred",1,982,FALSE,FALSE
"GISAID_US","Omicron","sliding_2m","hellinger_Tpred",1,1118,FALSE,FALSE
"GISAID_US","Theta","cumulative_1m","entropy",1,5,FALSE,FALSE
"GISAID_US","Theta","cumulative_1m","entropy",1,13,FALSE,FALSE
"GISAID_US","Theta","cumulative_1m","entropy",1,18,FALSE,FALSE
"GISAID_US","Theta","cumulative_1m","entropy",1,19,FALSE,FALSE
"GISAID_US","Theta","cumulative_1m","entropy",1,20,FALSE,FALSE
"GISAID_US","Theta","cumulative_1m","entropy",1,26,FALSE,FALSE
"GISAID_US","Theta","cumulative_1m","entropy",1,69,FALSE,FALSE
"GISAID_US","Theta","cumulative_1m","entropy",1,70,FALSE,FALSE
"GISAID_US","Theta","cumulative_1m","entropy",1,80,FALSE,FALSE
"GISAID_US","Theta","cumulative_1m","entropy",1,95,FALSE,FALSE
"GISAID_US","Theta","cumulative_1m","entropy",1,112,FALSE,FALSE
"GISAID_US","Theta","cumulative_1m","entropy",1,138,FALSE,FALSE
"GISAID_US","Theta","cumulative_1m","entropy",1,142,FALSE,FALSE
"GISAID_US","Theta","cumulative_1m","entropy",1,145,FALSE,FALSE
"GISAID_US","Theta","cumulative_1m","entropy",1,152,FALSE,FALSE
"GISAID_US","Theta","cumulative_1m","entropy",1,156,FALSE,FALSE
"GISAID_US","Theta","cumulative_1m","entropy",1,157,FALSE,FALSE
"GISAID_US","Theta","cumulative_1m","entropy",1,158,FALSE,FALSE
"GISAID_US","Theta","cumulative_1m","entropy",1,190,FALSE,FALSE
"GISAID_US","Theta","cumulative_1m","entropy",1,222,FALSE,FALSE
"GISAID_US","Theta","cumulative_1m","entropy",1,253,FALSE,FALSE
"GISAID_US","Theta","cumulative_1m","entropy",1,289,FALSE,FALSE
"GISAID_US","Theta","cumulative_1m","entropy",1,417,FALSE,FALSE
"GISAID_US","Theta","cumulative_1m","entropy",1,452,FALSE,FALSE
"GISAID_US","Theta","cumulative_1m","entropy",1,477,FALSE,FALSE
"GISAID_US","Theta","cumulative_1m","entropy",1,478,FALSE,FALSE
"GISAID_US","Theta","cumulative_1m","entropy",1,484,FALSE,TRUE
"GISAID_US","Theta","cumulative_1m","entropy",1,501,FALSE,TRUE
"GISAID_US","Theta","cumulative_1m","entropy",1,570,FALSE,FALSE
"GISAID_US","Theta","cumulative_1m","entropy",1,655,FALSE,FALSE
"GISAID_US","Theta","cumulative_1m","entropy",1,677,FALSE,FALSE
"GISAID_US","Theta","cumulative_1m","entropy",2,681,FALSE,TRUE
"GISAID_US","Theta","cumulative_1m","entropy",1,701,FALSE,FALSE
"GISAID_US","Theta","cumulative_1m","entropy",1,716,FALSE,FALSE
"GISAID_US","Theta","cumulative_1m","entropy",1,732,FALSE,FALSE
"GISAID_US","Theta","cumulative_1m","entropy",1,859,FALSE,FALSE
"GISAID_US","Theta","cumulative_1m","entropy",1,950,FALSE,FALSE
"GISAID_US","Theta","cumulative_1m","entropy",1,982,FALSE,FALSE
"GISAID_US","Theta","cumulative_1m","entropy",1,1027,FALSE,FALSE
"GISAID_US","Theta","cumulative_1m","entropy",1,1104,FALSE,FALSE
"GISAID_US","Theta","cumulative_1m","entropy",1,1118,FALSE,FALSE
"GISAID_US","Theta","cumulative_1m","entropy",1,1176,FALSE,FALSE
"GISAID_US","Theta","cumulative_1m","entropy",1,1191,FALSE,FALSE
"GISAID_US","Theta","cumulative_1m","entropy",1,1264,FALSE,FALSE
"GISAID_US","Theta","cumulative_1m","hellinger_T1",1,5,FALSE,FALSE
"GISAID_US","Theta","cumulative_1m","hellinger_T1",1,13,FALSE,FALSE
"GISAID_US","Theta","cumulative_1m","hellinger_T1",1,18,FALSE,FALSE
"GISAID_US","Theta","cumulative_1m","hellinger_T1",2,19,FALSE,FALSE
"GISAID_US","Theta","cumulative_1m","hellinger_T1",1,20,FALSE,FALSE
"GISAID_US","Theta","cumulative_1m","hellinger_T1",1,26,FALSE,FALSE
"GISAID_US","Theta","cumulative_1m","hellinger_T1",3,69,FALSE,FALSE
"GISAID_US","Theta","cumulative_1m","hellinger_T1",3,70,FALSE,FALSE
"GISAID_US","Theta","cumulative_1m","hellinger_T1",1,80,FALSE,FALSE
"GISAID_US","Theta","cumulative_1m","hellinger_T1",1,95,FALSE,FALSE
"GISAID_US","Theta","cumulative_1m","hellinger_T1",1,112,FALSE,FALSE
"GISAID_US","Theta","cumulative_1m","hellinger_T1",1,138,FALSE,FALSE
"GISAID_US","Theta","cumulative_1m","hellinger_T1",2,142,FALSE,FALSE
"GISAID_US","Theta","cumulative_1m","hellinger_T1",3,145,FALSE,FALSE
"GISAID_US","Theta","cumulative_1m","hellinger_T1",1,152,FALSE,FALSE
"GISAID_US","Theta","cumulative_1m","hellinger_T1",2,156,FALSE,FALSE
"GISAID_US","Theta","cumulative_1m","hellinger_T1",2,157,FALSE,FALSE
"GISAID_US","Theta","cumulative_1m","hellinger_T1",2,158,FALSE,FALSE
"GISAID_US","Theta","cumulative_1m","hellinger_T1",1,190,FALSE,FALSE
"GISAID_US","Theta","cumulative_1m","hellinger_T1",1,222,FALSE,FALSE
"GISAID_US","Theta","cumulative_1m","hellinger_T1",1,253,FALSE,FALSE
"GISAID_US","Theta","cumulative_1m","hellinger_T1",1,289,FALSE,FALSE
"GISAID_US","Theta","cumulative_1m","hellinger_T1",1,417,FALSE,FALSE
"GISAID_US","Theta","cumulative_1m","hellinger_T1",4,452,FALSE,FALSE
"GISAID_US","Theta","cumulative_1m","hellinger_T1",1,477,FALSE,FALSE
"GISAID_US","Theta","cumulative_1m","hellinger_T1",2,478,FALSE,FALSE
"GISAID_US","Theta","cumulative_1m","hellinger_T1",1,484,FALSE,TRUE
"GISAID_US","Theta","cumulative_1m","hellinger_T1",3,501,FALSE,TRUE
"GISAID_US","Theta","cumulative_1m","hellinger_T1",3,570,FALSE,FALSE
"GISAID_US","Theta","cumulative_1m","hellinger_T1",1,655,FALSE,FALSE
"GISAID_US","Theta","cumulative_1m","hellinger_T1",1,677,FALSE,FALSE
"GISAID_US","Theta","cumulative_1m","hellinger_T1",4,681,FALSE,TRUE
"GISAID_US","Theta","cumulative_1m","hellinger_T1",1,701,FALSE,FALSE
"GISAID_US","Theta","cumulative_1m","hellinger_T1",3,716,FALSE,FALSE
"GISAID_US","Theta","cumulative_1m","hellinger_T1",1,732,FALSE,FALSE
"GISAID_US","Theta","cumulative_1m","hellinger_T1",1,859,FALSE,FALSE
"GISAID_US","Theta","cumulative_1m","hellinger_T1",2,950,FALSE,FALSE
"GISAID_US","Theta","cumulative_1m","hellinger_T1",3,982,FALSE,FALSE
"GISAID_US","Theta","cumulative_1m","hellinger_T1",1,1027,FALSE,FALSE
"GISAID_US","Theta","cumulative_1m","hellinger_T1",1,1104,FALSE,FALSE
"GISAID_US","Theta","cumulative_1m","hellinger_T1",3,1118,FALSE,FALSE
"GISAID_US","Theta","cumulative_1m","hellinger_T1",1,1176,FALSE,FALSE
"GISAID_US","Theta","cumulative_1m","hellinger_T1",1,1191,FALSE,FALSE
"GISAID_US","Theta","cumulative_1m","hellinger_T1",1,1264,FALSE,FALSE
"GISAID_US","Theta","cumulative_1m","hellinger_Tpred",1,5,FALSE,FALSE
"GISAID_US","Theta","cumulative_1m","hellinger_Tpred",1,13,FALSE,FALSE
"GISAID_US","Theta","cumulative_1m","hellinger_Tpred",1,18,FALSE,FALSE
"GISAID_US","Theta","cumulative_1m","hellinger_Tpred",2,19,FALSE,FALSE
"GISAID_US","Theta","cumulative_1m","hellinger_Tpred",1,20,FALSE,FALSE
"GISAID_US","Theta","cumulative_1m","hellinger_Tpred",1,26,FALSE,FALSE
"GISAID_US","Theta","cumulative_1m","hellinger_Tpred",3,69,FALSE,FALSE
"GISAID_US","Theta","cumulative_1m","hellinger_Tpred",3,70,FALSE,FALSE
"GISAID_US","Theta","cumulative_1m","hellinger_Tpred",1,80,FALSE,FALSE
"GISAID_US","Theta","cumulative_1m","hellinger_Tpred",3,95,FALSE,FALSE
"GISAID_US","Theta","cumulative_1m","hellinger_Tpred",1,112,FALSE,FALSE
"GISAID_US","Theta","cumulative_1m","hellinger_Tpred",1,138,FALSE,FALSE
"GISAID_US","Theta","cumulative_1m","hellinger_Tpred",2,142,FALSE,FALSE
"GISAID_US","Theta","cumulative_1m","hellinger_Tpred",3,145,FALSE,FALSE
"GISAID_US","Theta","cumulative_1m","hellinger_Tpred",1,152,FALSE,FALSE
"GISAID_US","Theta","cumulative_1m","hellinger_Tpred",2,156,FALSE,FALSE
"GISAID_US","Theta","cumulative_1m","hellinger_Tpred",2,157,FALSE,FALSE
"GISAID_US","Theta","cumulative_1m","hellinger_Tpred",2,158,FALSE,FALSE
"GISAID_US","Theta","cumulative_1m","hellinger_Tpred",1,190,FALSE,FALSE
"GISAID_US","Theta","cumulative_1m","hellinger_Tpred",1,222,FALSE,FALSE
"GISAID_US","Theta","cumulative_1m","hellinger_Tpred",1,253,FALSE,FALSE
"GISAID_US","Theta","cumulative_1m","hellinger_Tpred",1,289,FALSE,FALSE
"GISAID_US","Theta","cumulative_1m","hellinger_Tpred",1,417,FALSE,FALSE
"GISAID_US","Theta","cumulative_1m","hellinger_Tpred",4,452,FALSE,FALSE
"GISAID_US","Theta","cumulative_1m","hellinger_Tpred",1,477,FALSE,FALSE
"GISAID_US","Theta","cumulative_1m","hellinger_Tpred",2,478,FALSE,FALSE
"GISAID_US","Theta","cumulative_1m","hellinger_Tpred",3,484,FALSE,TRUE
"GISAID_US","Theta","cumulative_1m","hellinger_Tpred",3,501,FALSE,TRUE
"GISAID_US","Theta","cumulative_1m","hellinger_Tpred",3,570,FALSE,FALSE
"GISAID_US","Theta","cumulative_1m","hellinger_Tpred",1,655,FALSE,FALSE
"GISAID_US","Theta","cumulative_1m","hellinger_Tpred",1,677,FALSE,FALSE
"GISAID_US","Theta","cumulative_1m","hellinger_Tpred",4,681,FALSE,TRUE
"GISAID_US","Theta","cumulative_1m","hellinger_Tpred",1,701,FALSE,FALSE
"GISAID_US","Theta","cumulative_1m","hellinger_Tpred",3,716,FALSE,FALSE
"GISAID_US","Theta","cumulative_1m","hellinger_Tpred",1,732,FALSE,FALSE
"GISAID_US","Theta","cumulative_1m","hellinger_Tpred",1,859,FALSE,FALSE
"GISAID_US","Theta","cumulative_1m","hellinger_Tpred",2,950,FALSE,FALSE
"GISAID_US","Theta","cumulative_1m","hellinger_Tpred",3,982,FALSE,FALSE
"GISAID_US","Theta","cumulative_1m","hellinger_Tpred",1,1027,FALSE,FALSE
"GISAID_US","Theta","cumulative_1m","hellinger_Tpred",1,1104,FALSE,FALSE
"GISAID_US","Theta","cumulative_1m","hellinger_Tpred",3,1118,FALSE,FALSE
"GISAID_US","Theta","cumulative_1m","hellinger_Tpred",1,1176,FALSE,FALSE
"GISAID_US","Theta","cumulative_1m","hellinger_Tpred",1,1191,FALSE,FALSE
"GISAID_US","Theta","cumulative_1m","hellinger_Tpred",1,1264,FALSE,FALSE
"GISAID_US","Theta","disjoint_2m","entropy",1,5,FALSE,FALSE
"GISAID_US","Theta","disjoint_2m","entropy",1,13,FALSE,FALSE
"GISAID_US","Theta","disjoint_2m","entropy",2,18,FALSE,FALSE
"GISAID_US","Theta","disjoint_2m","entropy",2,19,FALSE,FALSE
"GISAID_US","Theta","disjoint_2m","entropy",2,20,FALSE,FALSE
"GISAID_US","Theta","disjoint_2m","entropy",2,26,FALSE,FALSE
"GISAID_US","Theta","disjoint_2m","entropy",3,69,FALSE,FALSE
"GISAID_US","Theta","disjoint_2m","entropy",3,70,FALSE,FALSE
"GISAID_US","Theta","disjoint_2m","entropy",2,80,FALSE,FALSE
"GISAID_US","Theta","disjoint_2m","entropy",4,95,FALSE,FALSE
"GISAID_US","Theta","disjoint_2m","entropy",5,112,FALSE,FALSE
"GISAID_US","Theta","disjoint_2m","entropy",2,138,FALSE,FALSE
"GISAID_US","Theta","disjoint_2m","entropy",4,142,FALSE,FALSE
"GISAID_US","Theta","disjoint_2m","entropy",3,145,FALSE,FALSE
"GISAID_US","Theta","disjoint_2m","entropy",1,152,FALSE,FALSE
"GISAID_US","Theta","disjoint_2m","entropy",2,156,FALSE,FALSE
"GISAID_US","Theta","disjoint_2m","entropy",2,157,FALSE,FALSE
"GISAID_US","Theta","disjoint_2m","entropy",2,158,FALSE,FALSE
"GISAID_US","Theta","disjoint_2m","entropy",2,190,FALSE,FALSE
"GISAID_US","Theta","disjoint_2m","entropy",4,222,FALSE,FALSE
"GISAID_US","Theta","disjoint_2m","entropy",1,253,FALSE,FALSE
"GISAID_US","Theta","disjoint_2m","entropy",5,289,FALSE,FALSE
"GISAID_US","Theta","disjoint_2m","entropy",2,417,FALSE,FALSE
"GISAID_US","Theta","disjoint_2m","entropy",3,452,FALSE,FALSE
"GISAID_US","Theta","disjoint_2m","entropy",2,477,FALSE,FALSE
"GISAID_US","Theta","disjoint_2m","entropy",2,478,FALSE,FALSE
"GISAID_US","Theta","disjoint_2m","entropy",3,484,FALSE,TRUE
"GISAID_US","Theta","disjoint_2m","entropy",3,501,FALSE,TRUE
"GISAID_US","Theta","disjoint_2m","entropy",3,570,FALSE,FALSE
"GISAID_US","Theta","disjoint_2m","entropy",2,655,FALSE,FALSE
"GISAID_US","Theta","disjoint_2m","entropy",1,677,FALSE,FALSE
"GISAID_US","Theta","disjoint_2m","entropy",3,681,FALSE,TRUE
"GISAID_US","Theta","disjoint_2m","entropy",2,701,FALSE,FALSE
"GISAID_US","Theta","disjoint_2m","entropy",3,716,FALSE,FALSE
"GISAID_US","Theta","disjoint_2m","entropy",1,732,FALSE,FALSE
"GISAID_US","Theta","disjoint_2m","entropy",2,859,FALSE,FALSE
"GISAID_US","Theta","disjoint_2m","entropy",2,950,FALSE,FALSE
"GISAID_US","Theta","disjoint_2m","entropy",3,982,FALSE,FALSE
"GISAID_US","Theta","disjoint_2m","entropy",2,1027,FALSE,FALSE
"GISAID_US","Theta","disjoint_2m","entropy",5,1104,FALSE,FALSE
"GISAID_US","Theta","disjoint_2m","entropy",3,1118,FALSE,FALSE
"GISAID_US","Theta","disjoint_2m","entropy",2,1176,FALSE,FALSE
"GISAID_US","Theta","disjoint_2m","entropy",2,1191,FALSE,FALSE
"GISAID_US","Theta","disjoint_2m","entropy",5,1264,FALSE,FALSE
"GISAID_US","Theta","disjoint_2m","hellinger_T1",1,5,FALSE,FALSE
"GISAID_US","Theta","disjoint_2m","hellinger_T1",1,13,FALSE,FALSE
"GISAID_US","Theta","disjoint_2m","hellinger_T1",1,18,FALSE,FALSE
"GISAID_US","Theta","disjoint_2m","hellinger_T1",2,19,FALSE,FALSE
"GISAID_US","Theta","disjoint_2m","hellinger_T1",1,20,FALSE,FALSE
"GISAID_US","Theta","disjoint_2m","hellinger_T1",1,26,FALSE,FALSE
"GISAID_US","Theta","disjoint_2m","hellinger_T1",1,69,FALSE,FALSE
"GISAID_US","Theta","disjoint_2m","hellinger_T1",1,70,FALSE,FALSE
"GISAID_US","Theta","disjoint_2m","hellinger_T1",1,80,FALSE,FALSE
"GISAID_US","Theta","disjoint_2m","hellinger_T1",1,95,FALSE,FALSE
"GISAID_US","Theta","disjoint_2m","hellinger_T1",1,112,FALSE,FALSE
"GISAID_US","Theta","disjoint_2m","hellinger_T1",1,138,FALSE,FALSE
"GISAID_US","Theta","disjoint_2m","hellinger_T1",2,142,FALSE,FALSE
"GISAID_US","Theta","disjoint_2m","hellinger_T1",1,145,FALSE,FALSE
"GISAID_US","Theta","disjoint_2m","hellinger_T1",1,152,FALSE,FALSE
"GISAID_US","Theta","disjoint_2m","hellinger_T1",2,156,FALSE,FALSE
"GISAID_US","Theta","disjoint_2m","hellinger_T1",2,157,FALSE,FALSE
"GISAID_US","Theta","disjoint_2m","hellinger_T1",2,158,FALSE,FALSE
"GISAID_US","Theta","disjoint_2m","hellinger_T1",1,190,FALSE,FALSE
"GISAID_US","Theta","disjoint_2m","hellinger_T1",1,222,FALSE,FALSE
"GISAID_US","Theta","disjoint_2m","hellinger_T1",1,253,FALSE,FALSE
"GISAID_US","Theta","disjoint_2m","hellinger_T1",1,289,FALSE,FALSE
"GISAID_US","Theta","disjoint_2m","hellinger_T1",1,417,FALSE,FALSE
"GISAID_US","Theta","disjoint_2m","hellinger_T1",2,452,FALSE,FALSE
"GISAID_US","Theta","disjoint_2m","hellinger_T1",1,477,FALSE,FALSE
"GISAID_US","Theta","disjoint_2m","hellinger_T1",2,478,FALSE,FALSE
"GISAID_US","Theta","disjoint_2m","hellinger_T1",1,484,FALSE,TRUE
"GISAID_US","Theta","disjoint_2m","hellinger_T1",1,501,FALSE,TRUE
"GISAID_US","Theta","disjoint_2m","hellinger_T1",1,570,FALSE,FALSE
"GISAID_US","Theta","disjoint_2m","hellinger_T1",1,655,FALSE,FALSE
"GISAID_US","Theta","disjoint_2m","hellinger_T1",1,677,FALSE,FALSE
"GISAID_US","Theta","disjoint_2m","hellinger_T1",2,681,FALSE,TRUE
"GISAID_US","Theta","disjoint_2m","hellinger_T1",1,701,FALSE,FALSE
"GISAID_US","Theta","disjoint_2m","hellinger_T1",1,716,FALSE,FALSE
"GISAID_US","Theta","disjoint_2m","hellinger_T1",1,732,FALSE,FALSE
"GISAID_US","Theta","disjoint_2m","hellinger_T1",1,859,FALSE,FALSE
"GISAID_US","Theta","disjoint_2m","hellinger_T1",2,950,FALSE,FALSE
"GISAID_US","Theta","disjoint_2m","hellinger_T1",1,982,FALSE,FALSE
"GISAID_US","Theta","disjoint_2m","hellinger_T1",1,1027,FALSE,FALSE
"GISAID_US","Theta","disjoint_2m","hellinger_T1",1,1104,FALSE,FALSE
"GISAID_US","Theta","disjoint_2m","hellinger_T1",1,1118,FALSE,FALSE
"GISAID_US","Theta","disjoint_2m","hellinger_T1",1,1176,FALSE,FALSE
"GISAID_US","Theta","disjoint_2m","hellinger_T1",1,1191,FALSE,FALSE
"GISAID_US","Theta","disjoint_2m","hellinger_T1",1,1264,FALSE,FALSE
"GISAID_US","Theta","disjoint_2m","hellinger_Tpred",1,5,FALSE,FALSE
"GISAID_US","Theta","disjoint_2m","hellinger_Tpred",1,13,FALSE,FALSE
"GISAID_US","Theta","disjoint_2m","hellinger_Tpred",1,18,FALSE,FALSE
"GISAID_US","Theta","disjoint_2m","hellinger_Tpred",2,19,FALSE,FALSE
"GISAID_US","Theta","disjoint_2m","hellinger_Tpred",1,20,FALSE,FALSE
"GISAID_US","Theta","disjoint_2m","hellinger_Tpred",1,26,FALSE,FALSE
"GISAID_US","Theta","disjoint_2m","hellinger_Tpred",1,69,FALSE,FALSE
"GISAID_US","Theta","disjoint_2m","hellinger_Tpred",1,70,FALSE,FALSE
"GISAID_US","Theta","disjoint_2m","hellinger_Tpred",1,80,FALSE,FALSE
"GISAID_US","Theta","disjoint_2m","hellinger_Tpred",1,95,FALSE,FALSE
"GISAID_US","Theta","disjoint_2m","hellinger_Tpred",1,112,FALSE,FALSE
"GISAID_US","Theta","disjoint_2m","hellinger_Tpred",1,138,FALSE,FALSE
"GISAID_US","Theta","disjoint_2m","hellinger_Tpred",2,142,FALSE,FALSE
"GISAID_US","Theta","disjoint_2m","hellinger_Tpred",1,145,FALSE,FALSE
"GISAID_US","Theta","disjoint_2m","hellinger_Tpred",1,152,FALSE,FALSE
"GISAID_US","Theta","disjoint_2m","hellinger_Tpred",2,156,FALSE,FALSE
"GISAID_US","Theta","disjoint_2m","hellinger_Tpred",2,157,FALSE,FALSE
"GISAID_US","Theta","disjoint_2m","hellinger_Tpred",2,158,FALSE,FALSE
"GISAID_US","Theta","disjoint_2m","hellinger_Tpred",1,190,FALSE,FALSE
"GISAID_US","Theta","disjoint_2m","hellinger_Tpred",1,222,FALSE,FALSE
"GISAID_US","Theta","disjoint_2m","hellinger_Tpred",1,253,FALSE,FALSE
"GISAID_US","Theta","disjoint_2m","hellinger_Tpred",1,289,FALSE,FALSE
"GISAID_US","Theta","disjoint_2m","hellinger_Tpred",1,417,FALSE,FALSE
"GISAID_US","Theta","disjoint_2m","hellinger_Tpred",2,452,FALSE,FALSE
"GISAID_US","Theta","disjoint_2m","hellinger_Tpred",1,477,FALSE,FALSE
"GISAID_US","Theta","disjoint_2m","hellinger_Tpred",2,478,FALSE,FALSE
"GISAID_US","Theta","disjoint_2m","hellinger_Tpred",1,484,FALSE,TRUE
"GISAID_US","Theta","disjoint_2m","hellinger_Tpred",1,501,FALSE,TRUE
"GISAID_US","Theta","disjoint_2m","hellinger_Tpred",1,570,FALSE,FALSE
"GISAID_US","Theta","disjoint_2m","hellinger_Tpred",1,655,FALSE,FALSE
"GISAID_US","Theta","disjoint_2m","hellinger_Tpred",1,677,FALSE,FALSE
"GISAID_US","Theta","disjoint_2m","hellinger_Tpred",2,681,FALSE,TRUE
"GISAID_US","Theta","disjoint_2m","hellinger_Tpred",1,701,FALSE,FALSE
"GISAID_US","Theta","disjoint_2m","hellinger_Tpred",1,716,FALSE,FALSE
"GISAID_US","Theta","disjoint_2m","hellinger_Tpred",1,732,FALSE,FALSE
"GISAID_US","Theta","disjoint_2m","hellinger_Tpred",1,859,FALSE,FALSE
"GISAID_US","Theta","disjoint_2m","hellinger_Tpred",2,950,FALSE,FALSE
"GISAID_US","Theta","disjoint_2m","hellinger_Tpred",1,982,FALSE,FALSE
"GISAID_US","Theta","disjoint_2m","hellinger_Tpred",1,1027,FALSE,FALSE
"GISAID_US","Theta","disjoint_2m","hellinger_Tpred",1,1104,FALSE,FALSE
"GISAID_US","Theta","disjoint_2m","hellinger_Tpred",1,1118,FALSE,FALSE
"GISAID_US","Theta","disjoint_2m","hellinger_Tpred",1,1176,FALSE,FALSE
"GISAID_US","Theta","disjoint_2m","hellinger_Tpred",1,1191,FALSE,FALSE
"GISAID_US","Theta","disjoint_2m","hellinger_Tpred",1,1264,FALSE,FALSE
"GISAID_US","Theta","sliding_2m","entropy",1,5,FALSE,FALSE
"GISAID_US","Theta","sliding_2m","entropy",1,13,FALSE,FALSE
"GISAID_US","Theta","sliding_2m","entropy",2,18,FALSE,FALSE
"GISAID_US","Theta","sliding_2m","entropy",3,19,FALSE,FALSE
"GISAID_US","Theta","sliding_2m","entropy",2,20,FALSE,FALSE
"GISAID_US","Theta","sliding_2m","entropy",2,26,FALSE,FALSE
"GISAID_US","Theta","sliding_2m","entropy",4,69,FALSE,FALSE
"GISAID_US","Theta","sliding_2m","entropy",4,70,FALSE,FALSE
"GISAID_US","Theta","sliding_2m","entropy",2,80,FALSE,FALSE
"GISAID_US","Theta","sliding_2m","entropy",3,95,FALSE,FALSE
"GISAID_US","Theta","sliding_2m","entropy",2,112,FALSE,FALSE
"GISAID_US","Theta","sliding_2m","entropy",2,138,FALSE,FALSE
"GISAID_US","Theta","sliding_2m","entropy",3,142,FALSE,FALSE
"GISAID_US","Theta","sliding_2m","entropy",4,145,FALSE,FALSE
"GISAID_US","Theta","sliding_2m","entropy",1,152,FALSE,FALSE
"GISAID_US","Theta","sliding_2m","entropy",3,156,FALSE,FALSE
"GISAID_US","Theta","sliding_2m","entropy",3,157,FALSE,FALSE
"GISAID_US","Theta","sliding_2m","entropy",3,158,FALSE,FALSE
"GISAID_US","Theta","sliding_2m","entropy",2,190,FALSE,FALSE
"GISAID_US","Theta","sliding_2m","entropy",3,222,FALSE,FALSE
"GISAID_US","Theta","sliding_2m","entropy",1,253,FALSE,FALSE
"GISAID_US","Theta","sliding_2m","entropy",2,289,FALSE,FALSE
"GISAID_US","Theta","sliding_2m","entropy",2,417,FALSE,FALSE
"GISAID_US","Theta","sliding_2m","entropy",4,452,FALSE,FALSE
"GISAID_US","Theta","sliding_2m","entropy",2,477,FALSE,FALSE
"GISAID_US","Theta","sliding_2m","entropy",3,478,FALSE,FALSE
"GISAID_US","Theta","sliding_2m","entropy",4,484,FALSE,TRUE
"GISAID_US","Theta","sliding_2m","entropy",4,501,FALSE,TRUE
"GISAID_US","Theta","sliding_2m","entropy",4,570,FALSE,FALSE
"GISAID_US","Theta","sliding_2m","entropy",2,655,FALSE,FALSE
"GISAID_US","Theta","sliding_2m","entropy",1,677,FALSE,FALSE
"GISAID_US","Theta","sliding_2m","entropy",4,681,FALSE,TRUE
"GISAID_US","Theta","sliding_2m","entropy",2,701,FALSE,FALSE
"GISAID_US","Theta","sliding_2m","entropy",4,716,FALSE,FALSE
"GISAID_US","Theta","sliding_2m","entropy",1,732,FALSE,FALSE
"GISAID_US","Theta","sliding_2m","entropy",2,859,FALSE,FALSE
"GISAID_US","Theta","sliding_2m","entropy",3,950,FALSE,FALSE
"GISAID_US","Theta","sliding_2m","entropy",4,982,FALSE,FALSE
"GISAID_US","Theta","sliding_2m","entropy",2,1027,FALSE,FALSE
"GISAID_US","Theta","sliding_2m","entropy",2,1104,FALSE,FALSE
"GISAID_US","Theta","sliding_2m","entropy",4,1118,FALSE,FALSE
"GISAID_US","Theta","sliding_2m","entropy",2,1176,FALSE,FALSE
"GISAID_US","Theta","sliding_2m","entropy",2,1191,FALSE,FALSE
"GISAID_US","Theta","sliding_2m","entropy",2,1264,FALSE,FALSE
"GISAID_US","Theta","sliding_2m","hellinger_T1",1,5,FALSE,FALSE
"GISAID_US","Theta","sliding_2m","hellinger_T1",1,13,FALSE,FALSE
"GISAID_US","Theta","sliding_2m","hellinger_T1",1,18,FALSE,FALSE
"GISAID_US","Theta","sliding_2m","hellinger_T1",2,19,FALSE,FALSE
"GISAID_US","Theta","sliding_2m","hellinger_T1",1,20,FALSE,FALSE
"GISAID_US","Theta","sliding_2m","hellinger_T1",1,26,FALSE,FALSE
"GISAID_US","Theta","sliding_2m","hellinger_T1",1,69,FALSE,FALSE
"GISAID_US","Theta","sliding_2m","hellinger_T1",1,70,FALSE,FALSE
"GISAID_US","Theta","sliding_2m","hellinger_T1",1,80,FALSE,FALSE
"GISAID_US","Theta","sliding_2m","hellinger_T1",1,95,FALSE,FALSE
"GISAID_US","Theta","sliding_2m","hellinger_T1",1,112,FALSE,FALSE
"GISAID_US","Theta","sliding_2m","hellinger_T1",1,138,FALSE,FALSE
"GISAID_US","Theta","sliding_2m","hellinger_T1",2,142,FALSE,FALSE
"GISAID_US","Theta","sliding_2m","hellinger_T1",1,145,FALSE,FALSE
"GISAID_US","Theta","sliding_2m","hellinger_T1",1,152,FALSE,FALSE
"GISAID_US","Theta","sliding_2m","hellinger_T1",2,156,FALSE,FALSE
"GISAID_US","Theta","sliding_2m","hellinger_T1",2,157,FALSE,FALSE
"GISAID_US","Theta","sliding_2m","hellinger_T1",2,158,FALSE,FALSE
"GISAID_US","Theta","sliding_2m","hellinger_T1",1,190,FALSE,FALSE
"GISAID_US","Theta","sliding_2m","hellinger_T1",1,222,FALSE,FALSE
"GISAID_US","Theta","sliding_2m","hellinger_T1",1,253,FALSE,FALSE
"GISAID_US","Theta","sliding_2m","hellinger_T1",1,289,FALSE,FALSE
"GISAID_US","Theta","sliding_2m","hellinger_T1",1,417,FALSE,FALSE
"GISAID_US","Theta","sliding_2m","hellinger_T1",2,452,FALSE,FALSE
"GISAID_US","Theta","sliding_2m","hellinger_T1",1,477,FALSE,FALSE
"GISAID_US","Theta","sliding_2m","hellinger_T1",2,478,FALSE,FALSE
"GISAID_US","Theta","sliding_2m","hellinger_T1",1,484,FALSE,TRUE
"GISAID_US","Theta","sliding_2m","hellinger_T1",1,501,FALSE,TRUE
"GISAID_US","Theta","sliding_2m","hellinger_T1",1,570,FALSE,FALSE
"GISAID_US","Theta","sliding_2m","hellinger_T1",1,655,FALSE,FALSE
"GISAID_US","Theta","sliding_2m","hellinger_T1",1,677,FALSE,FALSE
"GISAID_US","Theta","sliding_2m","hellinger_T1",2,681,FALSE,TRUE
"GISAID_US","Theta","sliding_2m","hellinger_T1",1,701,FALSE,FALSE
"GISAID_US","Theta","sliding_2m","hellinger_T1",1,716,FALSE,FALSE
"GISAID_US","Theta","sliding_2m","hellinger_T1",1,732,FALSE,FALSE
"GISAID_US","Theta","sliding_2m","hellinger_T1",1,859,FALSE,FALSE
"GISAID_US","Theta","sliding_2m","hellinger_T1",2,950,FALSE,FALSE
"GISAID_US","Theta","sliding_2m","hellinger_T1",1,982,FALSE,FALSE
"GISAID_US","Theta","sliding_2m","hellinger_T1",1,1027,FALSE,FALSE
"GISAID_US","Theta","sliding_2m","hellinger_T1",1,1104,FALSE,FALSE
"GISAID_US","Theta","sliding_2m","hellinger_T1",1,1118,FALSE,FALSE
"GISAID_US","Theta","sliding_2m","hellinger_T1",1,1176,FALSE,FALSE
"GISAID_US","Theta","sliding_2m","hellinger_T1",1,1191,FALSE,FALSE
"GISAID_US","Theta","sliding_2m","hellinger_T1",1,1264,FALSE,FALSE
"GISAID_US","Theta","sliding_2m","hellinger_Tpred",1,5,FALSE,FALSE
"GISAID_US","Theta","sliding_2m","hellinger_Tpred",1,13,FALSE,FALSE
"GISAID_US","Theta","sliding_2m","hellinger_Tpred",1,18,FALSE,FALSE
"GISAID_US","Theta","sliding_2m","hellinger_Tpred",2,19,FALSE,FALSE
"GISAID_US","Theta","sliding_2m","hellinger_Tpred",1,20,FALSE,FALSE
"GISAID_US","Theta","sliding_2m","hellinger_Tpred",1,26,FALSE,FALSE
"GISAID_US","Theta","sliding_2m","hellinger_Tpred",1,69,FALSE,FALSE
"GISAID_US","Theta","sliding_2m","hellinger_Tpred",1,70,FALSE,FALSE
"GISAID_US","Theta","sliding_2m","hellinger_Tpred",1,80,FALSE,FALSE
"GISAID_US","Theta","sliding_2m","hellinger_Tpred",1,95,FALSE,FALSE
"GISAID_US","Theta","sliding_2m","hellinger_Tpred",1,112,FALSE,FALSE
"GISAID_US","Theta","sliding_2m","hellinger_Tpred",1,138,FALSE,FALSE
"GISAID_US","Theta","sliding_2m","hellinger_Tpred",2,142,FALSE,FALSE
"GISAID_US","Theta","sliding_2m","hellinger_Tpred",1,145,FALSE,FALSE
"GISAID_US","Theta","sliding_2m","hellinger_Tpred",1,152,FALSE,FALSE
"GISAID_US","Theta","sliding_2m","hellinger_Tpred",2,156,FALSE,FALSE
"GISAID_US","Theta","sliding_2m","hellinger_Tpred",2,157,FALSE,FALSE
"GISAID_US","Theta","sliding_2m","hellinger_Tpred",2,158,FALSE,FALSE
"GISAID_US","Theta","sliding_2m","hellinger_Tpred",1,190,FALSE,FALSE
"GISAID_US","Theta","sliding_2m","hellinger_Tpred",1,222,FALSE,FALSE
"GISAID_US","Theta","sliding_2m","hellinger_Tpred",1,253,FALSE,FALSE
"GISAID_US","Theta","sliding_2m","hellinger_Tpred",1,289,FALSE,FALSE
"GISAID_US","Theta","sliding_2m","hellinger_Tpred",1,417,FALSE,FALSE
"GISAID_US","Theta","sliding_2m","hellinger_Tpred",2,452,FALSE,FALSE
"GISAID_US","Theta","sliding_2m","hellinger_Tpred",1,477,FALSE,FALSE
"GISAID_US","Theta","sliding_2m","hellinger_Tpred",2,478,FALSE,FALSE
"GISAID_US","Theta","sliding_2m","hellinger_Tpred",1,484,FALSE,TRUE
"GISAID_US","Theta","sliding_2m","hellinger_Tpred",1,501,FALSE,TRUE
"GISAID_US","Theta","sliding_2m","hellinger_Tpred",1,570,FALSE,FALSE
"GISAID_US","Theta","sliding_2m","hellinger_Tpred",1,655,FALSE,FALSE
"GISAID_US","Theta","sliding_2m","hellinger_Tpred",1,677,FALSE,FALSE
"GISAID_US","Theta","sliding_2m","hellinger_Tpred",2,681,FALSE,TRUE
"GISAID_US","Theta","sliding_2m","hellinger_Tpred",1,701,FALSE,FALSE
"GISAID_US","Theta","sliding_2m","hellinger_Tpred",1,716,FALSE,FALSE
"GISAID_US","Theta","sliding_2m","hellinger_Tpred",1,732,FALSE,FALSE
"GISAID_US","Theta","sliding_2m","hellinger_Tpred",1,859,FALSE,FALSE
"GISAID_US","Theta","sliding_2m","hellinger_Tpred",2,950,FALSE,FALSE
"GISAID_US","Theta","sliding_2m","hellinger_Tpred",1,982,FALSE,FALSE
"GISAID_US","Theta","sliding_2m","hellinger_Tpred",1,1027,FALSE,FALSE
"GISAID_US","Theta","sliding_2m","hellinger_Tpred",1,1104,FALSE,FALSE
"GISAID_US","Theta","sliding_2m","hellinger_Tpred",1,1118,FALSE,FALSE
"GISAID_US","Theta","sliding_2m","hellinger_Tpred",1,1176,FALSE,FALSE
"GISAID_US","Theta","sliding_2m","hellinger_Tpred",1,1191,FALSE,FALSE
"GISAID_US","Theta","sliding_2m","hellinger_Tpred",1,1264,FALSE,FALSE
"NCBI_US","Alpha","cumulative_1m","entropy",1,5,FALSE,FALSE
"NCBI_US","Alpha","cumulative_1m","entropy",1,13,FALSE,FALSE
"NCBI_US","Alpha","cumulative_1m","entropy",1,18,FALSE,FALSE
"NCBI_US","Alpha","cumulative_1m","entropy",1,20,FALSE,FALSE
"NCBI_US","Alpha","cumulative_1m","entropy",1,26,FALSE,FALSE
"NCBI_US","Alpha","cumulative_1m","entropy",1,95,FALSE,FALSE
"NCBI_US","Alpha","cumulative_1m","entropy",1,138,FALSE,FALSE
"NCBI_US","Alpha","cumulative_1m","entropy",1,152,FALSE,FALSE
"NCBI_US","Alpha","cumulative_1m","entropy",1,190,FALSE,FALSE
"NCBI_US","Alpha","cumulative_1m","entropy",1,253,FALSE,FALSE
"NCBI_US","Alpha","cumulative_1m","entropy",1,417,FALSE,FALSE
"NCBI_US","Alpha","cumulative_1m","entropy",1,452,FALSE,TRUE
"NCBI_US","Alpha","cumulative_1m","entropy",1,477,FALSE,FALSE
"NCBI_US","Alpha","cumulative_1m","entropy",1,478,FALSE,FALSE
"NCBI_US","Alpha","cumulative_1m","entropy",1,484,FALSE,TRUE
"NCBI_US","Alpha","cumulative_1m","entropy",1,501,TRUE,TRUE
"NCBI_US","Alpha","cumulative_1m","entropy",2,614,FALSE,TRUE
"NCBI_US","Alpha","cumulative_1m","entropy",1,655,FALSE,FALSE
"NCBI_US","Alpha","cumulative_1m","entropy",1,677,FALSE,FALSE
"NCBI_US","Alpha","cumulative_1m","entropy",1,681,TRUE,TRUE
"NCBI_US","Alpha","cumulative_1m","entropy",1,701,FALSE,FALSE
"NCBI_US","Alpha","cumulative_1m","entropy",1,732,FALSE,FALSE
"NCBI_US","Alpha","cumulative_1m","entropy",1,957,FALSE,FALSE
"NCBI_US","Alpha","cumulative_1m","entropy",1,1027,FALSE,FALSE
"NCBI_US","Alpha","cumulative_1m","entropy",1,1176,FALSE,FALSE
"NCBI_US","Alpha","cumulative_1m","hellinger_T1",1,5,FALSE,FALSE
"NCBI_US","Alpha","cumulative_1m","hellinger_T1",1,13,FALSE,FALSE
"NCBI_US","Alpha","cumulative_1m","hellinger_T1",1,18,FALSE,FALSE
"NCBI_US","Alpha","cumulative_1m","hellinger_T1",1,20,FALSE,FALSE
"NCBI_US","Alpha","cumulative_1m","hellinger_T1",1,26,FALSE,FALSE
"NCBI_US","Alpha","cumulative_1m","hellinger_T1",1,95,FALSE,FALSE
"NCBI_US","Alpha","cumulative_1m","hellinger_T1",1,138,FALSE,FALSE
"NCBI_US","Alpha","cumulative_1m","hellinger_T1",1,152,FALSE,FALSE
"NCBI_US","Alpha","cumulative_1m","hellinger_T1",1,190,FALSE,FALSE
"NCBI_US","Alpha","cumulative_1m","hellinger_T1",1,253,FALSE,FALSE
"NCBI_US","Alpha","cumulative_1m","hellinger_T1",1,417,FALSE,FALSE
"NCBI_US","Alpha","cumulative_1m","hellinger_T1",1,452,FALSE,TRUE
"NCBI_US","Alpha","cumulative_1m","hellinger_T1",1,477,FALSE,FALSE
"NCBI_US","Alpha","cumulative_1m","hellinger_T1",1,478,FALSE,FALSE
"NCBI_US","Alpha","cumulative_1m","hellinger_T1",1,484,FALSE,TRUE
"NCBI_US","Alpha","cumulative_1m","hellinger_T1",1,501,TRUE,TRUE
"NCBI_US","Alpha","cumulative_1m","hellinger_T1",2,614,FALSE,TRUE
"NCBI_US","Alpha","cumulative_1m","hellinger_T1",1,655,FALSE,FALSE
"NCBI_US","Alpha","cumulative_1m","hellinger_T1",1,677,FALSE,FALSE
"NCBI_US","Alpha","cumulative_1m","hellinger_T1",1,681,TRUE,TRUE
"NCBI_US","Alpha","cumulative_1m","hellinger_T1",1,701,FALSE,FALSE
"NCBI_US","Alpha","cumulative_1m","hellinger_T1",1,732,FALSE,FALSE
"NCBI_US","Alpha","cumulative_1m","hellinger_T1",1,957,FALSE,FALSE
"NCBI_US","Alpha","cumulative_1m","hellinger_T1",1,1027,FALSE,FALSE
"NCBI_US","Alpha","cumulative_1m","hellinger_T1",1,1176,FALSE,FALSE
"NCBI_US","Alpha","cumulative_1m","hellinger_Tpred",1,5,FALSE,FALSE
"NCBI_US","Alpha","cumulative_1m","hellinger_Tpred",1,13,FALSE,FALSE
"NCBI_US","Alpha","cumulative_1m","hellinger_Tpred",1,18,FALSE,FALSE
"NCBI_US","Alpha","cumulative_1m","hellinger_Tpred",1,20,FALSE,FALSE
"NCBI_US","Alpha","cumulative_1m","hellinger_Tpred",1,26,FALSE,FALSE
"NCBI_US","Alpha","cumulative_1m","hellinger_Tpred",1,95,FALSE,FALSE
"NCBI_US","Alpha","cumulative_1m","hellinger_Tpred",1,138,FALSE,FALSE
"NCBI_US","Alpha","cumulative_1m","hellinger_Tpred",1,152,FALSE,FALSE
"NCBI_US","Alpha","cumulative_1m","hellinger_Tpred",1,190,FALSE,FALSE
"NCBI_US","Alpha","cumulative_1m","hellinger_Tpred",1,253,FALSE,FALSE
"NCBI_US","Alpha","cumulative_1m","hellinger_Tpred",1,417,FALSE,FALSE
"NCBI_US","Alpha","cumulative_1m","hellinger_Tpred",1,452,FALSE,TRUE
"NCBI_US","Alpha","cumulative_1m","hellinger_Tpred",1,477,FALSE,FALSE
"NCBI_US","Alpha","cumulative_1m","hellinger_Tpred",1,478,FALSE,FALSE
"NCBI_US","Alpha","cumulative_1m","hellinger_Tpred",1,484,FALSE,TRUE
"NCBI_US","Alpha","cumulative_1m","hellinger_Tpred",1,501,TRUE,TRUE
"NCBI_US","Alpha","cumulative_1m","hellinger_Tpred",2,614,FALSE,TRUE
"NCBI_US","Alpha","cumulative_1m","hellinger_Tpred",1,655,FALSE,FALSE
"NCBI_US","Alpha","cumulative_1m","hellinger_Tpred",1,677,FALSE,FALSE
"NCBI_US","Alpha","cumulative_1m","hellinger_Tpred",1,681,TRUE,TRUE
"NCBI_US","Alpha","cumulative_1m","hellinger_Tpred",1,701,FALSE,FALSE
"NCBI_US","Alpha","cumulative_1m","hellinger_Tpred",1,732,FALSE,FALSE
"NCBI_US","Alpha","cumulative_1m","hellinger_Tpred",1,957,FALSE,FALSE
"NCBI_US","Alpha","cumulative_1m","hellinger_Tpred",1,1027,FALSE,FALSE
"NCBI_US","Alpha","cumulative_1m","hellinger_Tpred",1,1176,FALSE,FALSE
"NCBI_US","Alpha","disjoint_2m","entropy",1,5,FALSE,FALSE
"NCBI_US","Alpha","disjoint_2m","entropy",1,13,FALSE,FALSE
"NCBI_US","Alpha","disjoint_2m","entropy",1,18,FALSE,FALSE
"NCBI_US","Alpha","disjoint_2m","entropy",1,20,FALSE,FALSE
"NCBI_US","Alpha","disjoint_2m","entropy",1,26,FALSE,FALSE
"NCBI_US","Alpha","disjoint_2m","entropy",1,95,FALSE,FALSE
"NCBI_US","Alpha","disjoint_2m","entropy",1,138,FALSE,FALSE
"NCBI_US","Alpha","disjoint_2m","entropy",1,152,FALSE,FALSE
"NCBI_US","Alpha","disjoint_2m","entropy",1,190,FALSE,FALSE
"NCBI_US","Alpha","disjoint_2m","entropy",1,253,FALSE,FALSE
"NCBI_US","Alpha","disjoint_2m","entropy",1,417,FALSE,FALSE
"NCBI_US","Alpha","disjoint_2m","entropy",1,452,FALSE,TRUE
"NCBI_US","Alpha","disjoint_2m","entropy",1,477,FALSE,FALSE
"NCBI_US","Alpha","disjoint_2m","entropy",1,478,FALSE,FALSE
"NCBI_US","Alpha","disjoint_2m","entropy",1,484,FALSE,TRUE
"NCBI_US","Alpha","disjoint_2m","entropy",1,501,TRUE,TRUE
"NCBI_US","Alpha","disjoint_2m","entropy",2,614,FALSE,TRUE
"NCBI_US","Alpha","disjoint_2m","entropy",1,655,FALSE,FALSE
"NCBI_US","Alpha","disjoint_2m","entropy",1,677,FALSE,FALSE
"NCBI_US","Alpha","disjoint_2m","entropy",1,681,TRUE,TRUE
"NCBI_US","Alpha","disjoint_2m","entropy",1,701,FALSE,FALSE
"NCBI_US","Alpha","disjoint_2m","entropy",1,732,FALSE,FALSE
"NCBI_US","Alpha","disjoint_2m","entropy",1,957,FALSE,FALSE
"NCBI_US","Alpha","disjoint_2m","entropy",1,1027,FALSE,FALSE
"NCBI_US","Alpha","disjoint_2m","entropy",1,1176,FALSE,FALSE
"NCBI_US","Alpha","disjoint_2m","hellinger_T1",1,5,FALSE,FALSE
"NCBI_US","Alpha","disjoint_2m","hellinger_T1",1,13,FALSE,FALSE
"NCBI_US","Alpha","disjoint_2m","hellinger_T1",2,18,FALSE,FALSE
"NCBI_US","Alpha","disjoint_2m","hellinger_T1",2,20,FALSE,FALSE
"NCBI_US","Alpha","disjoint_2m","hellinger_T1",2,26,FALSE,FALSE
"NCBI_US","Alpha","disjoint_2m","hellinger_T1",1,95,FALSE,FALSE
"NCBI_US","Alpha","disjoint_2m","hellinger_T1",2,138,FALSE,FALSE
"NCBI_US","Alpha","disjoint_2m","hellinger_T1",1,152,FALSE,FALSE
"NCBI_US","Alpha","disjoint_2m","hellinger_T1",2,190,FALSE,FALSE
"NCBI_US","Alpha","disjoint_2m","hellinger_T1",1,253,FALSE,FALSE
"NCBI_US","Alpha","disjoint_2m","hellinger_T1",2,417,FALSE,FALSE
"NCBI_US","Alpha","disjoint_2m","hellinger_T1",1,452,FALSE,TRUE
"NCBI_US","Alpha","disjoint_2m","hellinger_T1",1,477,FALSE,FALSE
"NCBI_US","Alpha","disjoint_2m","hellinger_T1",1,478,FALSE,FALSE
"NCBI_US","Alpha","disjoint_2m","hellinger_T1",2,484,FALSE,TRUE
"NCBI_US","Alpha","disjoint_2m","hellinger_T1",2,501,TRUE,TRUE
"NCBI_US","Alpha","disjoint_2m","hellinger_T1",3,614,FALSE,TRUE
"NCBI_US","Alpha","disjoint_2m","hellinger_T1",2,655,FALSE,FALSE
"NCBI_US","Alpha","disjoint_2m","hellinger_T1",1,677,FALSE,FALSE
"NCBI_US","Alpha","disjoint_2m","hellinger_T1",1,681,TRUE,TRUE
"NCBI_US","Alpha","disjoint_2m","hellinger_T1",1,701,FALSE,FALSE
"NCBI_US","Alpha","disjoint_2m","hellinger_T1",1,732,FALSE,FALSE
"NCBI_US","Alpha","disjoint_2m","hellinger_T1",1,957,FALSE,FALSE
"NCBI_US","Alpha","disjoint_2m","hellinger_T1",2,1027,FALSE,FALSE
"NCBI_US","Alpha","disjoint_2m","hellinger_T1",2,1176,FALSE,FALSE
"NCBI_US","Alpha","disjoint_2m","hellinger_Tpred",1,5,FALSE,FALSE
"NCBI_US","Alpha","disjoint_2m","hellinger_Tpred",1,13,FALSE,FALSE
"NCBI_US","Alpha","disjoint_2m","hellinger_Tpred",2,18,FALSE,FALSE
"NCBI_US","Alpha","disjoint_2m","hellinger_Tpred",2,20,FALSE,FALSE
"NCBI_US","Alpha","disjoint_2m","hellinger_Tpred",2,26,FALSE,FALSE
"NCBI_US","Alpha","disjoint_2m","hellinger_Tpred",1,95,FALSE,FALSE
"NCBI_US","Alpha","disjoint_2m","hellinger_Tpred",2,138,FALSE,FALSE
"NCBI_US","Alpha","disjoint_2m","hellinger_Tpred",1,152,FALSE,FALSE
"NCBI_US","Alpha","disjoint_2m","hellinger_Tpred",2,190,FALSE,FALSE
"NCBI_US","Alpha","disjoint_2m","hellinger_Tpred",1,253,FALSE,FALSE
"NCBI_US","Alpha","disjoint_2m","hellinger_Tpred",2,417,FALSE,FALSE
"NCBI_US","Alpha","disjoint_2m","hellinger_Tpred",1,452,FALSE,TRUE
"NCBI_US","Alpha","disjoint_2m","hellinger_Tpred",1,477,FALSE,FALSE
"NCBI_US","Alpha","disjoint_2m","hellinger_Tpred",1,478,FALSE,FALSE
"NCBI_US","Alpha","disjoint_2m","hellinger_Tpred",2,484,FALSE,TRUE
"NCBI_US","Alpha","disjoint_2m","hellinger_Tpred",2,501,TRUE,TRUE
"NCBI_US","Alpha","disjoint_2m","hellinger_Tpred",1,614,FALSE,TRUE
"NCBI_US","Alpha","disjoint_2m","hellinger_Tpred",2,655,FALSE,FALSE
"NCBI_US","Alpha","disjoint_2m","hellinger_Tpred",1,677,FALSE,FALSE
"NCBI_US","Alpha","disjoint_2m","hellinger_Tpred",1,681,TRUE,TRUE
"NCBI_US","Alpha","disjoint_2m","hellinger_Tpred",1,701,FALSE,FALSE
"NCBI_US","Alpha","disjoint_2m","hellinger_Tpred",1,732,FALSE,FALSE
"NCBI_US","Alpha","disjoint_2m","hellinger_Tpred",1,957,FALSE,FALSE
"NCBI_US","Alpha","disjoint_2m","hellinger_Tpred",2,1027,FALSE,FALSE
"NCBI_US","Alpha","disjoint_2m","hellinger_Tpred",2,1176,FALSE,FALSE
"NCBI_US","Alpha","sliding_2m","entropy",1,5,FALSE,FALSE
"NCBI_US","Alpha","sliding_2m","entropy",2,13,FALSE,FALSE
"NCBI_US","Alpha","sliding_2m","entropy",3,18,FALSE,FALSE
"NCBI_US","Alpha","sliding_2m","entropy",3,20,FALSE,FALSE
"NCBI_US","Alpha","sliding_2m","entropy",3,26,FALSE,FALSE
"NCBI_US","Alpha","sliding_2m","entropy",1,95,FALSE,FALSE
"NCBI_US","Alpha","sliding_2m","entropy",3,138,FALSE,FALSE
"NCBI_US","Alpha","sliding_2m","entropy",2,152,FALSE,FALSE
"NCBI_US","Alpha","sliding_2m","entropy",3,190,FALSE,FALSE
"NCBI_US","Alpha","sliding_2m","entropy",1,253,FALSE,FALSE
"NCBI_US","Alpha","sliding_2m","entropy",3,417,FALSE,FALSE
"NCBI_US","Alpha","sliding_2m","entropy",4,452,FALSE,TRUE
"NCBI_US","Alpha","sliding_2m","entropy",5,477,FALSE,FALSE
"NCBI_US","Alpha","sliding_2m","entropy",5,478,FALSE,FALSE
"NCBI_US","Alpha","sliding_2m","entropy",1,484,FALSE,TRUE
"NCBI_US","Alpha","sliding_2m","entropy",3,501,TRUE,TRUE
"NCBI_US","Alpha","sliding_2m","entropy",6,614,FALSE,TRUE
"NCBI_US","Alpha","sliding_2m","entropy",3,655,FALSE,FALSE
"NCBI_US","Alpha","sliding_2m","entropy",2,677,FALSE,FALSE
"NCBI_US","Alpha","sliding_2m","entropy",4,681,TRUE,TRUE
"NCBI_US","Alpha","sliding_2m","entropy",1,701,FALSE,FALSE
"NCBI_US","Alpha","sliding_2m","entropy",2,732,FALSE,FALSE
"NCBI_US","Alpha","sliding_2m","entropy",5,957,FALSE,FALSE
"NCBI_US","Alpha","sliding_2m","entropy",3,1027,FALSE,FALSE
"NCBI_US","Alpha","sliding_2m","entropy",3,1176,FALSE,FALSE
"NCBI_US","Alpha","sliding_2m","hellinger_T1",1,5,FALSE,FALSE
"NCBI_US","Alpha","sliding_2m","hellinger_T1",1,13,FALSE,FALSE
"NCBI_US","Alpha","sliding_2m","hellinger_T1",2,18,FALSE,FALSE
"NCBI_US","Alpha","sliding_2m","hellinger_T1",2,20,FALSE,FALSE
"NCBI_US","Alpha","sliding_2m","hellinger_T1",2,26,FALSE,FALSE
"NCBI_US","Alpha","sliding_2m","hellinger_T1",1,95,FALSE,FALSE
"NCBI_US","Alpha","sliding_2m","hellinger_T1",2,138,FALSE,FALSE
"NCBI_US","Alpha","sliding_2m","hellinger_T1",1,152,FALSE,FALSE
"NCBI_US","Alpha","sliding_2m","hellinger_T1",2,190,FALSE,FALSE
"NCBI_US","Alpha","sliding_2m","hellinger_T1",1,253,FALSE,FALSE
"NCBI_US","Alpha","sliding_2m","hellinger_T1",2,417,FALSE,FALSE
"NCBI_US","Alpha","sliding_2m","hellinger_T1",1,452,FALSE,TRUE
"NCBI_US","Alpha","sliding_2m","hellinger_T1",1,477,FALSE,FALSE
"NCBI_US","Alpha","sliding_2m","hellinger_T1",1,478,FALSE,FALSE
"NCBI_US","Alpha","sliding_2m","hellinger_T1",2,484,FALSE,TRUE
"NCBI_US","Alpha","sliding_2m","hellinger_T1",2,501,TRUE,TRUE
"NCBI_US","Alpha","sliding_2m","hellinger_T1",3,614,FALSE,TRUE
"NCBI_US","Alpha","sliding_2m","hellinger_T1",2,655,FALSE,FALSE
"NCBI_US","Alpha","sliding_2m","hellinger_T1",1,677,FALSE,FALSE
"NCBI_US","Alpha","sliding_2m","hellinger_T1",1,681,TRUE,TRUE
"NCBI_US","Alpha","sliding_2m","hellinger_T1",1,701,FALSE,FALSE
"NCBI_US","Alpha","sliding_2m","hellinger_T1",1,732,FALSE,FALSE
"NCBI_US","Alpha","sliding_2m","hellinger_T1",1,957,FALSE,FALSE
"NCBI_US","Alpha","sliding_2m","hellinger_T1",2,1027,FALSE,FALSE
"NCBI_US","Alpha","sliding_2m","hellinger_T1",2,1176,FALSE,FALSE
"NCBI_US","Alpha","sliding_2m","hellinger_Tpred",1,5,FALSE,FALSE
"NCBI_US","Alpha","sliding_2m","hellinger_Tpred",1,13,FALSE,FALSE
"NCBI_US","Alpha","sliding_2m","hellinger_Tpred",2,18,FALSE,FALSE
"NCBI_US","Alpha","sliding_2m","hellinger_Tpred",2,20,FALSE,FALSE
"NCBI_US","Alpha","sliding_2m","hellinger_Tpred",2,26,FALSE,FALSE
"NCBI_US","Alpha","sliding_2m","hellinger_Tpred",1,95,FALSE,FALSE
"NCBI_US","Alpha","sliding_2m","hellinger_Tpred",2,138,FALSE,FALSE
"NCBI_US","Alpha","sliding_2m","hellinger_Tpred",1,152,FALSE,FALSE
"NCBI_US","Alpha","sliding_2m","hellinger_Tpred",2,190,FALSE,FALSE
"NCBI_US","Alpha","sliding_2m","hellinger_Tpred",1,253,FALSE,FALSE
"NCBI_US","Alpha","sliding_2m","hellinger_Tpred",2,417,FALSE,FALSE
"NCBI_US","Alpha","sliding_2m","hellinger_Tpred",1,452,FALSE,TRUE
"NCBI_US","Alpha","sliding_2m","hellinger_Tpred",1,477,FALSE,FALSE
"NCBI_US","Alpha","sliding_2m","hellinger_Tpred",1,478,FALSE,FALSE
"NCBI_US","Alpha","sliding_2m","hellinger_Tpred",2,484,FALSE,TRUE
"NCBI_US","Alpha","sliding_2m","hellinger_Tpred",2,501,TRUE,TRUE
"NCBI_US","Alpha","sliding_2m","hellinger_Tpred",3,614,FALSE,TRUE
"NCBI_US","Alpha","sliding_2m","hellinger_Tpred",2,655,FALSE,FALSE
"NCBI_US","Alpha","sliding_2m","hellinger_Tpred",1,677,FALSE,FALSE
"NCBI_US","Alpha","sliding_2m","hellinger_Tpred",1,681,TRUE,TRUE
"NCBI_US","Alpha","sliding_2m","hellinger_Tpred",1,701,FALSE,FALSE
"NCBI_US","Alpha","sliding_2m","hellinger_Tpred",1,732,FALSE,FALSE
"NCBI_US","Alpha","sliding_2m","hellinger_Tpred",1,957,FALSE,FALSE
"NCBI_US","Alpha","sliding_2m","hellinger_Tpred",2,1027,FALSE,FALSE
"NCBI_US","Alpha","sliding_2m","hellinger_Tpred",2,1176,FALSE,FALSE
"NCBI_US","Beta","cumulative_1m","entropy",1,5,FALSE,FALSE
"NCBI_US","Beta","cumulative_1m","entropy",1,13,FALSE,FALSE
"NCBI_US","Beta","cumulative_1m","entropy",1,18,FALSE,FALSE
"NCBI_US","Beta","cumulative_1m","entropy",1,20,FALSE,FALSE
"NCBI_US","Beta","cumulative_1m","entropy",1,26,FALSE,FALSE
"NCBI_US","Beta","cumulative_1m","entropy",1,95,FALSE,FALSE
"NCBI_US","Beta","cumulative_1m","entropy",1,138,FALSE,FALSE
"NCBI_US","Beta","cumulative_1m","entropy",1,152,FALSE,FALSE
"NCBI_US","Beta","cumulative_1m","entropy",1,190,FALSE,FALSE
"NCBI_US","Beta","cumulative_1m","entropy",1,253,FALSE,FALSE
"NCBI_US","Beta","cumulative_1m","entropy",1,417,TRUE,TRUE
"NCBI_US","Beta","cumulative_1m","entropy",1,452,FALSE,FALSE
"NCBI_US","Beta","cumulative_1m","entropy",1,477,FALSE,FALSE
"NCBI_US","Beta","cumulative_1m","entropy",1,478,FALSE,FALSE
"NCBI_US","Beta","cumulative_1m","entropy",1,484,TRUE,TRUE
"NCBI_US","Beta","cumulative_1m","entropy",1,501,TRUE,TRUE
"NCBI_US","Beta","cumulative_1m","entropy",2,614,FALSE,TRUE
"NCBI_US","Beta","cumulative_1m","entropy",1,655,FALSE,FALSE
"NCBI_US","Beta","cumulative_1m","entropy",1,677,FALSE,FALSE
"NCBI_US","Beta","cumulative_1m","entropy",1,681,FALSE,FALSE
"NCBI_US","Beta","cumulative_1m","entropy",1,701,TRUE,TRUE
"NCBI_US","Beta","cumulative_1m","entropy",1,732,FALSE,FALSE
"NCBI_US","Beta","cumulative_1m","entropy",1,957,FALSE,FALSE
"NCBI_US","Beta","cumulative_1m","entropy",1,1027,FALSE,FALSE
"NCBI_US","Beta","cumulative_1m","entropy",1,1176,FALSE,FALSE
"NCBI_US","Beta","cumulative_1m","hellinger_T1",1,5,FALSE,FALSE
"NCBI_US","Beta","cumulative_1m","hellinger_T1",1,13,FALSE,FALSE
"NCBI_US","Beta","cumulative_1m","hellinger_T1",1,18,FALSE,FALSE
"NCBI_US","Beta","cumulative_1m","hellinger_T1",1,20,FALSE,FALSE
"NCBI_US","Beta","cumulative_1m","hellinger_T1",1,26,FALSE,FALSE
"NCBI_US","Beta","cumulative_1m","hellinger_T1",1,95,FALSE,FALSE
"NCBI_US","Beta","cumulative_1m","hellinger_T1",1,138,FALSE,FALSE
"NCBI_US","Beta","cumulative_1m","hellinger_T1",1,152,FALSE,FALSE
"NCBI_US","Beta","cumulative_1m","hellinger_T1",1,190,FALSE,FALSE
"NCBI_US","Beta","cumulative_1m","hellinger_T1",1,253,FALSE,FALSE
"NCBI_US","Beta","cumulative_1m","hellinger_T1",1,417,TRUE,TRUE
"NCBI_US","Beta","cumulative_1m","hellinger_T1",1,452,FALSE,FALSE
"NCBI_US","Beta","cumulative_1m","hellinger_T1",1,477,FALSE,FALSE
"NCBI_US","Beta","cumulative_1m","hellinger_T1",1,478,FALSE,FALSE
"NCBI_US","Beta","cumulative_1m","hellinger_T1",1,484,TRUE,TRUE
"NCBI_US","Beta","cumulative_1m","hellinger_T1",1,501,TRUE,TRUE
"NCBI_US","Beta","cumulative_1m","hellinger_T1",2,614,FALSE,TRUE
"NCBI_US","Beta","cumulative_1m","hellinger_T1",1,655,FALSE,FALSE
"NCBI_US","Beta","cumulative_1m","hellinger_T1",1,677,FALSE,FALSE
"NCBI_US","Beta","cumulative_1m","hellinger_T1",1,681,FALSE,FALSE
"NCBI_US","Beta","cumulative_1m","hellinger_T1",1,701,TRUE,TRUE
"NCBI_US","Beta","cumulative_1m","hellinger_T1",1,732,FALSE,FALSE
"NCBI_US","Beta","cumulative_1m","hellinger_T1",1,957,FALSE,FALSE
"NCBI_US","Beta","cumulative_1m","hellinger_T1",1,1027,FALSE,FALSE
"NCBI_US","Beta","cumulative_1m","hellinger_T1",1,1176,FALSE,FALSE
"NCBI_US","Beta","cumulative_1m","hellinger_Tpred",1,5,FALSE,FALSE
"NCBI_US","Beta","cumulative_1m","hellinger_Tpred",2,13,FALSE,FALSE
"NCBI_US","Beta","cumulative_1m","hellinger_Tpred",1,18,FALSE,FALSE
"NCBI_US","Beta","cumulative_1m","hellinger_Tpred",1,20,FALSE,FALSE
"NCBI_US","Beta","cumulative_1m","hellinger_Tpred",1,26,FALSE,FALSE
"NCBI_US","Beta","cumulative_1m","hellinger_Tpred",1,95,FALSE,FALSE
"NCBI_US","Beta","cumulative_1m","hellinger_Tpred",1,138,FALSE,FALSE
"NCBI_US","Beta","cumulative_1m","hellinger_Tpred",2,152,FALSE,FALSE
"NCBI_US","Beta","cumulative_1m","hellinger_Tpred",1,190,FALSE,FALSE
"NCBI_US","Beta","cumulative_1m","hellinger_Tpred",1,253,FALSE,FALSE
"NCBI_US","Beta","cumulative_1m","hellinger_Tpred",1,417,TRUE,TRUE
"NCBI_US","Beta","cumulative_1m","hellinger_Tpred",2,452,FALSE,FALSE
"NCBI_US","Beta","cumulative_1m","hellinger_Tpred",1,477,FALSE,FALSE
"NCBI_US","Beta","cumulative_1m","hellinger_Tpred",1,478,FALSE,FALSE
"NCBI_US","Beta","cumulative_1m","hellinger_Tpred",1,484,TRUE,TRUE
"NCBI_US","Beta","cumulative_1m","hellinger_Tpred",1,501,TRUE,TRUE
"NCBI_US","Beta","cumulative_1m","hellinger_Tpred",2,614,FALSE,TRUE
"NCBI_US","Beta","cumulative_1m","hellinger_Tpred",1,655,FALSE,FALSE
"NCBI_US","Beta","cumulative_1m","hellinger_Tpred",2,677,FALSE,FALSE
"NCBI_US","Beta","cumulative_1m","hellinger_Tpred",2,681,FALSE,FALSE
"NCBI_US","Beta","cumulative_1m","hellinger_Tpred",1,701,TRUE,TRUE
"NCBI_US","Beta","cumulative_1m","hellinger_Tpred",2,732,FALSE,FALSE
"NCBI_US","Beta","cumulative_1m","hellinger_Tpred",1,957,FALSE,FALSE
"NCBI_US","Beta","cumulative_1m","hellinger_Tpred",1,1027,FALSE,FALSE
"NCBI_US","Beta","cumulative_1m","hellinger_Tpred",1,1176,FALSE,FALSE
"NCBI_US","Beta","disjoint_2m","entropy",1,5,FALSE,FALSE
"NCBI_US","Beta","disjoint_2m","entropy",1,13,FALSE,FALSE
"NCBI_US","Beta","disjoint_2m","entropy",1,18,FALSE,FALSE
"NCBI_US","Beta","disjoint_2m","entropy",1,20,FALSE,FALSE
"NCBI_US","Beta","disjoint_2m","entropy",1,26,FALSE,FALSE
"NCBI_US","Beta","disjoint_2m","entropy",1,95,FALSE,FALSE
"NCBI_US","Beta","disjoint_2m","entropy",1,138,FALSE,FALSE
"NCBI_US","Beta","disjoint_2m","entropy",1,152,FALSE,FALSE
"NCBI_US","Beta","disjoint_2m","entropy",1,190,FALSE,FALSE
"NCBI_US","Beta","disjoint_2m","entropy",1,253,FALSE,FALSE
"NCBI_US","Beta","disjoint_2m","entropy",1,417,TRUE,TRUE
"NCBI_US","Beta","disjoint_2m","entropy",1,452,FALSE,FALSE
"NCBI_US","Beta","disjoint_2m","entropy",1,477,FALSE,FALSE
"NCBI_US","Beta","disjoint_2m","entropy",1,478,FALSE,FALSE
"NCBI_US","Beta","disjoint_2m","entropy",1,484,TRUE,TRUE
"NCBI_US","Beta","disjoint_2m","entropy",1,501,TRUE,TRUE
"NCBI_US","Beta","disjoint_2m","entropy",2,614,FALSE,TRUE
"NCBI_US","Beta","disjoint_2m","entropy",1,655,FALSE,FALSE
"NCBI_US","Beta","disjoint_2m","entropy",1,677,FALSE,FALSE
"NCBI_US","Beta","disjoint_2m","entropy",1,681,FALSE,FALSE
"NCBI_US","Beta","disjoint_2m","entropy",1,701,TRUE,TRUE
"NCBI_US","Beta","disjoint_2m","entropy",1,732,FALSE,FALSE
"NCBI_US","Beta","disjoint_2m","entropy",1,957,FALSE,FALSE
"NCBI_US","Beta","disjoint_2m","entropy",1,1027,FALSE,FALSE
"NCBI_US","Beta","disjoint_2m","entropy",1,1176,FALSE,FALSE
"NCBI_US","Beta","disjoint_2m","hellinger_T1",1,5,FALSE,FALSE
"NCBI_US","Beta","disjoint_2m","hellinger_T1",2,13,FALSE,FALSE
"NCBI_US","Beta","disjoint_2m","hellinger_T1",3,18,FALSE,FALSE
"NCBI_US","Beta","disjoint_2m","hellinger_T1",3,20,FALSE,FALSE
"NCBI_US","Beta","disjoint_2m","hellinger_T1",3,26,FALSE,FALSE
"NCBI_US","Beta","disjoint_2m","hellinger_T1",1,95,FALSE,FALSE
"NCBI_US","Beta","disjoint_2m","hellinger_T1",3,138,FALSE,FALSE
"NCBI_US","Beta","disjoint_2m","hellinger_T1",2,152,FALSE,FALSE
"NCBI_US","Beta","disjoint_2m","hellinger_T1",3,190,FALSE,FALSE
"NCBI_US","Beta","disjoint_2m","hellinger_T1",1,253,FALSE,FALSE
"NCBI_US","Beta","disjoint_2m","hellinger_T1",3,417,TRUE,TRUE
"NCBI_US","Beta","disjoint_2m","hellinger_T1",4,452,FALSE,FALSE
"NCBI_US","Beta","disjoint_2m","hellinger_T1",5,477,FALSE,FALSE
"NCBI_US","Beta","disjoint_2m","hellinger_T1",5,478,FALSE,FALSE
"NCBI_US","Beta","disjoint_2m","hellinger_T1",3,484,TRUE,TRUE
"NCBI_US","Beta","disjoint_2m","hellinger_T1",3,501,TRUE,TRUE
"NCBI_US","Beta","disjoint_2m","hellinger_T1",6,614,FALSE,TRUE
"NCBI_US","Beta","disjoint_2m","hellinger_T1",3,655,FALSE,FALSE
"NCBI_US","Beta","disjoint_2m","hellinger_T1",2,677,FALSE,FALSE
"NCBI_US","Beta","disjoint_2m","hellinger_T1",4,681,FALSE,FALSE
"NCBI_US","Beta","disjoint_2m","hellinger_T1",1,701,TRUE,TRUE
"NCBI_US","Beta","disjoint_2m","hellinger_T1",2,732,FALSE,FALSE
"NCBI_US","Beta","disjoint_2m","hellinger_T1",5,957,FALSE,FALSE
"NCBI_US","Beta","disjoint_2m","hellinger_T1",3,1027,FALSE,FALSE
"NCBI_US","Beta","disjoint_2m","hellinger_T1",3,1176,FALSE,FALSE
"NCBI_US","Beta","disjoint_2m","hellinger_Tpred",1,5,FALSE,FALSE
"NCBI_US","Beta","disjoint_2m","hellinger_Tpred",2,13,FALSE,FALSE
"NCBI_US","Beta","disjoint_2m","hellinger_Tpred",3,18,FALSE,FALSE
"NCBI_US","Beta","disjoint_2m","hellinger_Tpred",3,20,FALSE,FALSE
"NCBI_US","Beta","disjoint_2m","hellinger_Tpred",3,26,FALSE,FALSE
"NCBI_US","Beta","disjoint_2m","hellinger_Tpred",1,95,FALSE,FALSE
"NCBI_US","Beta","disjoint_2m","hellinger_Tpred",3,138,FALSE,FALSE
"NCBI_US","Beta","disjoint_2m","hellinger_Tpred",2,152,FALSE,FALSE
"NCBI_US","Beta","disjoint_2m","hellinger_Tpred",3,190,FALSE,FALSE
"NCBI_US","Beta","disjoint_2m","hellinger_Tpred",1,253,FALSE,FALSE
"NCBI_US","Beta","disjoint_2m","hellinger_Tpred",3,417,TRUE,TRUE
"NCBI_US","Beta","disjoint_2m","hellinger_Tpred",2,452,FALSE,FALSE
"NCBI_US","Beta","disjoint_2m","hellinger_Tpred",1,477,FALSE,FALSE
"NCBI_US","Beta","disjoint_2m","hellinger_Tpred",1,478,FALSE,FALSE
"NCBI_US","Beta","disjoint_2m","hellinger_Tpred",3,484,TRUE,TRUE
"NCBI_US","Beta","disjoint_2m","hellinger_Tpred",3,501,TRUE,TRUE
"NCBI_US","Beta","disjoint_2m","hellinger_Tpred",2,614,FALSE,TRUE
"NCBI_US","Beta","disjoint_2m","hellinger_Tpred",3,655,FALSE,FALSE
"NCBI_US","Beta","disjoint_2m","hellinger_Tpred",2,677,FALSE,FALSE
"NCBI_US","Beta","disjoint_2m","hellinger_Tpred",2,681,FALSE,FALSE
"NCBI_US","Beta","disjoint_2m","hellinger_Tpred",1,701,TRUE,TRUE
"NCBI_US","Beta","disjoint_2m","hellinger_Tpred",2,732,FALSE,FALSE
"NCBI_US","Beta","disjoint_2m","hellinger_Tpred",1,957,FALSE,FALSE
"NCBI_US","Beta","disjoint_2m","hellinger_Tpred",3,1027,FALSE,FALSE
"NCBI_US","Beta","disjoint_2m","hellinger_Tpred",3,1176,FALSE,FALSE
"NCBI_US","Beta","sliding_2m","entropy",1,5,FALSE,FALSE
"NCBI_US","Beta","sliding_2m","entropy",2,13,FALSE,FALSE
"NCBI_US","Beta","sliding_2m","entropy",3,18,FALSE,FALSE
"NCBI_US","Beta","sliding_2m","entropy",3,20,FALSE,FALSE
"NCBI_US","Beta","sliding_2m","entropy",3,26,FALSE,FALSE
"NCBI_US","Beta","sliding_2m","entropy",1,95,FALSE,FALSE
"NCBI_US","Beta","sliding_2m","entropy",3,138,FALSE,FALSE
"NCBI_US","Beta","sliding_2m","entropy",2,152,FALSE,FALSE
"NCBI_US","Beta","sliding_2m","entropy",3,190,FALSE,FALSE
"NCBI_US","Beta","sliding_2m","entropy",1,253,FALSE,FALSE
"NCBI_US","Beta","sliding_2m","entropy",3,417,TRUE,TRUE
"NCBI_US","Beta","sliding_2m","entropy",4,452,FALSE,FALSE
"NCBI_US","Beta","sliding_2m","entropy",5,477,FALSE,FALSE
"NCBI_US","Beta","sliding_2m","entropy",5,478,FALSE,FALSE
"NCBI_US","Beta","sliding_2m","entropy",1,484,TRUE,TRUE
"NCBI_US","Beta","sliding_2m","entropy",3,501,TRUE,TRUE
"NCBI_US","Beta","sliding_2m","entropy",6,614,FALSE,TRUE
"NCBI_US","Beta","sliding_2m","entropy",3,655,FALSE,FALSE
"NCBI_US","Beta","sliding_2m","entropy",2,677,FALSE,FALSE
"NCBI_US","Beta","sliding_2m","entropy",4,681,FALSE,FALSE
"NCBI_US","Beta","sliding_2m","entropy",1,701,TRUE,TRUE
"NCBI_US","Beta","sliding_2m","entropy",2,732,FALSE,FALSE
"NCBI_US","Beta","sliding_2m","entropy",5,957,FALSE,FALSE
"NCBI_US","Beta","sliding_2m","entropy",3,1027,FALSE,FALSE
"NCBI_US","Beta","sliding_2m","entropy",3,1176,FALSE,FALSE
"NCBI_US","Beta","sliding_2m","hellinger_T1",1,5,FALSE,FALSE
"NCBI_US","Beta","sliding_2m","hellinger_T1",1,13,FALSE,FALSE
"NCBI_US","Beta","sliding_2m","hellinger_T1",2,18,FALSE,FALSE
"NCBI_US","Beta","sliding_2m","hellinger_T1",2,20,FALSE,FALSE
"NCBI_US","Beta","sliding_2m","hellinger_T1",2,26,FALSE,FALSE
"NCBI_US","Beta","sliding_2m","hellinger_T1",1,95,FALSE,FALSE
"NCBI_US","Beta","sliding_2m","hellinger_T1",2,138,FALSE,FALSE
"NCBI_US","Beta","sliding_2m","hellinger_T1",1,152,FALSE,FALSE
"NCBI_US","Beta","sliding_2m","hellinger_T1",2,190,FALSE,FALSE
"NCBI_US","Beta","sliding_2m","hellinger_T1",1,253,FALSE,FALSE
"NCBI_US","Beta","sliding_2m","hellinger_T1",2,417,TRUE,TRUE
"NCBI_US","Beta","sliding_2m","hellinger_T1",1,452,FALSE,FALSE
"NCBI_US","Beta","sliding_2m","hellinger_T1",1,477,FALSE,FALSE
"NCBI_US","Beta","sliding_2m","hellinger_T1",1,478,FALSE,FALSE
"NCBI_US","Beta","sliding_2m","hellinger_T1",2,484,TRUE,TRUE
"NCBI_US","Beta","sliding_2m","hellinger_T1",2,501,TRUE,TRUE
"NCBI_US","Beta","sliding_2m","hellinger_T1",3,614,FALSE,TRUE
"NCBI_US","Beta","sliding_2m","hellinger_T1",2,655,FALSE,FALSE
"NCBI_US","Beta","sliding_2m","hellinger_T1",1,677,FALSE,FALSE
"NCBI_US","Beta","sliding_2m","hellinger_T1",1,681,FALSE,FALSE
"NCBI_US","Beta","sliding_2m","hellinger_T1",1,701,TRUE,TRUE
"NCBI_US","Beta","sliding_2m","hellinger_T1",1,732,FALSE,FALSE
"NCBI_US","Beta","sliding_2m","hellinger_T1",1,957,FALSE,FALSE
"NCBI_US","Beta","sliding_2m","hellinger_T1",2,1027,FALSE,FALSE
"NCBI_US","Beta","sliding_2m","hellinger_T1",2,1176,FALSE,FALSE
"NCBI_US","Beta","sliding_2m","hellinger_Tpred",1,5,FALSE,FALSE
"NCBI_US","Beta","sliding_2m","hellinger_Tpred",2,13,FALSE,FALSE
"NCBI_US","Beta","sliding_2m","hellinger_Tpred",3,18,FALSE,FALSE
"NCBI_US","Beta","sliding_2m","hellinger_Tpred",3,20,FALSE,FALSE
"NCBI_US","Beta","sliding_2m","hellinger_Tpred",3,26,FALSE,FALSE
"NCBI_US","Beta","sliding_2m","hellinger_Tpred",1,95,FALSE,FALSE
"NCBI_US","Beta","sliding_2m","hellinger_Tpred",3,138,FALSE,FALSE
"NCBI_US","Beta","sliding_2m","hellinger_Tpred",2,152,FALSE,FALSE
"NCBI_US","Beta","sliding_2m","hellinger_Tpred",3,190,FALSE,FALSE
"NCBI_US","Beta","sliding_2m","hellinger_Tpred",1,253,FALSE,FALSE
"NCBI_US","Beta","sliding_2m","hellinger_Tpred",3,417,TRUE,TRUE
"NCBI_US","Beta","sliding_2m","hellinger_Tpred",2,452,FALSE,FALSE
"NCBI_US","Beta","sliding_2m","hellinger_Tpred",1,477,FALSE,FALSE
"NCBI_US","Beta","sliding_2m","hellinger_Tpred",1,478,FALSE,FALSE
"NCBI_US","Beta","sliding_2m","hellinger_Tpred",3,484,TRUE,TRUE
"NCBI_US","Beta","sliding_2m","hellinger_Tpred",3,501,TRUE,TRUE
"NCBI_US","Beta","sliding_2m","hellinger_Tpred",2,614,FALSE,TRUE
"NCBI_US","Beta","sliding_2m","hellinger_Tpred",3,655,FALSE,FALSE
"NCBI_US","Beta","sliding_2m","hellinger_Tpred",2,677,FALSE,FALSE
"NCBI_US","Beta","sliding_2m","hellinger_Tpred",2,681,FALSE,FALSE
"NCBI_US","Beta","sliding_2m","hellinger_Tpred",1,701,TRUE,TRUE
"NCBI_US","Beta","sliding_2m","hellinger_Tpred",2,732,FALSE,FALSE
"NCBI_US","Beta","sliding_2m","hellinger_Tpred",1,957,FALSE,FALSE
"NCBI_US","Beta","sliding_2m","hellinger_Tpred",3,1027,FALSE,FALSE
"NCBI_US","Beta","sliding_2m","hellinger_Tpred",3,1176,FALSE,FALSE
"NCBI_US","Delta","cumulative_1m","entropy",1,5,FALSE,FALSE
"NCBI_US","Delta","cumulative_1m","entropy",2,13,FALSE,FALSE
"NCBI_US","Delta","cumulative_1m","entropy",3,18,FALSE,FALSE
"NCBI_US","Delta","cumulative_1m","entropy",3,20,FALSE,FALSE
"NCBI_US","Delta","cumulative_1m","entropy",3,26,FALSE,FALSE
"NCBI_US","Delta","cumulative_1m","entropy",1,95,FALSE,TRUE
"NCBI_US","Delta","cumulative_1m","entropy",3,138,FALSE,FALSE
"NCBI_US","Delta","cumulative_1m","entropy",2,152,FALSE,FALSE
"NCBI_US","Delta","cumulative_1m","entropy",3,190,FALSE,FALSE
"NCBI_US","Delta","cumulative_1m","entropy",1,253,FALSE,FALSE
"NCBI_US","Delta","cumulative_1m","entropy",3,417,FALSE,TRUE
"NCBI_US","Delta","cumulative_1m","entropy",2,452,TRUE,TRUE
"NCBI_US","Delta","cumulative_1m","entropy",3,477,FALSE,FALSE
"NCBI_US","Delta","cumulative_1m","entropy",3,478,TRUE,TRUE
"NCBI_US","Delta","cumulative_1m","entropy",1,484,FALSE,FALSE
"NCBI_US","Delta","cumulative_1m","entropy",3,501,FALSE,FALSE
"NCBI_US","Delta","cumulative_1m","entropy",3,655,FALSE,FALSE
"NCBI_US","Delta","cumulative_1m","entropy",2,677,FALSE,FALSE
"NCBI_US","Delta","cumulative_1m","entropy",2,681,TRUE,TRUE
"NCBI_US","Delta","cumulative_1m","entropy",1,701,FALSE,FALSE
"NCBI_US","Delta","cumulative_1m","entropy",2,732,FALSE,FALSE
"NCBI_US","Delta","cumulative_1m","entropy",3,957,FALSE,FALSE
"NCBI_US","Delta","cumulative_1m","entropy",3,1027,FALSE,FALSE
"NCBI_US","Delta","cumulative_1m","entropy",3,1176,FALSE,FALSE
"NCBI_US","Delta","cumulative_1m","hellinger_T1",1,5,FALSE,FALSE
"NCBI_US","Delta","cumulative_1m","hellinger_T1",2,13,FALSE,FALSE
"NCBI_US","Delta","cumulative_1m","hellinger_T1",3,18,FALSE,FALSE
"NCBI_US","Delta","cumulative_1m","hellinger_T1",3,20,FALSE,FALSE
"NCBI_US","Delta","cumulative_1m","hellinger_T1",3,26,FALSE,FALSE
"NCBI_US","Delta","cumulative_1m","hellinger_T1",1,95,FALSE,TRUE
"NCBI_US","Delta","cumulative_1m","hellinger_T1",3,138,FALSE,FALSE
"NCBI_US","Delta","cumulative_1m","hellinger_T1",2,152,FALSE,FALSE
"NCBI_US","Delta","cumulative_1m","hellinger_T1",3,190,FALSE,FALSE
"NCBI_US","Delta","cumulative_1m","hellinger_T1",3,253,FALSE,FALSE
"NCBI_US","Delta","cumulative_1m","hellinger_T1",3,417,FALSE,TRUE
"NCBI_US","Delta","cumulative_1m","hellinger_T1",2,452,TRUE,TRUE
"NCBI_US","Delta","cumulative_1m","hellinger_T1",3,477,FALSE,FALSE
"NCBI_US","Delta","cumulative_1m","hellinger_T1",3,478,TRUE,TRUE
"NCBI_US","Delta","cumulative_1m","hellinger_T1",1,484,FALSE,FALSE
"NCBI_US","Delta","cumulative_1m","hellinger_T1",3,501,FALSE,FALSE
"NCBI_US","Delta","cumulative_1m","hellinger_T1",3,655,FALSE,FALSE
"NCBI_US","Delta","cumulative_1m","hellinger_T1",2,677,FALSE,FALSE
"NCBI_US","Delta","cumulative_1m","hellinger_T1",2,681,TRUE,TRUE
"NCBI_US","Delta","cumulative_1m","hellinger_T1",1,701,FALSE,FALSE
"NCBI_US","Delta","cumulative_1m","hellinger_T1",2,732,FALSE,FALSE
"NCBI_US","Delta","cumulative_1m","hellinger_T1",3,957,FALSE,FALSE
"NCBI_US","Delta","cumulative_1m","hellinger_T1",3,1027,FALSE,FALSE
"NCBI_US","Delta","cumulative_1m","hellinger_T1",3,1176,FALSE,FALSE
"NCBI_US","Delta","cumulative_1m","hellinger_Tpred",1,5,FALSE,FALSE
"NCBI_US","Delta","cumulative_1m","hellinger_Tpred",2,13,FALSE,FALSE
"NCBI_US","Delta","cumulative_1m","hellinger_Tpred",1,18,FALSE,FALSE
"NCBI_US","Delta","cumulative_1m","hellinger_Tpred",1,20,FALSE,FALSE
"NCBI_US","Delta","cumulative_1m","hellinger_Tpred",2,26,FALSE,FALSE
"NCBI_US","Delta","cumulative_1m","hellinger_Tpred",1,95,FALSE,TRUE
"NCBI_US","Delta","cumulative_1m","hellinger_Tpred",1,138,FALSE,FALSE
"NCBI_US","Delta","cumulative_1m","hellinger_Tpred",2,152,FALSE,FALSE
"NCBI_US","Delta","cumulative_1m","hellinger_Tpred",1,190,FALSE,FALSE
"NCBI_US","Delta","cumulative_1m","hellinger_Tpred",1,253,FALSE,FALSE
"NCBI_US","Delta","cumulative_1m","hellinger_Tpred",1,417,FALSE,TRUE
"NCBI_US","Delta","cumulative_1m","hellinger_Tpred",2,452,TRUE,TRUE
"NCBI_US","Delta","cumulative_1m","hellinger_Tpred",1,477,FALSE,FALSE
"NCBI_US","Delta","cumulative_1m","hellinger_Tpred",2,478,TRUE,TRUE
"NCBI_US","Delta","cumulative_1m","hellinger_Tpred",1,484,FALSE,FALSE
"NCBI_US","Delta","cumulative_1m","hellinger_Tpred",1,501,FALSE,FALSE
"NCBI_US","Delta","cumulative_1m","hellinger_Tpred",1,655,FALSE,FALSE
"NCBI_US","Delta","cumulative_1m","hellinger_Tpred",2,677,FALSE,FALSE
"NCBI_US","Delta","cumulative_1m","hellinger_Tpred",2,681,TRUE,TRUE
"NCBI_US","Delta","cumulative_1m","hellinger_Tpred",1,701,FALSE,FALSE
"NCBI_US","Delta","cumulative_1m","hellinger_Tpred",2,732,FALSE,FALSE
"NCBI_US","Delta","cumulative_1m","hellinger_Tpred",1,957,FALSE,FALSE
"NCBI_US","Delta","cumulative_1m","hellinger_Tpred",1,1027,FALSE,FALSE
"NCBI_US","Delta","cumulative_1m","hellinger_Tpred",1,1176,FALSE,FALSE
"NCBI_US","Delta","disjoint_2m","entropy",1,5,FALSE,FALSE
"NCBI_US","Delta","disjoint_2m","entropy",2,13,FALSE,FALSE
"NCBI_US","Delta","disjoint_2m","entropy",3,18,FALSE,FALSE
"NCBI_US","Delta","disjoint_2m","entropy",3,20,FALSE,FALSE
"NCBI_US","Delta","disjoint_2m","entropy",3,26,FALSE,FALSE
"NCBI_US","Delta","disjoint_2m","entropy",1,95,FALSE,TRUE
"NCBI_US","Delta","disjoint_2m","entropy",3,138,FALSE,FALSE
"NCBI_US","Delta","disjoint_2m","entropy",2,152,FALSE,FALSE
"NCBI_US","Delta","disjoint_2m","entropy",3,190,FALSE,FALSE
"NCBI_US","Delta","disjoint_2m","entropy",1,253,FALSE,FALSE
"NCBI_US","Delta","disjoint_2m","entropy",3,417,FALSE,TRUE
"NCBI_US","Delta","disjoint_2m","entropy",4,452,TRUE,TRUE
"NCBI_US","Delta","disjoint_2m","entropy",5,477,FALSE,FALSE
"NCBI_US","Delta","disjoint_2m","entropy",4,478,TRUE,TRUE
"NCBI_US","Delta","disjoint_2m","entropy",1,484,FALSE,FALSE
"NCBI_US","Delta","disjoint_2m","entropy",3,501,FALSE,FALSE
"NCBI_US","Delta","disjoint_2m","entropy",3,655,FALSE,FALSE
"NCBI_US","Delta","disjoint_2m","entropy",2,677,FALSE,FALSE
"NCBI_US","Delta","disjoint_2m","entropy",4,681,TRUE,TRUE
"NCBI_US","Delta","disjoint_2m","entropy",1,701,FALSE,FALSE
"NCBI_US","Delta","disjoint_2m","entropy",2,732,FALSE,FALSE
"NCBI_US","Delta","disjoint_2m","entropy",5,957,FALSE,FALSE
"NCBI_US","Delta","disjoint_2m","entropy",3,1027,FALSE,FALSE
"NCBI_US","Delta","disjoint_2m","entropy",3,1176,FALSE,FALSE
"NCBI_US","Delta","disjoint_2m","hellinger_T1",1,5,FALSE,FALSE
"NCBI_US","Delta","disjoint_2m","hellinger_T1",2,13,FALSE,FALSE
"NCBI_US","Delta","disjoint_2m","hellinger_T1",3,18,FALSE,FALSE
"NCBI_US","Delta","disjoint_2m","hellinger_T1",3,20,FALSE,FALSE
"NCBI_US","Delta","disjoint_2m","hellinger_T1",3,26,FALSE,FALSE
"NCBI_US","Delta","disjoint_2m","hellinger_T1",1,95,FALSE,TRUE
"NCBI_US","Delta","disjoint_2m","hellinger_T1",3,138,FALSE,FALSE
"NCBI_US","Delta","disjoint_2m","hellinger_T1",2,152,FALSE,FALSE
"NCBI_US","Delta","disjoint_2m","hellinger_T1",3,190,FALSE,FALSE
"NCBI_US","Delta","disjoint_2m","hellinger_T1",1,253,FALSE,FALSE
"NCBI_US","Delta","disjoint_2m","hellinger_T1",3,417,FALSE,TRUE
"NCBI_US","Delta","disjoint_2m","hellinger_T1",4,452,TRUE,TRUE
"NCBI_US","Delta","disjoint_2m","hellinger_T1",1,477,FALSE,FALSE
"NCBI_US","Delta","disjoint_2m","hellinger_T1",4,478,TRUE,TRUE
"NCBI_US","Delta","disjoint_2m","hellinger_T1",3,484,FALSE,FALSE
"NCBI_US","Delta","disjoint_2m","hellinger_T1",3,501,FALSE,FALSE
"NCBI_US","Delta","disjoint_2m","hellinger_T1",3,655,FALSE,FALSE
"NCBI_US","Delta","disjoint_2m","hellinger_T1",2,677,FALSE,FALSE
"NCBI_US","Delta","disjoint_2m","hellinger_T1",4,681,TRUE,TRUE
"NCBI_US","Delta","disjoint_2m","hellinger_T1",1,701,FALSE,FALSE
"NCBI_US","Delta","disjoint_2m","hellinger_T1",2,732,FALSE,FALSE
"NCBI_US","Delta","disjoint_2m","hellinger_T1",1,957,FALSE,FALSE
"NCBI_US","Delta","disjoint_2m","hellinger_T1",3,1027,FALSE,FALSE
"NCBI_US","Delta","disjoint_2m","hellinger_T1",3,1176,FALSE,FALSE
"NCBI_US","Delta","disjoint_2m","hellinger_Tpred",1,5,FALSE,FALSE
"NCBI_US","Delta","disjoint_2m","hellinger_Tpred",2,13,FALSE,FALSE
"NCBI_US","Delta","disjoint_2m","hellinger_Tpred",3,18,FALSE,FALSE
"NCBI_US","Delta","disjoint_2m","hellinger_Tpred",3,20,FALSE,FALSE
"NCBI_US","Delta","disjoint_2m","hellinger_Tpred",3,26,FALSE,FALSE
"NCBI_US","Delta","disjoint_2m","hellinger_Tpred",1,95,FALSE,TRUE
"NCBI_US","Delta","disjoint_2m","hellinger_Tpred",3,138,FALSE,FALSE
"NCBI_US","Delta","disjoint_2m","hellinger_Tpred",2,152,FALSE,FALSE
"NCBI_US","Delta","disjoint_2m","hellinger_Tpred",3,190,FALSE,FALSE
"NCBI_US","Delta","disjoint_2m","hellinger_Tpred",1,253,FALSE,FALSE
"NCBI_US","Delta","disjoint_2m","hellinger_Tpred",3,417,FALSE,TRUE
"NCBI_US","Delta","disjoint_2m","hellinger_Tpred",2,452,TRUE,TRUE
"NCBI_US","Delta","disjoint_2m","hellinger_Tpred",1,477,FALSE,FALSE
"NCBI_US","Delta","disjoint_2m","hellinger_Tpred",2,478,TRUE,TRUE
"NCBI_US","Delta","disjoint_2m","hellinger_Tpred",3,484,FALSE,FALSE
"NCBI_US","Delta","disjoint_2m","hellinger_Tpred",3,501,FALSE,FALSE
"NCBI_US","Delta","disjoint_2m","hellinger_Tpred",3,655,FALSE,FALSE
"NCBI_US","Delta","disjoint_2m","hellinger_Tpred",2,677,FALSE,FALSE
"NCBI_US","Delta","disjoint_2m","hellinger_Tpred",2,681,TRUE,TRUE
"NCBI_US","Delta","disjoint_2m","hellinger_Tpred",1,701,FALSE,FALSE
"NCBI_US","Delta","disjoint_2m","hellinger_Tpred",2,732,FALSE,FALSE
"NCBI_US","Delta","disjoint_2m","hellinger_Tpred",1,957,FALSE,FALSE
"NCBI_US","Delta","disjoint_2m","hellinger_Tpred",3,1027,FALSE,FALSE
"NCBI_US","Delta","disjoint_2m","hellinger_Tpred",3,1176,FALSE,FALSE
"NCBI_US","Delta","sliding_2m","entropy",1,5,FALSE,FALSE
"NCBI_US","Delta","sliding_2m","entropy",2,13,FALSE,FALSE
"NCBI_US","Delta","sliding_2m","entropy",3,18,FALSE,FALSE
"NCBI_US","Delta","sliding_2m","entropy",3,20,FALSE,FALSE
"NCBI_US","Delta","sliding_2m","entropy",3,26,FALSE,FALSE
"NCBI_US","Delta","sliding_2m","entropy",1,95,FALSE,TRUE
"NCBI_US","Delta","sliding_2m","entropy",3,138,FALSE,FALSE
"NCBI_US","Delta","sliding_2m","entropy",2,152,FALSE,FALSE
"NCBI_US","Delta","sliding_2m","entropy",3,190,FALSE,FALSE
"NCBI_US","Delta","sliding_2m","entropy",1,253,FALSE,FALSE
"NCBI_US","Delta","sliding_2m","entropy",3,417,FALSE,TRUE
"NCBI_US","Delta","sliding_2m","entropy",4,452,TRUE,TRUE
"NCBI_US","Delta","sliding_2m","entropy",5,477,FALSE,FALSE
"NCBI_US","Delta","sliding_2m","entropy",5,478,TRUE,TRUE
"NCBI_US","Delta","sliding_2m","entropy",1,484,FALSE,FALSE
"NCBI_US","Delta","sliding_2m","entropy",3,501,FALSE,FALSE
"NCBI_US","Delta","sliding_2m","entropy",3,655,FALSE,FALSE
"NCBI_US","Delta","sliding_2m","entropy",2,677,FALSE,FALSE
"NCBI_US","Delta","sliding_2m","entropy",4,681,TRUE,TRUE
"NCBI_US","Delta","sliding_2m","entropy",1,701,FALSE,FALSE
"NCBI_US","Delta","sliding_2m","entropy",2,732,FALSE,FALSE
"NCBI_US","Delta","sliding_2m","entropy",5,957,FALSE,FALSE
"NCBI_US","Delta","sliding_2m","entropy",3,1027,FALSE,FALSE
"NCBI_US","Delta","sliding_2m","entropy",3,1176,FALSE,FALSE
"NCBI_US","Delta","sliding_2m","hellinger_T1",1,5,FALSE,FALSE
"NCBI_US","Delta","sliding_2m","hellinger_T1",1,13,FALSE,FALSE
"NCBI_US","Delta","sliding_2m","hellinger_T1",2,18,FALSE,FALSE
"NCBI_US","Delta","sliding_2m","hellinger_T1",2,20,FALSE,FALSE
"NCBI_US","Delta","sliding_2m","hellinger_T1",2,26,FALSE,FALSE
"NCBI_US","Delta","sliding_2m","hellinger_T1",1,95,FALSE,TRUE
"NCBI_US","Delta","sliding_2m","hellinger_T1",2,138,FALSE,FALSE
"NCBI_US","Delta","sliding_2m","hellinger_T1",1,152,FALSE,FALSE
"NCBI_US","Delta","sliding_2m","hellinger_T1",2,190,FALSE,FALSE
"NCBI_US","Delta","sliding_2m","hellinger_T1",1,253,FALSE,FALSE
"NCBI_US","Delta","sliding_2m","hellinger_T1",2,417,FALSE,TRUE
"NCBI_US","Delta","sliding_2m","hellinger_T1",1,452,TRUE,TRUE
"NCBI_US","Delta","sliding_2m","hellinger_T1",1,477,FALSE,FALSE
"NCBI_US","Delta","sliding_2m","hellinger_T1",1,478,TRUE,TRUE
"NCBI_US","Delta","sliding_2m","hellinger_T1",2,484,FALSE,FALSE
"NCBI_US","Delta","sliding_2m","hellinger_T1",2,501,FALSE,FALSE
"NCBI_US","Delta","sliding_2m","hellinger_T1",2,655,FALSE,FALSE
"NCBI_US","Delta","sliding_2m","hellinger_T1",1,677,FALSE,FALSE
"NCBI_US","Delta","sliding_2m","hellinger_T1",1,681,TRUE,TRUE
"NCBI_US","Delta","sliding_2m","hellinger_T1",1,701,FALSE,FALSE
"NCBI_US","Delta","sliding_2m","hellinger_T1",1,732,FALSE,FALSE
"NCBI_US","Delta","sliding_2m","hellinger_T1",1,957,FALSE,FALSE
"NCBI_US","Delta","sliding_2m","hellinger_T1",2,1027,FALSE,FALSE
"NCBI_US","Delta","sliding_2m","hellinger_T1",2,1176,FALSE,FALSE
"NCBI_US","Delta","sliding_2m","hellinger_Tpred",1,5,FALSE,FALSE
"NCBI_US","Delta","sliding_2m","hellinger_Tpred",2,13,FALSE,FALSE
"NCBI_US","Delta","sliding_2m","hellinger_Tpred",3,18,FALSE,FALSE
"NCBI_US","Delta","sliding_2m","hellinger_Tpred",3,20,FALSE,FALSE
"NCBI_US","Delta","sliding_2m","hellinger_Tpred",3,26,FALSE,FALSE
"NCBI_US","Delta","sliding_2m","hellinger_Tpred",1,95,FALSE,TRUE
"NCBI_US","Delta","sliding_2m","hellinger_Tpred",3,138,FALSE,FALSE
"NCBI_US","Delta","sliding_2m","hellinger_Tpred",2,152,FALSE,FALSE
"NCBI_US","Delta","sliding_2m","hellinger_Tpred",3,190,FALSE,FALSE
"NCBI_US","Delta","sliding_2m","hellinger_Tpred",1,253,FALSE,FALSE
"NCBI_US","Delta","sliding_2m","hellinger_Tpred",3,417,FALSE,TRUE
"NCBI_US","Delta","sliding_2m","hellinger_Tpred",2,452,TRUE,TRUE
"NCBI_US","Delta","sliding_2m","hellinger_Tpred",1,477,FALSE,FALSE
"NCBI_US","Delta","sliding_2m","hellinger_Tpred",2,478,TRUE,TRUE
"NCBI_US","Delta","sliding_2m","hellinger_Tpred",3,484,FALSE,FALSE
"NCBI_US","Delta","sliding_2m","hellinger_Tpred",3,501,FALSE,FALSE
"NCBI_US","Delta","sliding_2m","hellinger_Tpred",3,655,FALSE,FALSE
"NCBI_US","Delta","sliding_2m","hellinger_Tpred",2,677,FALSE,FALSE
"NCBI_US","Delta","sliding_2m","hellinger_Tpred",2,681,TRUE,TRUE
"NCBI_US","Delta","sliding_2m","hellinger_Tpred",1,701,FALSE,FALSE
"NCBI_US","Delta","sliding_2m","hellinger_Tpred",2,732,FALSE,FALSE
"NCBI_US","Delta","sliding_2m","hellinger_Tpred",1,957,FALSE,FALSE
"NCBI_US","Delta","sliding_2m","hellinger_Tpred",3,1027,FALSE,FALSE
"NCBI_US","Delta","sliding_2m","hellinger_Tpred",3,1176,FALSE,FALSE
"NCBI_US","Epsilon","disjoint_2m","entropy",1,5,FALSE,FALSE
"NCBI_US","Epsilon","disjoint_2m","entropy",1,13,FALSE,TRUE
"NCBI_US","Epsilon","disjoint_2m","entropy",1,18,FALSE,FALSE
"NCBI_US","Epsilon","disjoint_2m","entropy",1,20,FALSE,FALSE
"NCBI_US","Epsilon","disjoint_2m","entropy",1,26,FALSE,FALSE
"NCBI_US","Epsilon","disjoint_2m","entropy",1,95,FALSE,FALSE
"NCBI_US","Epsilon","disjoint_2m","entropy",1,138,FALSE,FALSE
"NCBI_US","Epsilon","disjoint_2m","entropy",1,152,FALSE,TRUE
"NCBI_US","Epsilon","disjoint_2m","entropy",1,190,FALSE,FALSE
"NCBI_US","Epsilon","disjoint_2m","entropy",1,253,FALSE,FALSE
"NCBI_US","Epsilon","disjoint_2m","entropy",1,417,FALSE,FALSE
"NCBI_US","Epsilon","disjoint_2m","entropy",1,452,FALSE,TRUE
"NCBI_US","Epsilon","disjoint_2m","entropy",1,477,FALSE,FALSE
"NCBI_US","Epsilon","disjoint_2m","entropy",1,478,FALSE,FALSE
"NCBI_US","Epsilon","disjoint_2m","entropy",1,484,FALSE,FALSE
"NCBI_US","Epsilon","disjoint_2m","entropy",1,494,FALSE,FALSE
"NCBI_US","Epsilon","disjoint_2m","entropy",1,501,FALSE,FALSE
"NCBI_US","Epsilon","disjoint_2m","entropy",2,614,FALSE,TRUE
"NCBI_US","Epsilon","disjoint_2m","entropy",1,655,FALSE,FALSE
"NCBI_US","Epsilon","disjoint_2m","entropy",1,677,FALSE,FALSE
"NCBI_US","Epsilon","disjoint_2m","entropy",1,681,FALSE,FALSE
"NCBI_US","Epsilon","disjoint_2m","entropy",1,701,FALSE,FALSE
"NCBI_US","Epsilon","disjoint_2m","entropy",1,732,FALSE,FALSE
"NCBI_US","Epsilon","disjoint_2m","entropy",1,957,FALSE,FALSE
"NCBI_US","Epsilon","disjoint_2m","entropy",1,1027,FALSE,FALSE
"NCBI_US","Epsilon","disjoint_2m","entropy",1,1176,FALSE,FALSE
"NCBI_US","Epsilon","disjoint_2m","hellinger_T1",1,5,FALSE,FALSE
"NCBI_US","Epsilon","disjoint_2m","hellinger_T1",1,13,FALSE,TRUE
"NCBI_US","Epsilon","disjoint_2m","hellinger_T1",1,18,FALSE,FALSE
"NCBI_US","Epsilon","disjoint_2m","hellinger_T1",1,20,FALSE,FALSE
"NCBI_US","Epsilon","disjoint_2m","hellinger_T1",1,26,FALSE,FALSE
"NCBI_US","Epsilon","disjoint_2m","hellinger_T1",1,95,FALSE,FALSE
"NCBI_US","Epsilon","disjoint_2m","hellinger_T1",1,138,FALSE,FALSE
"NCBI_US","Epsilon","disjoint_2m","hellinger_T1",1,152,FALSE,TRUE
"NCBI_US","Epsilon","disjoint_2m","hellinger_T1",1,190,FALSE,FALSE
"NCBI_US","Epsilon","disjoint_2m","hellinger_T1",1,253,FALSE,FALSE
"NCBI_US","Epsilon","disjoint_2m","hellinger_T1",1,417,FALSE,FALSE
"NCBI_US","Epsilon","disjoint_2m","hellinger_T1",1,452,FALSE,TRUE
"NCBI_US","Epsilon","disjoint_2m","hellinger_T1",1,477,FALSE,FALSE
"NCBI_US","Epsilon","disjoint_2m","hellinger_T1",1,478,FALSE,FALSE
"NCBI_US","Epsilon","disjoint_2m","hellinger_T1",1,484,FALSE,FALSE
"NCBI_US","Epsilon","disjoint_2m","hellinger_T1",1,494,FALSE,FALSE
"NCBI_US","Epsilon","disjoint_2m","hellinger_T1",1,501,FALSE,FALSE
"NCBI_US","Epsilon","disjoint_2m","hellinger_T1",2,614,FALSE,TRUE
"NCBI_US","Epsilon","disjoint_2m","hellinger_T1",1,655,FALSE,FALSE
"NCBI_US","Epsilon","disjoint_2m","hellinger_T1",1,677,FALSE,FALSE
"NCBI_US","Epsilon","disjoint_2m","hellinger_T1",1,681,FALSE,FALSE
"NCBI_US","Epsilon","disjoint_2m","hellinger_T1",1,701,FALSE,FALSE
"NCBI_US","Epsilon","disjoint_2m","hellinger_T1",1,732,FALSE,FALSE
"NCBI_US","Epsilon","disjoint_2m","hellinger_T1",1,957,FALSE,FALSE
"NCBI_US","Epsilon","disjoint_2m","hellinger_T1",1,1027,FALSE,FALSE
"NCBI_US","Epsilon","disjoint_2m","hellinger_T1",1,1176,FALSE,FALSE
"NCBI_US","Epsilon","disjoint_2m","hellinger_Tpred",1,5,FALSE,FALSE
"NCBI_US","Epsilon","disjoint_2m","hellinger_Tpred",1,13,FALSE,TRUE
"NCBI_US","Epsilon","disjoint_2m","hellinger_Tpred",1,18,FALSE,FALSE
"NCBI_US","Epsilon","disjoint_2m","hellinger_Tpred",1,20,FALSE,FALSE
"NCBI_US","Epsilon","disjoint_2m","hellinger_Tpred",1,26,FALSE,FALSE
"NCBI_US","Epsilon","disjoint_2m","hellinger_Tpred",1,95,FALSE,FALSE
"NCBI_US","Epsilon","disjoint_2m","hellinger_Tpred",1,138,FALSE,FALSE
"NCBI_US","Epsilon","disjoint_2m","hellinger_Tpred",1,152,FALSE,TRUE
"NCBI_US","Epsilon","disjoint_2m","hellinger_Tpred",1,190,FALSE,FALSE
"NCBI_US","Epsilon","disjoint_2m","hellinger_Tpred",1,253,FALSE,FALSE
"NCBI_US","Epsilon","disjoint_2m","hellinger_Tpred",1,417,FALSE,FALSE
"NCBI_US","Epsilon","disjoint_2m","hellinger_Tpred",1,452,FALSE,TRUE
"NCBI_US","Epsilon","disjoint_2m","hellinger_Tpred",1,477,FALSE,FALSE
"NCBI_US","Epsilon","disjoint_2m","hellinger_Tpred",1,478,FALSE,FALSE
"NCBI_US","Epsilon","disjoint_2m","hellinger_Tpred",1,484,FALSE,FALSE
"NCBI_US","Epsilon","disjoint_2m","hellinger_Tpred",1,494,FALSE,FALSE
"NCBI_US","Epsilon","disjoint_2m","hellinger_Tpred",1,501,FALSE,FALSE
"NCBI_US","Epsilon","disjoint_2m","hellinger_Tpred",2,614,FALSE,TRUE
"NCBI_US","Epsilon","disjoint_2m","hellinger_Tpred",1,655,FALSE,FALSE
"NCBI_US","Epsilon","disjoint_2m","hellinger_Tpred",1,677,FALSE,FALSE
"NCBI_US","Epsilon","disjoint_2m","hellinger_Tpred",1,681,FALSE,FALSE
"NCBI_US","Epsilon","disjoint_2m","hellinger_Tpred",1,701,FALSE,FALSE
"NCBI_US","Epsilon","disjoint_2m","hellinger_Tpred",1,732,FALSE,FALSE
"NCBI_US","Epsilon","disjoint_2m","hellinger_Tpred",1,957,FALSE,FALSE
"NCBI_US","Epsilon","disjoint_2m","hellinger_Tpred",1,1027,FALSE,FALSE
"NCBI_US","Epsilon","disjoint_2m","hellinger_Tpred",1,1176,FALSE,FALSE
"NCBI_US","Epsilon","sliding_2m","entropy",1,5,FALSE,FALSE
"NCBI_US","Epsilon","sliding_2m","entropy",1,13,FALSE,TRUE
"NCBI_US","Epsilon","sliding_2m","entropy",1,18,FALSE,FALSE
"NCBI_US","Epsilon","sliding_2m","entropy",1,20,FALSE,FALSE
"NCBI_US","Epsilon","sliding_2m","entropy",1,26,FALSE,FALSE
"NCBI_US","Epsilon","sliding_2m","entropy",1,95,FALSE,FALSE
"NCBI_US","Epsilon","sliding_2m","entropy",1,138,FALSE,FALSE
"NCBI_US","Epsilon","sliding_2m","entropy",1,152,FALSE,TRUE
"NCBI_US","Epsilon","sliding_2m","entropy",1,190,FALSE,FALSE
"NCBI_US","Epsilon","sliding_2m","entropy",1,253,FALSE,FALSE
"NCBI_US","Epsilon","sliding_2m","entropy",1,417,FALSE,FALSE
"NCBI_US","Epsilon","sliding_2m","entropy",1,452,FALSE,TRUE
"NCBI_US","Epsilon","sliding_2m","entropy",1,477,FALSE,FALSE
"NCBI_US","Epsilon","sliding_2m","entropy",1,478,FALSE,FALSE
"NCBI_US","Epsilon","sliding_2m","entropy",1,484,FALSE,FALSE
"NCBI_US","Epsilon","sliding_2m","entropy",1,494,FALSE,FALSE
"NCBI_US","Epsilon","sliding_2m","entropy",1,501,FALSE,FALSE
"NCBI_US","Epsilon","sliding_2m","entropy",2,614,FALSE,TRUE
"NCBI_US","Epsilon","sliding_2m","entropy",1,655,FALSE,FALSE
"NCBI_US","Epsilon","sliding_2m","entropy",1,677,FALSE,FALSE
"NCBI_US","Epsilon","sliding_2m","entropy",1,681,FALSE,FALSE
"NCBI_US","Epsilon","sliding_2m","entropy",1,701,FALSE,FALSE
"NCBI_US","Epsilon","sliding_2m","entropy",1,732,FALSE,FALSE
"NCBI_US","Epsilon","sliding_2m","entropy",1,957,FALSE,FALSE
"NCBI_US","Epsilon","sliding_2m","entropy",1,1027,FALSE,FALSE
"NCBI_US","Epsilon","sliding_2m","entropy",1,1176,FALSE,FALSE
"NCBI_US","Epsilon","sliding_2m","hellinger_T1",1,5,FALSE,FALSE
"NCBI_US","Epsilon","sliding_2m","hellinger_T1",1,13,FALSE,TRUE
"NCBI_US","Epsilon","sliding_2m","hellinger_T1",1,18,FALSE,FALSE
"NCBI_US","Epsilon","sliding_2m","hellinger_T1",1,20,FALSE,FALSE
"NCBI_US","Epsilon","sliding_2m","hellinger_T1",1,26,FALSE,FALSE
"NCBI_US","Epsilon","sliding_2m","hellinger_T1",1,95,FALSE,FALSE
"NCBI_US","Epsilon","sliding_2m","hellinger_T1",1,138,FALSE,FALSE
"NCBI_US","Epsilon","sliding_2m","hellinger_T1",1,152,FALSE,TRUE
"NCBI_US","Epsilon","sliding_2m","hellinger_T1",1,190,FALSE,FALSE
"NCBI_US","Epsilon","sliding_2m","hellinger_T1",1,253,FALSE,FALSE
"NCBI_US","Epsilon","sliding_2m","hellinger_T1",1,417,FALSE,FALSE
"NCBI_US","Epsilon","sliding_2m","hellinger_T1",1,452,FALSE,TRUE
"NCBI_US","Epsilon","sliding_2m","hellinger_T1",1,477,FALSE,FALSE
"NCBI_US","Epsilon","sliding_2m","hellinger_T1",1,478,FALSE,FALSE
"NCBI_US","Epsilon","sliding_2m","hellinger_T1",1,484,FALSE,FALSE
"NCBI_US","Epsilon","sliding_2m","hellinger_T1",1,494,FALSE,FALSE
"NCBI_US","Epsilon","sliding_2m","hellinger_T1",1,501,FALSE,FALSE
"NCBI_US","Epsilon","sliding_2m","hellinger_T1",2,614,FALSE,TRUE
"NCBI_US","Epsilon","sliding_2m","hellinger_T1",1,655,FALSE,FALSE
"NCBI_US","Epsilon","sliding_2m","hellinger_T1",1,677,FALSE,FALSE
"NCBI_US","Epsilon","sliding_2m","hellinger_T1",1,681,FALSE,FALSE
"NCBI_US","Epsilon","sliding_2m","hellinger_T1",1,701,FALSE,FALSE
"NCBI_US","Epsilon","sliding_2m","hellinger_T1",1,732,FALSE,FALSE
"NCBI_US","Epsilon","sliding_2m","hellinger_T1",1,957,FALSE,FALSE
"NCBI_US","Epsilon","sliding_2m","hellinger_T1",1,1027,FALSE,FALSE
"NCBI_US","Epsilon","sliding_2m","hellinger_T1",1,1176,FALSE,FALSE
"NCBI_US","Epsilon","sliding_2m","hellinger_Tpred",1,5,FALSE,FALSE
"NCBI_US","Epsilon","sliding_2m","hellinger_Tpred",1,13,FALSE,TRUE
"NCBI_US","Epsilon","sliding_2m","hellinger_Tpred",1,18,FALSE,FALSE
"NCBI_US","Epsilon","sliding_2m","hellinger_Tpred",1,20,FALSE,FALSE
"NCBI_US","Epsilon","sliding_2m","hellinger_Tpred",1,26,FALSE,FALSE
"NCBI_US","Epsilon","sliding_2m","hellinger_Tpred",1,95,FALSE,FALSE
"NCBI_US","Epsilon","sliding_2m","hellinger_Tpred",1,138,FALSE,FALSE
"NCBI_US","Epsilon","sliding_2m","hellinger_Tpred",1,152,FALSE,TRUE
"NCBI_US","Epsilon","sliding_2m","hellinger_Tpred",1,190,FALSE,FALSE
"NCBI_US","Epsilon","sliding_2m","hellinger_Tpred",1,253,FALSE,FALSE
"NCBI_US","Epsilon","sliding_2m","hellinger_Tpred",1,417,FALSE,FALSE
"NCBI_US","Epsilon","sliding_2m","hellinger_Tpred",1,452,FALSE,TRUE
"NCBI_US","Epsilon","sliding_2m","hellinger_Tpred",1,477,FALSE,FALSE
"NCBI_US","Epsilon","sliding_2m","hellinger_Tpred",1,478,FALSE,FALSE
"NCBI_US","Epsilon","sliding_2m","hellinger_Tpred",1,484,FALSE,FALSE
"NCBI_US","Epsilon","sliding_2m","hellinger_Tpred",1,494,FALSE,FALSE
"NCBI_US","Epsilon","sliding_2m","hellinger_Tpred",1,501,FALSE,FALSE
"NCBI_US","Epsilon","sliding_2m","hellinger_Tpred",2,614,FALSE,TRUE
"NCBI_US","Epsilon","sliding_2m","hellinger_Tpred",1,655,FALSE,FALSE
"NCBI_US","Epsilon","sliding_2m","hellinger_Tpred",1,677,FALSE,FALSE
"NCBI_US","Epsilon","sliding_2m","hellinger_Tpred",1,681,FALSE,FALSE
"NCBI_US","Epsilon","sliding_2m","hellinger_Tpred",1,701,FALSE,FALSE
"NCBI_US","Epsilon","sliding_2m","hellinger_Tpred",1,732,FALSE,FALSE
"NCBI_US","Epsilon","sliding_2m","hellinger_Tpred",1,957,FALSE,FALSE
"NCBI_US","Epsilon","sliding_2m","hellinger_Tpred",1,1027,FALSE,FALSE
"NCBI_US","Epsilon","sliding_2m","hellinger_Tpred",1,1176,FALSE,FALSE
"NCBI_US","Eta","disjoint_2m","entropy",1,5,FALSE,FALSE
"NCBI_US","Eta","disjoint_2m","entropy",1,13,FALSE,FALSE
"NCBI_US","Eta","disjoint_2m","entropy",1,18,FALSE,FALSE
"NCBI_US","Eta","disjoint_2m","entropy",1,20,FALSE,FALSE
"NCBI_US","Eta","disjoint_2m","entropy",1,26,FALSE,FALSE
"NCBI_US","Eta","disjoint_2m","entropy",1,95,FALSE,FALSE
"NCBI_US","Eta","disjoint_2m","entropy",1,138,FALSE,FALSE
"NCBI_US","Eta","disjoint_2m","entropy",1,152,FALSE,FALSE
"NCBI_US","Eta","disjoint_2m","entropy",1,190,FALSE,FALSE
"NCBI_US","Eta","disjoint_2m","entropy",1,253,FALSE,FALSE
"NCBI_US","Eta","disjoint_2m","entropy",1,417,FALSE,FALSE
"NCBI_US","Eta","disjoint_2m","entropy",1,452,FALSE,FALSE
"NCBI_US","Eta","disjoint_2m","entropy",1,477,FALSE,FALSE
"NCBI_US","Eta","disjoint_2m","entropy",1,478,FALSE,FALSE
"NCBI_US","Eta","disjoint_2m","entropy",1,484,TRUE,TRUE
"NCBI_US","Eta","disjoint_2m","entropy",1,501,FALSE,FALSE
"NCBI_US","Eta","disjoint_2m","entropy",2,614,FALSE,TRUE
"NCBI_US","Eta","disjoint_2m","entropy",1,655,FALSE,FALSE
"NCBI_US","Eta","disjoint_2m","entropy",1,677,TRUE,TRUE
"NCBI_US","Eta","disjoint_2m","entropy",1,681,FALSE,FALSE
"NCBI_US","Eta","disjoint_2m","entropy",1,701,FALSE,FALSE
"NCBI_US","Eta","disjoint_2m","entropy",1,732,FALSE,FALSE
"NCBI_US","Eta","disjoint_2m","entropy",1,957,FALSE,FALSE
"NCBI_US","Eta","disjoint_2m","entropy",1,1027,FALSE,FALSE
"NCBI_US","Eta","disjoint_2m","entropy",1,1176,FALSE,FALSE
"NCBI_US","Eta","disjoint_2m","hellinger_T1",1,5,FALSE,FALSE
"NCBI_US","Eta","disjoint_2m","hellinger_T1",1,13,FALSE,FALSE
"NCBI_US","Eta","disjoint_2m","hellinger_T1",1,18,FALSE,FALSE
"NCBI_US","Eta","disjoint_2m","hellinger_T1",1,20,FALSE,FALSE
"NCBI_US","Eta","disjoint_2m","hellinger_T1",1,26,FALSE,FALSE
"NCBI_US","Eta","disjoint_2m","hellinger_T1",1,95,FALSE,FALSE
"NCBI_US","Eta","disjoint_2m","hellinger_T1",1,138,FALSE,FALSE
"NCBI_US","Eta","disjoint_2m","hellinger_T1",1,152,FALSE,FALSE
"NCBI_US","Eta","disjoint_2m","hellinger_T1",1,190,FALSE,FALSE
"NCBI_US","Eta","disjoint_2m","hellinger_T1",1,253,FALSE,FALSE
"NCBI_US","Eta","disjoint_2m","hellinger_T1",1,417,FALSE,FALSE
"NCBI_US","Eta","disjoint_2m","hellinger_T1",1,452,FALSE,FALSE
"NCBI_US","Eta","disjoint_2m","hellinger_T1",1,477,FALSE,FALSE
"NCBI_US","Eta","disjoint_2m","hellinger_T1",1,478,FALSE,FALSE
"NCBI_US","Eta","disjoint_2m","hellinger_T1",1,484,TRUE,TRUE
"NCBI_US","Eta","disjoint_2m","hellinger_T1",1,501,FALSE,FALSE
"NCBI_US","Eta","disjoint_2m","hellinger_T1",2,614,FALSE,TRUE
"NCBI_US","Eta","disjoint_2m","hellinger_T1",1,655,FALSE,FALSE
"NCBI_US","Eta","disjoint_2m","hellinger_T1",1,677,TRUE,TRUE
"NCBI_US","Eta","disjoint_2m","hellinger_T1",1,681,FALSE,FALSE
"NCBI_US","Eta","disjoint_2m","hellinger_T1",1,701,FALSE,FALSE
"NCBI_US","Eta","disjoint_2m","hellinger_T1",1,732,FALSE,FALSE
"NCBI_US","Eta","disjoint_2m","hellinger_T1",1,957,FALSE,FALSE
"NCBI_US","Eta","disjoint_2m","hellinger_T1",1,1027,FALSE,FALSE
"NCBI_US","Eta","disjoint_2m","hellinger_T1",1,1176,FALSE,FALSE
"NCBI_US","Eta","disjoint_2m","hellinger_Tpred",1,5,FALSE,FALSE
"NCBI_US","Eta","disjoint_2m","hellinger_Tpred",1,13,FALSE,FALSE
"NCBI_US","Eta","disjoint_2m","hellinger_Tpred",2,18,FALSE,FALSE
"NCBI_US","Eta","disjoint_2m","hellinger_Tpred",2,20,FALSE,FALSE
"NCBI_US","Eta","disjoint_2m","hellinger_Tpred",2,26,FALSE,FALSE
"NCBI_US","Eta","disjoint_2m","hellinger_Tpred",1,95,FALSE,FALSE
"NCBI_US","Eta","disjoint_2m","hellinger_Tpred",2,138,FALSE,FALSE
"NCBI_US","Eta","disjoint_2m","hellinger_Tpred",1,152,FALSE,FALSE
"NCBI_US","Eta","disjoint_2m","hellinger_Tpred",2,190,FALSE,FALSE
"NCBI_US","Eta","disjoint_2m","hellinger_Tpred",1,253,FALSE,FALSE
"NCBI_US","Eta","disjoint_2m","hellinger_Tpred",2,417,FALSE,FALSE
"NCBI_US","Eta","disjoint_2m","hellinger_Tpred",1,452,FALSE,FALSE
"NCBI_US","Eta","disjoint_2m","hellinger_Tpred",1,477,FALSE,FALSE
"NCBI_US","Eta","disjoint_2m","hellinger_Tpred",1,478,FALSE,FALSE
"NCBI_US","Eta","disjoint_2m","hellinger_Tpred",2,484,TRUE,TRUE
"NCBI_US","Eta","disjoint_2m","hellinger_Tpred",2,501,FALSE,FALSE
"NCBI_US","Eta","disjoint_2m","hellinger_Tpred",3,614,FALSE,TRUE
"NCBI_US","Eta","disjoint_2m","hellinger_Tpred",2,655,FALSE,FALSE
"NCBI_US","Eta","disjoint_2m","hellinger_Tpred",1,677,TRUE,TRUE
"NCBI_US","Eta","disjoint_2m","hellinger_Tpred",1,681,FALSE,FALSE
"NCBI_US","Eta","disjoint_2m","hellinger_Tpred",1,701,FALSE,FALSE
"NCBI_US","Eta","disjoint_2m","hellinger_Tpred",1,732,FALSE,FALSE
"NCBI_US","Eta","disjoint_2m","hellinger_Tpred",1,957,FALSE,FALSE
"NCBI_US","Eta","disjoint_2m","hellinger_Tpred",2,1027,FALSE,FALSE
"NCBI_US","Eta","disjoint_2m","hellinger_Tpred",2,1176,FALSE,FALSE
"NCBI_US","Eta","sliding_2m","entropy",1,5,FALSE,FALSE
"NCBI_US","Eta","sliding_2m","entropy",1,13,FALSE,FALSE
"NCBI_US","Eta","sliding_2m","entropy",1,18,FALSE,FALSE
"NCBI_US","Eta","sliding_2m","entropy",1,20,FALSE,FALSE
"NCBI_US","Eta","sliding_2m","entropy",1,26,FALSE,FALSE
"NCBI_US","Eta","sliding_2m","entropy",1,95,FALSE,FALSE
"NCBI_US","Eta","sliding_2m","entropy",1,138,FALSE,FALSE
"NCBI_US","Eta","sliding_2m","entropy",1,152,FALSE,FALSE
"NCBI_US","Eta","sliding_2m","entropy",1,190,FALSE,FALSE
"NCBI_US","Eta","sliding_2m","entropy",1,253,FALSE,FALSE
"NCBI_US","Eta","sliding_2m","entropy",1,417,FALSE,FALSE
"NCBI_US","Eta","sliding_2m","entropy",1,452,FALSE,FALSE
"NCBI_US","Eta","sliding_2m","entropy",1,477,FALSE,FALSE
"NCBI_US","Eta","sliding_2m","entropy",1,478,FALSE,FALSE
"NCBI_US","Eta","sliding_2m","entropy",1,484,TRUE,TRUE
"NCBI_US","Eta","sliding_2m","entropy",1,501,FALSE,FALSE
"NCBI_US","Eta","sliding_2m","entropy",2,614,FALSE,TRUE
"NCBI_US","Eta","sliding_2m","entropy",1,655,FALSE,FALSE
"NCBI_US","Eta","sliding_2m","entropy",1,677,TRUE,TRUE
"NCBI_US","Eta","sliding_2m","entropy",1,681,FALSE,FALSE
"NCBI_US","Eta","sliding_2m","entropy",1,701,FALSE,FALSE
"NCBI_US","Eta","sliding_2m","entropy",1,732,FALSE,FALSE
"NCBI_US","Eta","sliding_2m","entropy",1,957,FALSE,FALSE
"NCBI_US","Eta","sliding_2m","entropy",1,1027,FALSE,FALSE
"NCBI_US","Eta","sliding_2m","entropy",1,1176,FALSE,FALSE
"NCBI_US","Eta","sliding_2m","hellinger_T1",1,5,FALSE,FALSE
"NCBI_US","Eta","sliding_2m","hellinger_T1",1,13,FALSE,FALSE
"NCBI_US","Eta","sliding_2m","hellinger_T1",1,18,FALSE,FALSE
"NCBI_US","Eta","sliding_2m","hellinger_T1",1,20,FALSE,FALSE
"NCBI_US","Eta","sliding_2m","hellinger_T1",1,26,FALSE,FALSE
"NCBI_US","Eta","sliding_2m","hellinger_T1",1,95,FALSE,FALSE
"NCBI_US","Eta","sliding_2m","hellinger_T1",1,138,FALSE,FALSE
"NCBI_US","Eta","sliding_2m","hellinger_T1",1,152,FALSE,FALSE
"NCBI_US","Eta","sliding_2m","hellinger_T1",1,190,FALSE,FALSE
"NCBI_US","Eta","sliding_2m","hellinger_T1",1,253,FALSE,FALSE
"NCBI_US","Eta","sliding_2m","hellinger_T1",1,417,FALSE,FALSE
"NCBI_US","Eta","sliding_2m","hellinger_T1",1,452,FALSE,FALSE
"NCBI_US","Eta","sliding_2m","hellinger_T1",1,477,FALSE,FALSE
"NCBI_US","Eta","sliding_2m","hellinger_T1",1,478,FALSE,FALSE
"NCBI_US","Eta","sliding_2m","hellinger_T1",1,484,TRUE,TRUE
"NCBI_US","Eta","sliding_2m","hellinger_T1",1,501,FALSE,FALSE
"NCBI_US","Eta","sliding_2m","hellinger_T1",2,614,FALSE,TRUE
"NCBI_US","Eta","sliding_2m","hellinger_T1",1,655,FALSE,FALSE
"NCBI_US","Eta","sliding_2m","hellinger_T1",1,677,TRUE,TRUE
"NCBI_US","Eta","sliding_2m","hellinger_T1",1,681,FALSE,FALSE
"NCBI_US","Eta","sliding_2m","hellinger_T1",1,701,FALSE,FALSE
"NCBI_US","Eta","sliding_2m","hellinger_T1",1,732,FALSE,FALSE
"NCBI_US","Eta","sliding_2m","hellinger_T1",1,957,FALSE,FALSE
"NCBI_US","Eta","sliding_2m","hellinger_T1",1,1027,FALSE,FALSE
"NCBI_US","Eta","sliding_2m","hellinger_T1",1,1176,FALSE,FALSE
"NCBI_US","Eta","sliding_2m","hellinger_Tpred",1,5,FALSE,FALSE
"NCBI_US","Eta","sliding_2m","hellinger_Tpred",2,13,FALSE,FALSE
"NCBI_US","Eta","sliding_2m","hellinger_Tpred",3,18,FALSE,FALSE
"NCBI_US","Eta","sliding_2m","hellinger_Tpred",3,20,FALSE,FALSE
"NCBI_US","Eta","sliding_2m","hellinger_Tpred",3,26,FALSE,FALSE
"NCBI_US","Eta","sliding_2m","hellinger_Tpred",1,95,FALSE,FALSE
"NCBI_US","Eta","sliding_2m","hellinger_Tpred",3,138,FALSE,FALSE
"NCBI_US","Eta","sliding_2m","hellinger_Tpred",2,152,FALSE,FALSE
"NCBI_US","Eta","sliding_2m","hellinger_Tpred",3,190,FALSE,FALSE
"NCBI_US","Eta","sliding_2m","hellinger_Tpred",1,253,FALSE,FALSE
"NCBI_US","Eta","sliding_2m","hellinger_Tpred",3,417,FALSE,FALSE
"NCBI_US","Eta","sliding_2m","hellinger_Tpred",4,452,FALSE,FALSE
"NCBI_US","Eta","sliding_2m","hellinger_Tpred",5,477,FALSE,FALSE
"NCBI_US","Eta","sliding_2m","hellinger_Tpred",5,478,FALSE,FALSE
"NCBI_US","Eta","sliding_2m","hellinger_Tpred",3,484,TRUE,TRUE
"NCBI_US","Eta","sliding_2m","hellinger_Tpred",3,501,FALSE,FALSE
"NCBI_US","Eta","sliding_2m","hellinger_Tpred",6,614,FALSE,TRUE
"NCBI_US","Eta","sliding_2m","hellinger_Tpred",3,655,FALSE,FALSE
"NCBI_US","Eta","sliding_2m","hellinger_Tpred",2,677,TRUE,TRUE
"NCBI_US","Eta","sliding_2m","hellinger_Tpred",4,681,FALSE,FALSE
"NCBI_US","Eta","sliding_2m","hellinger_Tpred",1,701,FALSE,FALSE
"NCBI_US","Eta","sliding_2m","hellinger_Tpred",2,732,FALSE,FALSE
"NCBI_US","Eta","sliding_2m","hellinger_Tpred",5,957,FALSE,FALSE
"NCBI_US","Eta","sliding_2m","hellinger_Tpred",3,1027,FALSE,FALSE
"NCBI_US","Eta","sliding_2m","hellinger_Tpred",3,1176,FALSE,FALSE
"NCBI_US","Gamma","cumulative_1m","entropy",1,5,FALSE,FALSE
"NCBI_US","Gamma","cumulative_1m","entropy",1,13,FALSE,FALSE
"NCBI_US","Gamma","cumulative_1m","entropy",1,18,TRUE,TRUE
"NCBI_US","Gamma","cumulative_1m","entropy",1,20,TRUE,TRUE
"NCBI_US","Gamma","cumulative_1m","entropy",1,26,TRUE,TRUE
"NCBI_US","Gamma","cumulative_1m","entropy",1,95,FALSE,FALSE
"NCBI_US","Gamma","cumulative_1m","entropy",1,138,TRUE,TRUE
"NCBI_US","Gamma","cumulative_1m","entropy",1,152,FALSE,FALSE
"NCBI_US","Gamma","cumulative_1m","entropy",1,190,TRUE,TRUE
"NCBI_US","Gamma","cumulative_1m","entropy",1,253,FALSE,FALSE
"NCBI_US","Gamma","cumulative_1m","entropy",1,417,TRUE,TRUE
"NCBI_US","Gamma","cumulative_1m","entropy",1,452,FALSE,FALSE
"NCBI_US","Gamma","cumulative_1m","entropy",1,477,FALSE,FALSE
"NCBI_US","Gamma","cumulative_1m","entropy",1,478,FALSE,FALSE
"NCBI_US","Gamma","cumulative_1m","entropy",1,484,TRUE,TRUE
"NCBI_US","Gamma","cumulative_1m","entropy",1,501,TRUE,TRUE
"NCBI_US","Gamma","cumulative_1m","entropy",2,614,FALSE,TRUE
"NCBI_US","Gamma","cumulative_1m","entropy",1,655,TRUE,TRUE
"NCBI_US","Gamma","cumulative_1m","entropy",1,677,FALSE,FALSE
"NCBI_US","Gamma","cumulative_1m","entropy",1,681,FALSE,TRUE
"NCBI_US","Gamma","cumulative_1m","entropy",1,701,FALSE,FALSE
"NCBI_US","Gamma","cumulative_1m","entropy",1,732,FALSE,FALSE
"NCBI_US","Gamma","cumulative_1m","entropy",1,957,FALSE,FALSE
"NCBI_US","Gamma","cumulative_1m","entropy",1,1027,TRUE,TRUE
"NCBI_US","Gamma","cumulative_1m","entropy",1,1176,FALSE,FALSE
"NCBI_US","Gamma","cumulative_1m","hellinger_T1",1,5,FALSE,FALSE
"NCBI_US","Gamma","cumulative_1m","hellinger_T1",1,13,FALSE,FALSE
"NCBI_US","Gamma","cumulative_1m","hellinger_T1",1,18,TRUE,TRUE
"NCBI_US","Gamma","cumulative_1m","hellinger_T1",1,20,TRUE,TRUE
"NCBI_US","Gamma","cumulative_1m","hellinger_T1",1,26,TRUE,TRUE
"NCBI_US","Gamma","cumulative_1m","hellinger_T1",1,95,FALSE,FALSE
"NCBI_US","Gamma","cumulative_1m","hellinger_T1",1,138,TRUE,TRUE
"NCBI_US","Gamma","cumulative_1m","hellinger_T1",1,152,FALSE,FALSE
"NCBI_US","Gamma","cumulative_1m","hellinger_T1",1,190,TRUE,TRUE
"NCBI_US","Gamma","cumulative_1m","hellinger_T1",1,253,FALSE,FALSE
"NCBI_US","Gamma","cumulative_1m","hellinger_T1",1,417,TRUE,TRUE
"NCBI_US","Gamma","cumulative_1m","hellinger_T1",1,452,FALSE,FALSE
"NCBI_US","Gamma","cumulative_1m","hellinger_T1",1,477,FALSE,FALSE
"NCBI_US","Gamma","cumulative_1m","hellinger_T1",1,478,FALSE,FALSE
"NCBI_US","Gamma","cumulative_1m","hellinger_T1",1,484,TRUE,TRUE
"NCBI_US","Gamma","cumulative_1m","hellinger_T1",1,501,TRUE,TRUE
"NCBI_US","Gamma","cumulative_1m","hellinger_T1",2,614,FALSE,TRUE
"NCBI_US","Gamma","cumulative_1m","hellinger_T1",1,655,TRUE,TRUE
"NCBI_US","Gamma","cumulative_1m","hellinger_T1",1,677,FALSE,FALSE
"NCBI_US","Gamma","cumulative_1m","hellinger_T1",1,681,FALSE,TRUE
"NCBI_US","Gamma","cumulative_1m","hellinger_T1",1,701,FALSE,FALSE
"NCBI_US","Gamma","cumulative_1m","hellinger_T1",1,732,FALSE,FALSE
"NCBI_US","Gamma","cumulative_1m","hellinger_T1",1,957,FALSE,FALSE
"NCBI_US","Gamma","cumulative_1m","hellinger_T1",1,1027,TRUE,TRUE
"NCBI_US","Gamma","cumulative_1m","hellinger_T1",1,1176,FALSE,FALSE
"NCBI_US","Gamma","cumulative_1m","hellinger_Tpred",1,5,FALSE,FALSE
"NCBI_US","Gamma","cumulative_1m","hellinger_Tpred",2,13,FALSE,FALSE
"NCBI_US","Gamma","cumulative_1m","hellinger_Tpred",1,18,TRUE,TRUE
"NCBI_US","Gamma","cumulative_1m","hellinger_Tpred",1,20,TRUE,TRUE
"NCBI_US","Gamma","cumulative_1m","hellinger_Tpred",1,26,TRUE,TRUE
"NCBI_US","Gamma","cumulative_1m","hellinger_Tpred",1,95,FALSE,FALSE
"NCBI_US","Gamma","cumulative_1m","hellinger_Tpred",1,138,TRUE,TRUE
"NCBI_US","Gamma","cumulative_1m","hellinger_Tpred",2,152,FALSE,FALSE
"NCBI_US","Gamma","cumulative_1m","hellinger_Tpred",1,190,TRUE,TRUE
"NCBI_US","Gamma","cumulative_1m","hellinger_Tpred",1,253,FALSE,FALSE
"NCBI_US","Gamma","cumulative_1m","hellinger_Tpred",1,417,TRUE,TRUE
"NCBI_US","Gamma","cumulative_1m","hellinger_Tpred",2,452,FALSE,FALSE
"NCBI_US","Gamma","cumulative_1m","hellinger_Tpred",1,477,FALSE,FALSE
"NCBI_US","Gamma","cumulative_1m","hellinger_Tpred",1,478,FALSE,FALSE
"NCBI_US","Gamma","cumulative_1m","hellinger_Tpred",1,484,TRUE,TRUE
"NCBI_US","Gamma","cumulative_1m","hellinger_Tpred",1,501,TRUE,TRUE
"NCBI_US","Gamma","cumulative_1m","hellinger_Tpred",2,614,FALSE,TRUE
"NCBI_US","Gamma","cumulative_1m","hellinger_Tpred",1,655,TRUE,TRUE
"NCBI_US","Gamma","cumulative_1m","hellinger_Tpred",2,677,FALSE,FALSE
"NCBI_US","Gamma","cumulative_1m","hellinger_Tpred",2,681,FALSE,TRUE
"NCBI_US","Gamma","cumulative_1m","hellinger_Tpred",1,701,FALSE,FALSE
"NCBI_US","Gamma","cumulative_1m","hellinger_Tpred",2,732,FALSE,FALSE
"NCBI_US","Gamma","cumulative_1m","hellinger_Tpred",1,957,FALSE,FALSE
"NCBI_US","Gamma","cumulative_1m","hellinger_Tpred",1,1027,TRUE,TRUE
"NCBI_US","Gamma","cumulative_1m","hellinger_Tpred",1,1176,FALSE,FALSE
"NCBI_US","Gamma","disjoint_2m","entropy",1,5,FALSE,FALSE
"NCBI_US","Gamma","disjoint_2m","entropy",1,13,FALSE,FALSE
"NCBI_US","Gamma","disjoint_2m","entropy",1,18,TRUE,TRUE
"NCBI_US","Gamma","disjoint_2m","entropy",1,20,TRUE,TRUE
"NCBI_US","Gamma","disjoint_2m","entropy",1,26,TRUE,TRUE
"NCBI_US","Gamma","disjoint_2m","entropy",1,95,FALSE,FALSE
"NCBI_US","Gamma","disjoint_2m","entropy",1,138,TRUE,TRUE
"NCBI_US","Gamma","disjoint_2m","entropy",1,152,FALSE,FALSE
"NCBI_US","Gamma","disjoint_2m","entropy",1,190,TRUE,TRUE
"NCBI_US","Gamma","disjoint_2m","entropy",1,253,FALSE,FALSE
"NCBI_US","Gamma","disjoint_2m","entropy",1,417,TRUE,TRUE
"NCBI_US","Gamma","disjoint_2m","entropy",1,452,FALSE,FALSE
"NCBI_US","Gamma","disjoint_2m","entropy",1,477,FALSE,FALSE
"NCBI_US","Gamma","disjoint_2m","entropy",1,478,FALSE,FALSE
"NCBI_US","Gamma","disjoint_2m","entropy",1,484,TRUE,TRUE
"NCBI_US","Gamma","disjoint_2m","entropy",1,501,TRUE,TRUE
"NCBI_US","Gamma","disjoint_2m","entropy",2,614,FALSE,TRUE
"NCBI_US","Gamma","disjoint_2m","entropy",1,655,TRUE,TRUE
"NCBI_US","Gamma","disjoint_2m","entropy",1,677,FALSE,FALSE
"NCBI_US","Gamma","disjoint_2m","entropy",1,681,FALSE,TRUE
"NCBI_US","Gamma","disjoint_2m","entropy",1,701,FALSE,FALSE
"NCBI_US","Gamma","disjoint_2m","entropy",1,732,FALSE,FALSE
"NCBI_US","Gamma","disjoint_2m","entropy",1,957,FALSE,FALSE
"NCBI_US","Gamma","disjoint_2m","entropy",1,1027,TRUE,TRUE
"NCBI_US","Gamma","disjoint_2m","entropy",1,1176,FALSE,FALSE
"NCBI_US","Gamma","disjoint_2m","hellinger_T1",1,5,FALSE,FALSE
"NCBI_US","Gamma","disjoint_2m","hellinger_T1",2,13,FALSE,FALSE
"NCBI_US","Gamma","disjoint_2m","hellinger_T1",3,18,TRUE,TRUE
"NCBI_US","Gamma","disjoint_2m","hellinger_T1",3,20,TRUE,TRUE
"NCBI_US","Gamma","disjoint_2m","hellinger_T1",3,26,TRUE,TRUE
"NCBI_US","Gamma","disjoint_2m","hellinger_T1",1,95,FALSE,FALSE
"NCBI_US","Gamma","disjoint_2m","hellinger_T1",3,138,TRUE,TRUE
"NCBI_US","Gamma","disjoint_2m","hellinger_T1",2,152,FALSE,FALSE
"NCBI_US","Gamma","disjoint_2m","hellinger_T1",3,190,TRUE,TRUE
"NCBI_US","Gamma","disjoint_2m","hellinger_T1",1,253,FALSE,FALSE
"NCBI_US","Gamma","disjoint_2m","hellinger_T1",3,417,TRUE,TRUE
"NCBI_US","Gamma","disjoint_2m","hellinger_T1",4,452,FALSE,FALSE
"NCBI_US","Gamma","disjoint_2m","hellinger_T1",5,477,FALSE,FALSE
"NCBI_US","Gamma","disjoint_2m","hellinger_T1",5,478,FALSE,FALSE
"NCBI_US","Gamma","disjoint_2m","hellinger_T1",3,484,TRUE,TRUE
"NCBI_US","Gamma","disjoint_2m","hellinger_T1",3,501,TRUE,TRUE
"NCBI_US","Gamma","disjoint_2m","hellinger_T1",6,614,FALSE,TRUE
"NCBI_US","Gamma","disjoint_2m","hellinger_T1",3,655,TRUE,TRUE
"NCBI_US","Gamma","disjoint_2m","hellinger_T1",2,677,FALSE,FALSE
"NCBI_US","Gamma","disjoint_2m","hellinger_T1",4,681,FALSE,TRUE
"NCBI_US","Gamma","disjoint_2m","hellinger_T1",1,701,FALSE,FALSE
"NCBI_US","Gamma","disjoint_2m","hellinger_T1",2,732,FALSE,FALSE
"NCBI_US","Gamma","disjoint_2m","hellinger_T1",5,957,FALSE,FALSE
"NCBI_US","Gamma","disjoint_2m","hellinger_T1",3,1027,TRUE,TRUE
"NCBI_US","Gamma","disjoint_2m","hellinger_T1",3,1176,FALSE,FALSE
"NCBI_US","Gamma","disjoint_2m","hellinger_Tpred",1,5,FALSE,FALSE
"NCBI_US","Gamma","disjoint_2m","hellinger_Tpred",2,13,FALSE,FALSE
"NCBI_US","Gamma","disjoint_2m","hellinger_Tpred",3,18,TRUE,TRUE
"NCBI_US","Gamma","disjoint_2m","hellinger_Tpred",3,20,TRUE,TRUE
"NCBI_US","Gamma","disjoint_2m","hellinger_Tpred",3,26,TRUE,TRUE
"NCBI_US","Gamma","disjoint_2m","hellinger_Tpred",1,95,FALSE,FALSE
"NCBI_US","Gamma","disjoint_2m","hellinger_Tpred",3,138,TRUE,TRUE
"NCBI_US","Gamma","disjoint_2m","hellinger_Tpred",2,152,FALSE,FALSE
"NCBI_US","Gamma","disjoint_2m","hellinger_Tpred",3,190,TRUE,TRUE
"NCBI_US","Gamma","disjoint_2m","hellinger_Tpred",1,253,FALSE,FALSE
"NCBI_US","Gamma","disjoint_2m","hellinger_Tpred",3,417,TRUE,TRUE
"NCBI_US","Gamma","disjoint_2m","hellinger_Tpred",2,452,FALSE,FALSE
"NCBI_US","Gamma","disjoint_2m","hellinger_Tpred",1,477,FALSE,FALSE
"NCBI_US","Gamma","disjoint_2m","hellinger_Tpred",1,478,FALSE,FALSE
"NCBI_US","Gamma","disjoint_2m","hellinger_Tpred",3,484,TRUE,TRUE
"NCBI_US","Gamma","disjoint_2m","hellinger_Tpred",3,501,TRUE,TRUE
"NCBI_US","Gamma","disjoint_2m","hellinger_Tpred",2,614,FALSE,TRUE
"NCBI_US","Gamma","disjoint_2m","hellinger_Tpred",3,655,TRUE,TRUE
"NCBI_US","Gamma","disjoint_2m","hellinger_Tpred",2,677,FALSE,FALSE
"NCBI_US","Gamma","disjoint_2m","hellinger_Tpred",2,681,FALSE,TRUE
"NCBI_US","Gamma","disjoint_2m","hellinger_Tpred",1,701,FALSE,FALSE
"NCBI_US","Gamma","disjoint_2m","hellinger_Tpred",2,732,FALSE,FALSE
"NCBI_US","Gamma","disjoint_2m","hellinger_Tpred",1,957,FALSE,FALSE
"NCBI_US","Gamma","disjoint_2m","hellinger_Tpred",3,1027,TRUE,TRUE
"NCBI_US","Gamma","disjoint_2m","hellinger_Tpred",3,1176,FALSE,FALSE
"NCBI_US","Gamma","sliding_2m","entropy",1,5,FALSE,FALSE
"NCBI_US","Gamma","sliding_2m","entropy",2,13,FALSE,FALSE
"NCBI_US","Gamma","sliding_2m","entropy",3,18,TRUE,TRUE
"NCBI_US","Gamma","sliding_2m","entropy",3,20,TRUE,TRUE
"NCBI_US","Gamma","sliding_2m","entropy",3,26,TRUE,TRUE
"NCBI_US","Gamma","sliding_2m","entropy",1,95,FALSE,FALSE
"NCBI_US","Gamma","sliding_2m","entropy",3,138,TRUE,TRUE
"NCBI_US","Gamma","sliding_2m","entropy",2,152,FALSE,FALSE
"NCBI_US","Gamma","sliding_2m","entropy",3,190,TRUE,TRUE
"NCBI_US","Gamma","sliding_2m","entropy",1,253,FALSE,FALSE
"NCBI_US","Gamma","sliding_2m","entropy",3,417,TRUE,TRUE
"NCBI_US","Gamma","sliding_2m","entropy",4,452,FALSE,FALSE
"NCBI_US","Gamma","sliding_2m","entropy",5,477,FALSE,FALSE
"NCBI_US","Gamma","sliding_2m","entropy",5,478,FALSE,FALSE
"NCBI_US","Gamma","sliding_2m","entropy",1,484,TRUE,TRUE
"NCBI_US","Gamma","sliding_2m","entropy",3,501,TRUE,TRUE
"NCBI_US","Gamma","sliding_2m","entropy",6,614,FALSE,TRUE
"NCBI_US","Gamma","sliding_2m","entropy",3,655,TRUE,TRUE
"NCBI_US","Gamma","sliding_2m","entropy",2,677,FALSE,FALSE
"NCBI_US","Gamma","sliding_2m","entropy",4,681,FALSE,TRUE
"NCBI_US","Gamma","sliding_2m","entropy",1,701,FALSE,FALSE
"NCBI_US","Gamma","sliding_2m","entropy",2,732,FALSE,FALSE
"NCBI_US","Gamma","sliding_2m","entropy",5,957,FALSE,FALSE
"NCBI_US","Gamma","sliding_2m","entropy",3,1027,TRUE,TRUE
"NCBI_US","Gamma","sliding_2m","entropy",3,1176,FALSE,FALSE
"NCBI_US","Gamma","sliding_2m","hellinger_T1",1,5,FALSE,FALSE
"NCBI_US","Gamma","sliding_2m","hellinger_T1",1,13,FALSE,FALSE
"NCBI_US","Gamma","sliding_2m","hellinger_T1",2,18,TRUE,TRUE
"NCBI_US","Gamma","sliding_2m","hellinger_T1",2,20,TRUE,TRUE
"NCBI_US","Gamma","sliding_2m","hellinger_T1",2,26,TRUE,TRUE
"NCBI_US","Gamma","sliding_2m","hellinger_T1",1,95,FALSE,FALSE
"NCBI_US","Gamma","sliding_2m","hellinger_T1",2,138,TRUE,TRUE
"NCBI_US","Gamma","sliding_2m","hellinger_T1",1,152,FALSE,FALSE
"NCBI_US","Gamma","sliding_2m","hellinger_T1",2,190,TRUE,TRUE
"NCBI_US","Gamma","sliding_2m","hellinger_T1",1,253,FALSE,FALSE
"NCBI_US","Gamma","sliding_2m","hellinger_T1",2,417,TRUE,TRUE
"NCBI_US","Gamma","sliding_2m","hellinger_T1",1,452,FALSE,FALSE
"NCBI_US","Gamma","sliding_2m","hellinger_T1",1,477,FALSE,FALSE
"NCBI_US","Gamma","sliding_2m","hellinger_T1",1,478,FALSE,FALSE
"NCBI_US","Gamma","sliding_2m","hellinger_T1",2,484,TRUE,TRUE
"NCBI_US","Gamma","sliding_2m","hellinger_T1",2,501,TRUE,TRUE
"NCBI_US","Gamma","sliding_2m","hellinger_T1",3,614,FALSE,TRUE
"NCBI_US","Gamma","sliding_2m","hellinger_T1",2,655,TRUE,TRUE
"NCBI_US","Gamma","sliding_2m","hellinger_T1",1,677,FALSE,FALSE
"NCBI_US","Gamma","sliding_2m","hellinger_T1",1,681,FALSE,TRUE
"NCBI_US","Gamma","sliding_2m","hellinger_T1",1,701,FALSE,FALSE
"NCBI_US","Gamma","sliding_2m","hellinger_T1",1,732,FALSE,FALSE
"NCBI_US","Gamma","sliding_2m","hellinger_T1",1,957,FALSE,FALSE
"NCBI_US","Gamma","sliding_2m","hellinger_T1",2,1027,TRUE,TRUE
"NCBI_US","Gamma","sliding_2m","hellinger_T1",2,1176,FALSE,FALSE
"NCBI_US","Gamma","sliding_2m","hellinger_Tpred",1,5,FALSE,FALSE
"NCBI_US","Gamma","sliding_2m","hellinger_Tpred",2,13,FALSE,FALSE
"NCBI_US","Gamma","sliding_2m","hellinger_Tpred",3,18,TRUE,TRUE
"NCBI_US","Gamma","sliding_2m","hellinger_Tpred",3,20,TRUE,TRUE
"NCBI_US","Gamma","sliding_2m","hellinger_Tpred",3,26,TRUE,TRUE
"NCBI_US","Gamma","sliding_2m","hellinger_Tpred",1,95,FALSE,FALSE
"NCBI_US","Gamma","sliding_2m","hellinger_Tpred",3,138,TRUE,TRUE
"NCBI_US","Gamma","sliding_2m","hellinger_Tpred",2,152,FALSE,FALSE
"NCBI_US","Gamma","sliding_2m","hellinger_Tpred",3,190,TRUE,TRUE
"NCBI_US","Gamma","sliding_2m","hellinger_Tpred",1,253,FALSE,FALSE
"NCBI_US","Gamma","sliding_2m","hellinger_Tpred",3,417,TRUE,TRUE
"NCBI_US","Gamma","sliding_2m","hellinger_Tpred",2,452,FALSE,FALSE
"NCBI_US","Gamma","sliding_2m","hellinger_Tpred",1,477,FALSE,FALSE
"NCBI_US","Gamma","sliding_2m","hellinger_Tpred",1,478,FALSE,FALSE
"NCBI_US","Gamma","sliding_2m","hellinger_Tpred",3,484,TRUE,TRUE
"NCBI_US","Gamma","sliding_2m","hellinger_Tpred",3,501,TRUE,TRUE
"NCBI_US","Gamma","sliding_2m","hellinger_Tpred",2,614,FALSE,TRUE
"NCBI_US","Gamma","sliding_2m","hellinger_Tpred",3,655,TRUE,TRUE
"NCBI_US","Gamma","sliding_2m","hellinger_Tpred",2,677,FALSE,FALSE
"NCBI_US","Gamma","sliding_2m","hellinger_Tpred",2,681,FALSE,TRUE
"NCBI_US","Gamma","sliding_2m","hellinger_Tpred",1,701,FALSE,FALSE
"NCBI_US","Gamma","sliding_2m","hellinger_Tpred",2,732,FALSE,FALSE
"NCBI_US","Gamma","sliding_2m","hellinger_Tpred",1,957,FALSE,FALSE
"NCBI_US","Gamma","sliding_2m","hellinger_Tpred",3,1027,TRUE,TRUE
"NCBI_US","Gamma","sliding_2m","hellinger_Tpred",3,1176,FALSE,FALSE
"NCBI_US","Iota","disjoint_2m","entropy",1,5,FALSE,TRUE
"NCBI_US","Iota","disjoint_2m","entropy",1,13,FALSE,FALSE
"NCBI_US","Iota","disjoint_2m","entropy",1,18,FALSE,FALSE
"NCBI_US","Iota","disjoint_2m","entropy",1,20,FALSE,FALSE
"NCBI_US","Iota","disjoint_2m","entropy",1,26,FALSE,FALSE
"NCBI_US","Iota","disjoint_2m","entropy",1,95,FALSE,TRUE
"NCBI_US","Iota","disjoint_2m","entropy",1,138,FALSE,FALSE
"NCBI_US","Iota","disjoint_2m","entropy",1,152,FALSE,FALSE
"NCBI_US","Iota","disjoint_2m","entropy",1,190,FALSE,FALSE
"NCBI_US","Iota","disjoint_2m","entropy",1,253,FALSE,TRUE
"NCBI_US","Iota","disjoint_2m","entropy",1,417,FALSE,FALSE
"NCBI_US","Iota","disjoint_2m","entropy",1,452,FALSE,TRUE
"NCBI_US","Iota","disjoint_2m","entropy",1,477,FALSE,TRUE
"NCBI_US","Iota","disjoint_2m","entropy",1,478,FALSE,FALSE
"NCBI_US","Iota","disjoint_2m","entropy",1,484,FALSE,TRUE
"NCBI_US","Iota","disjoint_2m","entropy",1,501,FALSE,FALSE
"NCBI_US","Iota","disjoint_2m","entropy",2,614,FALSE,TRUE
"NCBI_US","Iota","disjoint_2m","entropy",1,655,FALSE,FALSE
"NCBI_US","Iota","disjoint_2m","entropy",1,677,FALSE,FALSE
"NCBI_US","Iota","disjoint_2m","entropy",1,681,FALSE,FALSE
"NCBI_US","Iota","disjoint_2m","entropy",1,701,FALSE,TRUE
"NCBI_US","Iota","disjoint_2m","entropy",1,732,FALSE,FALSE
"NCBI_US","Iota","disjoint_2m","entropy",1,957,FALSE,TRUE
"NCBI_US","Iota","disjoint_2m","entropy",1,1027,FALSE,FALSE
"NCBI_US","Iota","disjoint_2m","entropy",1,1176,FALSE,FALSE
"NCBI_US","Iota","disjoint_2m","hellinger_T1",1,5,FALSE,TRUE
"NCBI_US","Iota","disjoint_2m","hellinger_T1",1,13,FALSE,FALSE
"NCBI_US","Iota","disjoint_2m","hellinger_T1",1,18,FALSE,FALSE
"NCBI_US","Iota","disjoint_2m","hellinger_T1",1,20,FALSE,FALSE
"NCBI_US","Iota","disjoint_2m","hellinger_T1",1,26,FALSE,FALSE
"NCBI_US","Iota","disjoint_2m","hellinger_T1",1,95,FALSE,TRUE
"NCBI_US","Iota","disjoint_2m","hellinger_T1",1,138,FALSE,FALSE
"NCBI_US","Iota","disjoint_2m","hellinger_T1",1,152,FALSE,FALSE
"NCBI_US","Iota","disjoint_2m","hellinger_T1",1,190,FALSE,FALSE
"NCBI_US","Iota","disjoint_2m","hellinger_T1",1,253,FALSE,TRUE
"NCBI_US","Iota","disjoint_2m","hellinger_T1",1,417,FALSE,FALSE
"NCBI_US","Iota","disjoint_2m","hellinger_T1",1,452,FALSE,TRUE
"NCBI_US","Iota","disjoint_2m","hellinger_T1",1,477,FALSE,TRUE
"NCBI_US","Iota","disjoint_2m","hellinger_T1",1,478,FALSE,FALSE
"NCBI_US","Iota","disjoint_2m","hellinger_T1",1,484,FALSE,TRUE
"NCBI_US","Iota","disjoint_2m","hellinger_T1",1,501,FALSE,FALSE
"NCBI_US","Iota","disjoint_2m","hellinger_T1",2,614,FALSE,TRUE
"NCBI_US","Iota","disjoint_2m","hellinger_T1",1,655,FALSE,FALSE
"NCBI_US","Iota","disjoint_2m","hellinger_T1",1,677,FALSE,FALSE
"NCBI_US","Iota","disjoint_2m","hellinger_T1",1,681,FALSE,FALSE
"NCBI_US","Iota","disjoint_2m","hellinger_T1",1,701,FALSE,TRUE
"NCBI_US","Iota","disjoint_2m","hellinger_T1",1,732,FALSE,FALSE
"NCBI_US","Iota","disjoint_2m","hellinger_T1",1,957,FALSE,TRUE
"NCBI_US","Iota","disjoint_2m","hellinger_T1",1,1027,FALSE,FALSE
"NCBI_US","Iota","disjoint_2m","hellinger_T1",1,1176,FALSE,FALSE
"NCBI_US","Iota","disjoint_2m","hellinger_Tpred",1,5,FALSE,TRUE
"NCBI_US","Iota","disjoint_2m","hellinger_Tpred",1,13,FALSE,FALSE
"NCBI_US","Iota","disjoint_2m","hellinger_Tpred",2,18,FALSE,FALSE
"NCBI_US","Iota","disjoint_2m","hellinger_Tpred",2,20,FALSE,FALSE
"NCBI_US","Iota","disjoint_2m","hellinger_Tpred",2,26,FALSE,FALSE
"NCBI_US","Iota","disjoint_2m","hellinger_Tpred",1,95,FALSE,TRUE
"NCBI_US","Iota","disjoint_2m","hellinger_Tpred",2,138,FALSE,FALSE
"NCBI_US","Iota","disjoint_2m","hellinger_Tpred",1,152,FALSE,FALSE
"NCBI_US","Iota","disjoint_2m","hellinger_Tpred",2,190,FALSE,FALSE
"NCBI_US","Iota","disjoint_2m","hellinger_Tpred",1,253,FALSE,TRUE
"NCBI_US","Iota","disjoint_2m","hellinger_Tpred",2,417,FALSE,FALSE
"NCBI_US","Iota","disjoint_2m","hellinger_Tpred",1,452,FALSE,TRUE
"NCBI_US","Iota","disjoint_2m","hellinger_Tpred",1,477,FALSE,TRUE
"NCBI_US","Iota","disjoint_2m","hellinger_Tpred",1,478,FALSE,FALSE
"NCBI_US","Iota","disjoint_2m","hellinger_Tpred",2,484,FALSE,TRUE
"NCBI_US","Iota","disjoint_2m","hellinger_Tpred",2,501,FALSE,FALSE
"NCBI_US","Iota","disjoint_2m","hellinger_Tpred",3,614,FALSE,TRUE
"NCBI_US","Iota","disjoint_2m","hellinger_Tpred",2,655,FALSE,FALSE
"NCBI_US","Iota","disjoint_2m","hellinger_Tpred",1,677,FALSE,FALSE
"NCBI_US","Iota","disjoint_2m","hellinger_Tpred",1,681,FALSE,FALSE
"NCBI_US","Iota","disjoint_2m","hellinger_Tpred",1,701,FALSE,TRUE
"NCBI_US","Iota","disjoint_2m","hellinger_Tpred",1,732,FALSE,FALSE
"NCBI_US","Iota","disjoint_2m","hellinger_Tpred",1,957,FALSE,TRUE
"NCBI_US","Iota","disjoint_2m","hellinger_Tpred",2,1027,FALSE,FALSE
"NCBI_US","Iota","disjoint_2m","hellinger_Tpred",2,1176,FALSE,FALSE
"NCBI_US","Iota","sliding_2m","entropy",1,5,FALSE,TRUE
"NCBI_US","Iota","sliding_2m","entropy",1,13,FALSE,FALSE
"NCBI_US","Iota","sliding_2m","entropy",1,18,FALSE,FALSE
"NCBI_US","Iota","sliding_2m","entropy",1,20,FALSE,FALSE
"NCBI_US","Iota","sliding_2m","entropy",1,26,FALSE,FALSE
"NCBI_US","Iota","sliding_2m","entropy",1,95,FALSE,TRUE
"NCBI_US","Iota","sliding_2m","entropy",1,138,FALSE,FALSE
"NCBI_US","Iota","sliding_2m","entropy",1,152,FALSE,FALSE
"NCBI_US","Iota","sliding_2m","entropy",1,190,FALSE,FALSE
"NCBI_US","Iota","sliding_2m","entropy",1,253,FALSE,TRUE
"NCBI_US","Iota","sliding_2m","entropy",1,417,FALSE,FALSE
"NCBI_US","Iota","sliding_2m","entropy",1,452,FALSE,TRUE
"NCBI_US","Iota","sliding_2m","entropy",1,477,FALSE,TRUE
"NCBI_US","Iota","sliding_2m","entropy",1,478,FALSE,FALSE
"NCBI_US","Iota","sliding_2m","entropy",1,484,FALSE,TRUE
"NCBI_US","Iota","sliding_2m","entropy",1,501,FALSE,FALSE
"NCBI_US","Iota","sliding_2m","entropy",2,614,FALSE,TRUE
"NCBI_US","Iota","sliding_2m","entropy",1,655,FALSE,FALSE
"NCBI_US","Iota","sliding_2m","entropy",1,677,FALSE,FALSE
"NCBI_US","Iota","sliding_2m","entropy",1,681,FALSE,FALSE
"NCBI_US","Iota","sliding_2m","entropy",1,701,FALSE,TRUE
"NCBI_US","Iota","sliding_2m","entropy",1,732,FALSE,FALSE
"NCBI_US","Iota","sliding_2m","entropy",1,957,FALSE,TRUE
"NCBI_US","Iota","sliding_2m","entropy",1,1027,FALSE,FALSE
"NCBI_US","Iota","sliding_2m","entropy",1,1176,FALSE,FALSE
"NCBI_US","Iota","sliding_2m","hellinger_T1",1,5,FALSE,TRUE
"NCBI_US","Iota","sliding_2m","hellinger_T1",1,13,FALSE,FALSE
"NCBI_US","Iota","sliding_2m","hellinger_T1",1,18,FALSE,FALSE
"NCBI_US","Iota","sliding_2m","hellinger_T1",1,20,FALSE,FALSE
"NCBI_US","Iota","sliding_2m","hellinger_T1",1,26,FALSE,FALSE
"NCBI_US","Iota","sliding_2m","hellinger_T1",1,95,FALSE,TRUE
"NCBI_US","Iota","sliding_2m","hellinger_T1",1,138,FALSE,FALSE
"NCBI_US","Iota","sliding_2m","hellinger_T1",1,152,FALSE,FALSE
"NCBI_US","Iota","sliding_2m","hellinger_T1",1,190,FALSE,FALSE
"NCBI_US","Iota","sliding_2m","hellinger_T1",1,253,FALSE,TRUE
"NCBI_US","Iota","sliding_2m","hellinger_T1",1,417,FALSE,FALSE
"NCBI_US","Iota","sliding_2m","hellinger_T1",1,452,FALSE,TRUE
"NCBI_US","Iota","sliding_2m","hellinger_T1",1,477,FALSE,TRUE
"NCBI_US","Iota","sliding_2m","hellinger_T1",1,478,FALSE,FALSE
"NCBI_US","Iota","sliding_2m","hellinger_T1",1,484,FALSE,TRUE
"NCBI_US","Iota","sliding_2m","hellinger_T1",1,501,FALSE,FALSE
"NCBI_US","Iota","sliding_2m","hellinger_T1",2,614,FALSE,TRUE
"NCBI_US","Iota","sliding_2m","hellinger_T1",1,655,FALSE,FALSE
"NCBI_US","Iota","sliding_2m","hellinger_T1",1,677,FALSE,FALSE
"NCBI_US","Iota","sliding_2m","hellinger_T1",1,681,FALSE,FALSE
"NCBI_US","Iota","sliding_2m","hellinger_T1",1,701,FALSE,TRUE
"NCBI_US","Iota","sliding_2m","hellinger_T1",1,732,FALSE,FALSE
"NCBI_US","Iota","sliding_2m","hellinger_T1",1,957,FALSE,TRUE
"NCBI_US","Iota","sliding_2m","hellinger_T1",1,1027,FALSE,FALSE
"NCBI_US","Iota","sliding_2m","hellinger_T1",1,1176,FALSE,FALSE
"NCBI_US","Iota","sliding_2m","hellinger_Tpred",1,5,FALSE,TRUE
"NCBI_US","Iota","sliding_2m","hellinger_Tpred",2,13,FALSE,FALSE
"NCBI_US","Iota","sliding_2m","hellinger_Tpred",3,18,FALSE,FALSE
"NCBI_US","Iota","sliding_2m","hellinger_Tpred",3,20,FALSE,FALSE
"NCBI_US","Iota","sliding_2m","hellinger_Tpred",3,26,FALSE,FALSE
"NCBI_US","Iota","sliding_2m","hellinger_Tpred",1,95,FALSE,TRUE
"NCBI_US","Iota","sliding_2m","hellinger_Tpred",3,138,FALSE,FALSE
"NCBI_US","Iota","sliding_2m","hellinger_Tpred",2,152,FALSE,FALSE
"NCBI_US","Iota","sliding_2m","hellinger_Tpred",3,190,FALSE,FALSE
"NCBI_US","Iota","sliding_2m","hellinger_Tpred",1,253,FALSE,TRUE
"NCBI_US","Iota","sliding_2m","hellinger_Tpred",3,417,FALSE,FALSE
"NCBI_US","Iota","sliding_2m","hellinger_Tpred",4,452,FALSE,TRUE
"NCBI_US","Iota","sliding_2m","hellinger_Tpred",5,477,FALSE,TRUE
"NCBI_US","Iota","sliding_2m","hellinger_Tpred",5,478,FALSE,FALSE
"NCBI_US","Iota","sliding_2m","hellinger_Tpred",3,484,FALSE,TRUE
"NCBI_US","Iota","sliding_2m","hellinger_Tpred",3,501,FALSE,FALSE
"NCBI_US","Iota","sliding_2m","hellinger_Tpred",6,614,FALSE,TRUE
"NCBI_US","Iota","sliding_2m","hellinger_Tpred",3,655,FALSE,FALSE
"NCBI_US","Iota","sliding_2m","hellinger_Tpred",2,677,FALSE,FALSE
"NCBI_US","Iota","sliding_2m","hellinger_Tpred",4,681,FALSE,FALSE
"NCBI_US","Iota","sliding_2m","hellinger_Tpred",1,701,FALSE,TRUE
"NCBI_US","Iota","sliding_2m","hellinger_Tpred",2,732,FALSE,FALSE
"NCBI_US","Iota","sliding_2m","hellinger_Tpred",5,957,FALSE,TRUE
"NCBI_US","Iota","sliding_2m","hellinger_Tpred",3,1027,FALSE,FALSE
"NCBI_US","Iota","sliding_2m","hellinger_Tpred",3,1176,FALSE,FALSE
"NCBI_US","Kappa","cumulative_1m","entropy",1,5,FALSE,FALSE
"NCBI_US","Kappa","cumulative_1m","entropy",2,13,FALSE,FALSE
"NCBI_US","Kappa","cumulative_1m","entropy",3,18,FALSE,FALSE
"NCBI_US","Kappa","cumulative_1m","entropy",3,20,FALSE,FALSE
"NCBI_US","Kappa","cumulative_1m","entropy",3,26,FALSE,FALSE
"NCBI_US","Kappa","cumulative_1m","entropy",4,95,FALSE,TRUE
"NCBI_US","Kappa","cumulative_1m","entropy",3,138,FALSE,FALSE
"NCBI_US","Kappa","cumulative_1m","entropy",2,152,FALSE,FALSE
"NCBI_US","Kappa","cumulative_1m","entropy",3,190,FALSE,FALSE
"NCBI_US","Kappa","cumulative_1m","entropy",1,253,FALSE,FALSE
"NCBI_US","Kappa","cumulative_1m","entropy",3,417,FALSE,FALSE
"NCBI_US","Kappa","cumulative_1m","entropy",2,452,TRUE,TRUE
"NCBI_US","Kappa","cumulative_1m","entropy",3,477,FALSE,FALSE
"NCBI_US","Kappa","cumulative_1m","entropy",3,478,FALSE,FALSE
"NCBI_US","Kappa","cumulative_1m","entropy",4,484,TRUE,TRUE
"NCBI_US","Kappa","cumulative_1m","entropy",3,501,FALSE,FALSE
"NCBI_US","Kappa","cumulative_1m","entropy",3,655,FALSE,FALSE
"NCBI_US","Kappa","cumulative_1m","entropy",2,677,FALSE,FALSE
"NCBI_US","Kappa","cumulative_1m","entropy",2,681,TRUE,TRUE
"NCBI_US","Kappa","cumulative_1m","entropy",4,701,FALSE,FALSE
"NCBI_US","Kappa","cumulative_1m","entropy",2,732,FALSE,FALSE
"NCBI_US","Kappa","cumulative_1m","entropy",3,957,FALSE,FALSE
"NCBI_US","Kappa","cumulative_1m","entropy",3,1027,FALSE,FALSE
"NCBI_US","Kappa","cumulative_1m","entropy",3,1176,FALSE,FALSE
"NCBI_US","Kappa","cumulative_1m","hellinger_T1",1,5,FALSE,FALSE
"NCBI_US","Kappa","cumulative_1m","hellinger_T1",2,13,FALSE,FALSE
"NCBI_US","Kappa","cumulative_1m","hellinger_T1",3,18,FALSE,FALSE
"NCBI_US","Kappa","cumulative_1m","hellinger_T1",3,20,FALSE,FALSE
"NCBI_US","Kappa","cumulative_1m","hellinger_T1",3,26,FALSE,FALSE
"NCBI_US","Kappa","cumulative_1m","hellinger_T1",1,95,FALSE,TRUE
"NCBI_US","Kappa","cumulative_1m","hellinger_T1",3,138,FALSE,FALSE
"NCBI_US","Kappa","cumulative_1m","hellinger_T1",2,152,FALSE,FALSE
"NCBI_US","Kappa","cumulative_1m","hellinger_T1",3,190,FALSE,FALSE
"NCBI_US","Kappa","cumulative_1m","hellinger_T1",1,253,FALSE,FALSE
"NCBI_US","Kappa","cumulative_1m","hellinger_T1",3,417,FALSE,FALSE
"NCBI_US","Kappa","cumulative_1m","hellinger_T1",2,452,TRUE,TRUE
"NCBI_US","Kappa","cumulative_1m","hellinger_T1",3,477,FALSE,FALSE
"NCBI_US","Kappa","cumulative_1m","hellinger_T1",3,478,FALSE,FALSE
"NCBI_US","Kappa","cumulative_1m","hellinger_T1",1,484,TRUE,TRUE
"NCBI_US","Kappa","cumulative_1m","hellinger_T1",3,501,FALSE,FALSE
"NCBI_US","Kappa","cumulative_1m","hellinger_T1",3,655,FALSE,FALSE
"NCBI_US","Kappa","cumulative_1m","hellinger_T1",2,677,FALSE,FALSE
"NCBI_US","Kappa","cumulative_1m","hellinger_T1",2,681,TRUE,TRUE
"NCBI_US","Kappa","cumulative_1m","hellinger_T1",1,701,FALSE,FALSE
"NCBI_US","Kappa","cumulative_1m","hellinger_T1",2,732,FALSE,FALSE
"NCBI_US","Kappa","cumulative_1m","hellinger_T1",3,957,FALSE,FALSE
"NCBI_US","Kappa","cumulative_1m","hellinger_T1",3,1027,FALSE,FALSE
"NCBI_US","Kappa","cumulative_1m","hellinger_T1",3,1176,FALSE,FALSE
"NCBI_US","Kappa","cumulative_1m","hellinger_Tpred",1,5,FALSE,FALSE
"NCBI_US","Kappa","cumulative_1m","hellinger_Tpred",2,13,FALSE,FALSE
"NCBI_US","Kappa","cumulative_1m","hellinger_Tpred",1,18,FALSE,FALSE
"NCBI_US","Kappa","cumulative_1m","hellinger_Tpred",1,20,FALSE,FALSE
"NCBI_US","Kappa","cumulative_1m","hellinger_Tpred",1,26,FALSE,FALSE
"NCBI_US","Kappa","cumulative_1m","hellinger_Tpred",1,95,FALSE,TRUE
"NCBI_US","Kappa","cumulative_1m","hellinger_Tpred",1,138,FALSE,FALSE
"NCBI_US","Kappa","cumulative_1m","hellinger_Tpred",2,152,FALSE,FALSE
"NCBI_US","Kappa","cumulative_1m","hellinger_Tpred",1,190,FALSE,FALSE
"NCBI_US","Kappa","cumulative_1m","hellinger_Tpred",1,253,FALSE,FALSE
"NCBI_US","Kappa","cumulative_1m","hellinger_Tpred",1,417,FALSE,FALSE
"NCBI_US","Kappa","cumulative_1m","hellinger_Tpred",2,452,TRUE,TRUE
"NCBI_US","Kappa","cumulative_1m","hellinger_Tpred",1,477,FALSE,FALSE
"NCBI_US","Kappa","cumulative_1m","hellinger_Tpred",1,478,FALSE,FALSE
"NCBI_US","Kappa","cumulative_1m","hellinger_Tpred",1,484,TRUE,TRUE
"NCBI_US","Kappa","cumulative_1m","hellinger_Tpred",1,501,FALSE,FALSE
"NCBI_US","Kappa","cumulative_1m","hellinger_Tpred",1,655,FALSE,FALSE
"NCBI_US","Kappa","cumulative_1m","hellinger_Tpred",2,677,FALSE,FALSE
"NCBI_US","Kappa","cumulative_1m","hellinger_Tpred",2,681,TRUE,TRUE
"NCBI_US","Kappa","cumulative_1m","hellinger_Tpred",1,701,FALSE,FALSE
"NCBI_US","Kappa","cumulative_1m","hellinger_Tpred",2,732,FALSE,FALSE
"NCBI_US","Kappa","cumulative_1m","hellinger_Tpred",1,957,FALSE,FALSE
"NCBI_US","Kappa","cumulative_1m","hellinger_Tpred",1,1027,FALSE,FALSE
"NCBI_US","Kappa","cumulative_1m","hellinger_Tpred",1,1176,FALSE,FALSE
"NCBI_US","Kappa","disjoint_2m","entropy",1,5,FALSE,FALSE
"NCBI_US","Kappa","disjoint_2m","entropy",2,13,FALSE,FALSE
"NCBI_US","Kappa","disjoint_2m","entropy",3,18,FALSE,FALSE
"NCBI_US","Kappa","disjoint_2m","entropy",3,20,FALSE,FALSE
"NCBI_US","Kappa","disjoint_2m","entropy",3,26,FALSE,FALSE
"NCBI_US","Kappa","disjoint_2m","entropy",1,95,FALSE,TRUE
"NCBI_US","Kappa","disjoint_2m","entropy",3,138,FALSE,FALSE
"NCBI_US","Kappa","disjoint_2m","entropy",4,152,FALSE,FALSE
"NCBI_US","Kappa","disjoint_2m","entropy",3,190,FALSE,FALSE
"NCBI_US","Kappa","disjoint_2m","entropy",1,253,FALSE,FALSE
"NCBI_US","Kappa","disjoint_2m","entropy",3,417,FALSE,FALSE
"NCBI_US","Kappa","disjoint_2m","entropy",4,452,TRUE,TRUE
"NCBI_US","Kappa","disjoint_2m","entropy",5,477,FALSE,FALSE
"NCBI_US","Kappa","disjoint_2m","entropy",5,478,FALSE,FALSE
"NCBI_US","Kappa","disjoint_2m","entropy",1,484,TRUE,TRUE
"NCBI_US","Kappa","disjoint_2m","entropy",3,501,FALSE,FALSE
"NCBI_US","Kappa","disjoint_2m","entropy",3,655,FALSE,FALSE
"NCBI_US","Kappa","disjoint_2m","entropy",2,677,FALSE,FALSE
"NCBI_US","Kappa","disjoint_2m","entropy",6,681,TRUE,TRUE
"NCBI_US","Kappa","disjoint_2m","entropy",1,701,FALSE,FALSE
"NCBI_US","Kappa","disjoint_2m","entropy",2,732,FALSE,FALSE
"NCBI_US","Kappa","disjoint_2m","entropy",5,957,FALSE,FALSE
"NCBI_US","Kappa","disjoint_2m","entropy",3,1027,FALSE,FALSE
"NCBI_US","Kappa","disjoint_2m","entropy",3,1176,FALSE,FALSE
"NCBI_US","Kappa","disjoint_2m","hellinger_T1",1,5,FALSE,FALSE
"NCBI_US","Kappa","disjoint_2m","hellinger_T1",1,13,FALSE,FALSE
"NCBI_US","Kappa","disjoint_2m","hellinger_T1",2,18,FALSE,FALSE
"NCBI_US","Kappa","disjoint_2m","hellinger_T1",2,20,FALSE,FALSE
"NCBI_US","Kappa","disjoint_2m","hellinger_T1",2,26,FALSE,FALSE
"NCBI_US","Kappa","disjoint_2m","hellinger_T1",1,95,FALSE,TRUE
"NCBI_US","Kappa","disjoint_2m","hellinger_T1",2,138,FALSE,FALSE
"NCBI_US","Kappa","disjoint_2m","hellinger_T1",1,152,FALSE,FALSE
"NCBI_US","Kappa","disjoint_2m","hellinger_T1",2,190,FALSE,FALSE
"NCBI_US","Kappa","disjoint_2m","hellinger_T1",1,253,FALSE,FALSE
"NCBI_US","Kappa","disjoint_2m","hellinger_T1",2,417,FALSE,FALSE
"NCBI_US","Kappa","disjoint_2m","hellinger_T1",1,452,TRUE,TRUE
"NCBI_US","Kappa","disjoint_2m","hellinger_T1",1,477,FALSE,FALSE
"NCBI_US","Kappa","disjoint_2m","hellinger_T1",1,478,FALSE,FALSE
"NCBI_US","Kappa","disjoint_2m","hellinger_T1",2,484,TRUE,TRUE
"NCBI_US","Kappa","disjoint_2m","hellinger_T1",2,501,FALSE,FALSE
"NCBI_US","Kappa","disjoint_2m","hellinger_T1",2,655,FALSE,FALSE
"NCBI_US","Kappa","disjoint_2m","hellinger_T1",1,677,FALSE,FALSE
"NCBI_US","Kappa","disjoint_2m","hellinger_T1",1,681,TRUE,TRUE
"NCBI_US","Kappa","disjoint_2m","hellinger_T1",1,701,FALSE,FALSE
"NCBI_US","Kappa","disjoint_2m","hellinger_T1",1,732,FALSE,FALSE
"NCBI_US","Kappa","disjoint_2m","hellinger_T1",1,957,FALSE,FALSE
"NCBI_US","Kappa","disjoint_2m","hellinger_T1",2,1027,FALSE,FALSE
"NCBI_US","Kappa","disjoint_2m","hellinger_T1",2,1176,FALSE,FALSE
"NCBI_US","Kappa","disjoint_2m","hellinger_Tpred",1,5,FALSE,FALSE
"NCBI_US","Kappa","disjoint_2m","hellinger_Tpred",2,13,FALSE,FALSE
"NCBI_US","Kappa","disjoint_2m","hellinger_Tpred",3,18,FALSE,FALSE
"NCBI_US","Kappa","disjoint_2m","hellinger_Tpred",3,20,FALSE,FALSE
"NCBI_US","Kappa","disjoint_2m","hellinger_Tpred",3,26,FALSE,FALSE
"NCBI_US","Kappa","disjoint_2m","hellinger_Tpred",1,95,FALSE,TRUE
"NCBI_US","Kappa","disjoint_2m","hellinger_Tpred",3,138,FALSE,FALSE
"NCBI_US","Kappa","disjoint_2m","hellinger_Tpred",2,152,FALSE,FALSE
"NCBI_US","Kappa","disjoint_2m","hellinger_Tpred",3,190,FALSE,FALSE
"NCBI_US","Kappa","disjoint_2m","hellinger_Tpred",1,253,FALSE,FALSE
"NCBI_US","Kappa","disjoint_2m","hellinger_Tpred",3,417,FALSE,FALSE
"NCBI_US","Kappa","disjoint_2m","hellinger_Tpred",2,452,TRUE,TRUE
"NCBI_US","Kappa","disjoint_2m","hellinger_Tpred",1,477,FALSE,FALSE
"NCBI_US","Kappa","disjoint_2m","hellinger_Tpred",2,478,FALSE,FALSE
"NCBI_US","Kappa","disjoint_2m","hellinger_Tpred",3,484,TRUE,TRUE
"NCBI_US","Kappa","disjoint_2m","hellinger_Tpred",3,501,FALSE,FALSE
"NCBI_US","Kappa","disjoint_2m","hellinger_Tpred",3,655,FALSE,FALSE
"NCBI_US","Kappa","disjoint_2m","hellinger_Tpred",2,677,FALSE,FALSE
"NCBI_US","Kappa","disjoint_2m","hellinger_Tpred",2,681,TRUE,TRUE
"NCBI_US","Kappa","disjoint_2m","hellinger_Tpred",1,701,FALSE,FALSE
"NCBI_US","Kappa","disjoint_2m","hellinger_Tpred",2,732,FALSE,FALSE
"NCBI_US","Kappa","disjoint_2m","hellinger_Tpred",1,957,FALSE,FALSE
"NCBI_US","Kappa","disjoint_2m","hellinger_Tpred",3,1027,FALSE,FALSE
"NCBI_US","Kappa","disjoint_2m","hellinger_Tpred",3,1176,FALSE,FALSE
"NCBI_US","Kappa","sliding_2m","entropy",1,5,FALSE,FALSE
"NCBI_US","Kappa","sliding_2m","entropy",2,13,FALSE,FALSE
"NCBI_US","Kappa","sliding_2m","entropy",3,18,FALSE,FALSE
"NCBI_US","Kappa","sliding_2m","entropy",3,20,FALSE,FALSE
"NCBI_US","Kappa","sliding_2m","entropy",3,26,FALSE,FALSE
"NCBI_US","Kappa","sliding_2m","entropy",1,95,FALSE,TRUE
"NCBI_US","Kappa","sliding_2m","entropy",3,138,FALSE,FALSE
"NCBI_US","Kappa","sliding_2m","entropy",2,152,FALSE,FALSE
"NCBI_US","Kappa","sliding_2m","entropy",3,190,FALSE,FALSE
"NCBI_US","Kappa","sliding_2m","entropy",1,253,FALSE,FALSE
"NCBI_US","Kappa","sliding_2m","entropy",3,417,FALSE,FALSE
"NCBI_US","Kappa","sliding_2m","entropy",4,452,TRUE,TRUE
"NCBI_US","Kappa","sliding_2m","entropy",5,477,FALSE,FALSE
"NCBI_US","Kappa","sliding_2m","entropy",5,478,FALSE,FALSE
"NCBI_US","Kappa","sliding_2m","entropy",1,484,TRUE,TRUE
"NCBI_US","Kappa","sliding_2m","entropy",3,501,FALSE,FALSE
"NCBI_US","Kappa","sliding_2m","entropy",3,655,FALSE,FALSE
"NCBI_US","Kappa","sliding_2m","entropy",2,677,FALSE,FALSE
"NCBI_US","Kappa","sliding_2m","entropy",4,681,TRUE,TRUE
"NCBI_US","Kappa","sliding_2m","entropy",1,701,FALSE,FALSE
"NCBI_US","Kappa","sliding_2m","entropy",2,732,FALSE,FALSE
"NCBI_US","Kappa","sliding_2m","entropy",5,957,FALSE,FALSE
"NCBI_US","Kappa","sliding_2m","entropy",3,1027,FALSE,FALSE
"NCBI_US","Kappa","sliding_2m","entropy",3,1176,FALSE,FALSE
"NCBI_US","Kappa","sliding_2m","hellinger_T1",1,5,FALSE,FALSE
"NCBI_US","Kappa","sliding_2m","hellinger_T1",1,13,FALSE,FALSE
"NCBI_US","Kappa","sliding_2m","hellinger_T1",2,18,FALSE,FALSE
"NCBI_US","Kappa","sliding_2m","hellinger_T1",2,20,FALSE,FALSE
"NCBI_US","Kappa","sliding_2m","hellinger_T1",2,26,FALSE,FALSE
"NCBI_US","Kappa","sliding_2m","hellinger_T1",1,95,FALSE,TRUE
"NCBI_US","Kappa","sliding_2m","hellinger_T1",2,138,FALSE,FALSE
"NCBI_US","Kappa","sliding_2m","hellinger_T1",1,152,FALSE,FALSE
"NCBI_US","Kappa","sliding_2m","hellinger_T1",2,190,FALSE,FALSE
"NCBI_US","Kappa","sliding_2m","hellinger_T1",1,253,FALSE,FALSE
"NCBI_US","Kappa","sliding_2m","hellinger_T1",2,417,FALSE,FALSE
"NCBI_US","Kappa","sliding_2m","hellinger_T1",1,452,TRUE,TRUE
"NCBI_US","Kappa","sliding_2m","hellinger_T1",1,477,FALSE,FALSE
"NCBI_US","Kappa","sliding_2m","hellinger_T1",1,478,FALSE,FALSE
"NCBI_US","Kappa","sliding_2m","hellinger_T1",2,484,TRUE,TRUE
"NCBI_US","Kappa","sliding_2m","hellinger_T1",2,501,FALSE,FALSE
"NCBI_US","Kappa","sliding_2m","hellinger_T1",2,655,FALSE,FALSE
"NCBI_US","Kappa","sliding_2m","hellinger_T1",1,677,FALSE,FALSE
"NCBI_US","Kappa","sliding_2m","hellinger_T1",1,681,TRUE,TRUE
"NCBI_US","Kappa","sliding_2m","hellinger_T1",1,701,FALSE,FALSE
"NCBI_US","Kappa","sliding_2m","hellinger_T1",1,732,FALSE,FALSE
"NCBI_US","Kappa","sliding_2m","hellinger_T1",1,957,FALSE,FALSE
"NCBI_US","Kappa","sliding_2m","hellinger_T1",2,1027,FALSE,FALSE
"NCBI_US","Kappa","sliding_2m","hellinger_T1",2,1176,FALSE,FALSE
"NCBI_US","Kappa","sliding_2m","hellinger_Tpred",1,5,FALSE,FALSE
"NCBI_US","Kappa","sliding_2m","hellinger_Tpred",1,13,FALSE,FALSE
"NCBI_US","Kappa","sliding_2m","hellinger_Tpred",2,18,FALSE,FALSE
"NCBI_US","Kappa","sliding_2m","hellinger_Tpred",2,20,FALSE,FALSE
"NCBI_US","Kappa","sliding_2m","hellinger_Tpred",2,26,FALSE,FALSE
"NCBI_US","Kappa","sliding_2m","hellinger_Tpred",1,95,FALSE,TRUE
"NCBI_US","Kappa","sliding_2m","hellinger_Tpred",2,138,FALSE,FALSE
"NCBI_US","Kappa","sliding_2m","hellinger_Tpred",1,152,FALSE,FALSE
"NCBI_US","Kappa","sliding_2m","hellinger_Tpred",2,190,FALSE,FALSE
"NCBI_US","Kappa","sliding_2m","hellinger_Tpred",1,253,FALSE,FALSE
"NCBI_US","Kappa","sliding_2m","hellinger_Tpred",2,417,FALSE,FALSE
"NCBI_US","Kappa","sliding_2m","hellinger_Tpred",1,452,TRUE,TRUE
"NCBI_US","Kappa","sliding_2m","hellinger_Tpred",1,477,FALSE,FALSE
"NCBI_US","Kappa","sliding_2m","hellinger_Tpred",1,478,FALSE,FALSE
"NCBI_US","Kappa","sliding_2m","hellinger_Tpred",2,484,TRUE,TRUE
"NCBI_US","Kappa","sliding_2m","hellinger_Tpred",2,501,FALSE,FALSE
"NCBI_US","Kappa","sliding_2m","hellinger_Tpred",2,655,FALSE,FALSE
"NCBI_US","Kappa","sliding_2m","hellinger_Tpred",1,677,FALSE,FALSE
"NCBI_US","Kappa","sliding_2m","hellinger_Tpred",1,681,TRUE,TRUE
"NCBI_US","Kappa","sliding_2m","hellinger_Tpred",1,701,FALSE,FALSE
"NCBI_US","Kappa","sliding_2m","hellinger_Tpred",1,732,FALSE,FALSE
"NCBI_US","Kappa","sliding_2m","hellinger_Tpred",1,957,FALSE,FALSE
"NCBI_US","Kappa","sliding_2m","hellinger_Tpred",2,1027,FALSE,FALSE
"NCBI_US","Kappa","sliding_2m","hellinger_Tpred",2,1176,FALSE,FALSE
"NCBI_US","Lambda","cumulative_1m","entropy",1,5,FALSE,FALSE
"NCBI_US","Lambda","cumulative_1m","entropy",2,13,FALSE,FALSE
"NCBI_US","Lambda","cumulative_1m","entropy",3,18,FALSE,FALSE
"NCBI_US","Lambda","cumulative_1m","entropy",3,20,FALSE,FALSE
"NCBI_US","Lambda","cumulative_1m","entropy",3,26,FALSE,FALSE
"NCBI_US","Lambda","cumulative_1m","entropy",4,95,FALSE,FALSE
"NCBI_US","Lambda","cumulative_1m","entropy",3,138,FALSE,FALSE
"NCBI_US","Lambda","cumulative_1m","entropy",2,152,FALSE,FALSE
"NCBI_US","Lambda","cumulative_1m","entropy",3,190,FALSE,FALSE
"NCBI_US","Lambda","cumulative_1m","entropy",1,253,FALSE,FALSE
"NCBI_US","Lambda","cumulative_1m","entropy",3,417,FALSE,FALSE
"NCBI_US","Lambda","cumulative_1m","entropy",2,452,FALSE,TRUE
"NCBI_US","Lambda","cumulative_1m","entropy",3,477,FALSE,FALSE
"NCBI_US","Lambda","cumulative_1m","entropy",3,478,FALSE,FALSE
"NCBI_US","Lambda","cumulative_1m","entropy",4,484,FALSE,FALSE
"NCBI_US","Lambda","cumulative_1m","entropy",3,501,FALSE,FALSE
"NCBI_US","Lambda","cumulative_1m","entropy",3,655,FALSE,FALSE
"NCBI_US","Lambda","cumulative_1m","entropy",2,677,FALSE,FALSE
"NCBI_US","Lambda","cumulative_1m","entropy",2,681,FALSE,FALSE
"NCBI_US","Lambda","cumulative_1m","entropy",4,701,FALSE,FALSE
"NCBI_US","Lambda","cumulative_1m","entropy",2,732,FALSE,FALSE
"NCBI_US","Lambda","cumulative_1m","entropy",3,957,FALSE,FALSE
"NCBI_US","Lambda","cumulative_1m","entropy",3,1027,FALSE,FALSE
"NCBI_US","Lambda","cumulative_1m","entropy",3,1176,FALSE,FALSE
"NCBI_US","Lambda","cumulative_1m","hellinger_T1",1,5,FALSE,FALSE
"NCBI_US","Lambda","cumulative_1m","hellinger_T1",2,13,FALSE,FALSE
"NCBI_US","Lambda","cumulative_1m","hellinger_T1",3,18,FALSE,FALSE
"NCBI_US","Lambda","cumulative_1m","hellinger_T1",3,20,FALSE,FALSE
"NCBI_US","Lambda","cumulative_1m","hellinger_T1",3,26,FALSE,FALSE
"NCBI_US","Lambda","cumulative_1m","hellinger_T1",1,95,FALSE,FALSE
"NCBI_US","Lambda","cumulative_1m","hellinger_T1",3,138,FALSE,FALSE
"NCBI_US","Lambda","cumulative_1m","hellinger_T1",2,152,FALSE,FALSE
"NCBI_US","Lambda","cumulative_1m","hellinger_T1",3,190,FALSE,FALSE
"NCBI_US","Lambda","cumulative_1m","hellinger_T1",1,253,FALSE,FALSE
"NCBI_US","Lambda","cumulative_1m","hellinger_T1",3,417,FALSE,FALSE
"NCBI_US","Lambda","cumulative_1m","hellinger_T1",2,452,FALSE,TRUE
"NCBI_US","Lambda","cumulative_1m","hellinger_T1",3,477,FALSE,FALSE
"NCBI_US","Lambda","cumulative_1m","hellinger_T1",3,478,FALSE,FALSE
"NCBI_US","Lambda","cumulative_1m","hellinger_T1",1,484,FALSE,FALSE
"NCBI_US","Lambda","cumulative_1m","hellinger_T1",3,501,FALSE,FALSE
"NCBI_US","Lambda","cumulative_1m","hellinger_T1",3,655,FALSE,FALSE
"NCBI_US","Lambda","cumulative_1m","hellinger_T1",2,677,FALSE,FALSE
"NCBI_US","Lambda","cumulative_1m","hellinger_T1",2,681,FALSE,FALSE
"NCBI_US","Lambda","cumulative_1m","hellinger_T1",1,701,FALSE,FALSE
"NCBI_US","Lambda","cumulative_1m","hellinger_T1",2,732,FALSE,FALSE
"NCBI_US","Lambda","cumulative_1m","hellinger_T1",3,957,FALSE,FALSE
"NCBI_US","Lambda","cumulative_1m","hellinger_T1",3,1027,FALSE,FALSE
"NCBI_US","Lambda","cumulative_1m","hellinger_T1",3,1176,FALSE,FALSE
"NCBI_US","Lambda","cumulative_1m","hellinger_Tpred",1,5,FALSE,FALSE
"NCBI_US","Lambda","cumulative_1m","hellinger_Tpred",2,13,FALSE,FALSE
"NCBI_US","Lambda","cumulative_1m","hellinger_Tpred",1,18,FALSE,FALSE
"NCBI_US","Lambda","cumulative_1m","hellinger_Tpred",1,20,FALSE,FALSE
"NCBI_US","Lambda","cumulative_1m","hellinger_Tpred",1,26,FALSE,FALSE
"NCBI_US","Lambda","cumulative_1m","hellinger_Tpred",1,95,FALSE,FALSE
"NCBI_US","Lambda","cumulative_1m","hellinger_Tpred",1,138,FALSE,FALSE
"NCBI_US","Lambda","cumulative_1m","hellinger_Tpred",2,152,FALSE,FALSE
"NCBI_US","Lambda","cumulative_1m","hellinger_Tpred",1,190,FALSE,FALSE
"NCBI_US","Lambda","cumulative_1m","hellinger_Tpred",1,253,FALSE,FALSE
"NCBI_US","Lambda","cumulative_1m","hellinger_Tpred",1,417,FALSE,FALSE
"NCBI_US","Lambda","cumulative_1m","hellinger_Tpred",2,452,FALSE,TRUE
"NCBI_US","Lambda","cumulative_1m","hellinger_Tpred",1,477,FALSE,FALSE
"NCBI_US","Lambda","cumulative_1m","hellinger_Tpred",1,478,FALSE,FALSE
"NCBI_US","Lambda","cumulative_1m","hellinger_Tpred",1,484,FALSE,FALSE
"NCBI_US","Lambda","cumulative_1m","hellinger_Tpred",1,501,FALSE,FALSE
"NCBI_US","Lambda","cumulative_1m","hellinger_Tpred",1,655,FALSE,FALSE
"NCBI_US","Lambda","cumulative_1m","hellinger_Tpred",2,677,FALSE,FALSE
"NCBI_US","Lambda","cumulative_1m","hellinger_Tpred",2,681,FALSE,FALSE
"NCBI_US","Lambda","cumulative_1m","hellinger_Tpred",1,701,FALSE,FALSE
"NCBI_US","Lambda","cumulative_1m","hellinger_Tpred",2,732,FALSE,FALSE
"NCBI_US","Lambda","cumulative_1m","hellinger_Tpred",1,957,FALSE,FALSE
"NCBI_US","Lambda","cumulative_1m","hellinger_Tpred",1,1027,FALSE,FALSE
"NCBI_US","Lambda","cumulative_1m","hellinger_Tpred",1,1176,FALSE,FALSE
"NCBI_US","Lambda","disjoint_2m","entropy",1,5,FALSE,FALSE
"NCBI_US","Lambda","disjoint_2m","entropy",2,13,FALSE,FALSE
"NCBI_US","Lambda","disjoint_2m","entropy",3,18,FALSE,FALSE
"NCBI_US","Lambda","disjoint_2m","entropy",3,20,FALSE,FALSE
"NCBI_US","Lambda","disjoint_2m","entropy",3,26,FALSE,FALSE
"NCBI_US","Lambda","disjoint_2m","entropy",1,95,FALSE,FALSE
"NCBI_US","Lambda","disjoint_2m","entropy",3,138,FALSE,FALSE
"NCBI_US","Lambda","disjoint_2m","entropy",4,152,FALSE,FALSE
"NCBI_US","Lambda","disjoint_2m","entropy",3,190,FALSE,FALSE
"NCBI_US","Lambda","disjoint_2m","entropy",1,253,FALSE,FALSE
"NCBI_US","Lambda","disjoint_2m","entropy",3,417,FALSE,FALSE
"NCBI_US","Lambda","disjoint_2m","entropy",4,452,FALSE,TRUE
"NCBI_US","Lambda","disjoint_2m","entropy",5,477,FALSE,FALSE
"NCBI_US","Lambda","disjoint_2m","entropy",5,478,FALSE,FALSE
"NCBI_US","Lambda","disjoint_2m","entropy",1,484,FALSE,FALSE
"NCBI_US","Lambda","disjoint_2m","entropy",3,501,FALSE,FALSE
"NCBI_US","Lambda","disjoint_2m","entropy",3,655,FALSE,FALSE
"NCBI_US","Lambda","disjoint_2m","entropy",2,677,FALSE,FALSE
"NCBI_US","Lambda","disjoint_2m","entropy",6,681,FALSE,FALSE
"NCBI_US","Lambda","disjoint_2m","entropy",1,701,FALSE,FALSE
"NCBI_US","Lambda","disjoint_2m","entropy",2,732,FALSE,FALSE
"NCBI_US","Lambda","disjoint_2m","entropy",5,957,FALSE,FALSE
"NCBI_US","Lambda","disjoint_2m","entropy",3,1027,FALSE,FALSE
"NCBI_US","Lambda","disjoint_2m","entropy",3,1176,FALSE,FALSE
"NCBI_US","Lambda","disjoint_2m","hellinger_T1",1,5,FALSE,FALSE
"NCBI_US","Lambda","disjoint_2m","hellinger_T1",1,13,FALSE,FALSE
"NCBI_US","Lambda","disjoint_2m","hellinger_T1",2,18,FALSE,FALSE
"NCBI_US","Lambda","disjoint_2m","hellinger_T1",2,20,FALSE,FALSE
"NCBI_US","Lambda","disjoint_2m","hellinger_T1",2,26,FALSE,FALSE
"NCBI_US","Lambda","disjoint_2m","hellinger_T1",1,95,FALSE,FALSE
"NCBI_US","Lambda","disjoint_2m","hellinger_T1",2,138,FALSE,FALSE
"NCBI_US","Lambda","disjoint_2m","hellinger_T1",1,152,FALSE,FALSE
"NCBI_US","Lambda","disjoint_2m","hellinger_T1",2,190,FALSE,FALSE
"NCBI_US","Lambda","disjoint_2m","hellinger_T1",1,253,FALSE,FALSE
"NCBI_US","Lambda","disjoint_2m","hellinger_T1",2,417,FALSE,FALSE
"NCBI_US","Lambda","disjoint_2m","hellinger_T1",1,452,FALSE,TRUE
"NCBI_US","Lambda","disjoint_2m","hellinger_T1",1,477,FALSE,FALSE
"NCBI_US","Lambda","disjoint_2m","hellinger_T1",1,478,FALSE,FALSE
"NCBI_US","Lambda","disjoint_2m","hellinger_T1",2,484,FALSE,FALSE
"NCBI_US","Lambda","disjoint_2m","hellinger_T1",2,501,FALSE,FALSE
"NCBI_US","Lambda","disjoint_2m","hellinger_T1",2,655,FALSE,FALSE
"NCBI_US","Lambda","disjoint_2m","hellinger_T1",1,677,FALSE,FALSE
"NCBI_US","Lambda","disjoint_2m","hellinger_T1",1,681,FALSE,FALSE
"NCBI_US","Lambda","disjoint_2m","hellinger_T1",1,701,FALSE,FALSE
"NCBI_US","Lambda","disjoint_2m","hellinger_T1",1,732,FALSE,FALSE
"NCBI_US","Lambda","disjoint_2m","hellinger_T1",1,957,FALSE,FALSE
"NCBI_US","Lambda","disjoint_2m","hellinger_T1",2,1027,FALSE,FALSE
"NCBI_US","Lambda","disjoint_2m","hellinger_T1",2,1176,FALSE,FALSE
"NCBI_US","Lambda","disjoint_2m","hellinger_Tpred",1,5,FALSE,FALSE
"NCBI_US","Lambda","disjoint_2m","hellinger_Tpred",2,13,FALSE,FALSE
"NCBI_US","Lambda","disjoint_2m","hellinger_Tpred",3,18,FALSE,FALSE
"NCBI_US","Lambda","disjoint_2m","hellinger_Tpred",3,20,FALSE,FALSE
"NCBI_US","Lambda","disjoint_2m","hellinger_Tpred",3,26,FALSE,FALSE
"NCBI_US","Lambda","disjoint_2m","hellinger_Tpred",1,95,FALSE,FALSE
"NCBI_US","Lambda","disjoint_2m","hellinger_Tpred",3,138,FALSE,FALSE
"NCBI_US","Lambda","disjoint_2m","hellinger_Tpred",2,152,FALSE,FALSE
"NCBI_US","Lambda","disjoint_2m","hellinger_Tpred",3,190,FALSE,FALSE
"NCBI_US","Lambda","disjoint_2m","hellinger_Tpred",1,253,FALSE,FALSE
"NCBI_US","Lambda","disjoint_2m","hellinger_Tpred",3,417,FALSE,FALSE
"NCBI_US","Lambda","disjoint_2m","hellinger_Tpred",2,452,FALSE,TRUE
"NCBI_US","Lambda","disjoint_2m","hellinger_Tpred",1,477,FALSE,FALSE
"NCBI_US","Lambda","disjoint_2m","hellinger_Tpred",2,478,FALSE,FALSE
"NCBI_US","Lambda","disjoint_2m","hellinger_Tpred",3,484,FALSE,FALSE
"NCBI_US","Lambda","disjoint_2m","hellinger_Tpred",3,501,FALSE,FALSE
"NCBI_US","Lambda","disjoint_2m","hellinger_Tpred",3,655,FALSE,FALSE
"NCBI_US","Lambda","disjoint_2m","hellinger_Tpred",2,677,FALSE,FALSE
"NCBI_US","Lambda","disjoint_2m","hellinger_Tpred",2,681,FALSE,FALSE
"NCBI_US","Lambda","disjoint_2m","hellinger_Tpred",1,701,FALSE,FALSE
"NCBI_US","Lambda","disjoint_2m","hellinger_Tpred",2,732,FALSE,FALSE
"NCBI_US","Lambda","disjoint_2m","hellinger_Tpred",1,957,FALSE,FALSE
"NCBI_US","Lambda","disjoint_2m","hellinger_Tpred",3,1027,FALSE,FALSE
"NCBI_US","Lambda","disjoint_2m","hellinger_Tpred",3,1176,FALSE,FALSE
"NCBI_US","Lambda","sliding_2m","entropy",1,5,FALSE,FALSE
"NCBI_US","Lambda","sliding_2m","entropy",2,13,FALSE,FALSE
"NCBI_US","Lambda","sliding_2m","entropy",3,18,FALSE,FALSE
"NCBI_US","Lambda","sliding_2m","entropy",3,20,FALSE,FALSE
"NCBI_US","Lambda","sliding_2m","entropy",3,26,FALSE,FALSE
"NCBI_US","Lambda","sliding_2m","entropy",1,95,FALSE,FALSE
"NCBI_US","Lambda","sliding_2m","entropy",3,138,FALSE,FALSE
"NCBI_US","Lambda","sliding_2m","entropy",2,152,FALSE,FALSE
"NCBI_US","Lambda","sliding_2m","entropy",3,190,FALSE,FALSE
"NCBI_US","Lambda","sliding_2m","entropy",1,253,FALSE,FALSE
"NCBI_US","Lambda","sliding_2m","entropy",3,417,FALSE,FALSE
"NCBI_US","Lambda","sliding_2m","entropy",4,452,FALSE,TRUE
"NCBI_US","Lambda","sliding_2m","entropy",5,477,FALSE,FALSE
"NCBI_US","Lambda","sliding_2m","entropy",5,478,FALSE,FALSE
"NCBI_US","Lambda","sliding_2m","entropy",1,484,FALSE,FALSE
"NCBI_US","Lambda","sliding_2m","entropy",3,501,FALSE,FALSE
"NCBI_US","Lambda","sliding_2m","entropy",3,655,FALSE,FALSE
"NCBI_US","Lambda","sliding_2m","entropy",2,677,FALSE,FALSE
"NCBI_US","Lambda","sliding_2m","entropy",4,681,FALSE,FALSE
"NCBI_US","Lambda","sliding_2m","entropy",1,701,FALSE,FALSE
"NCBI_US","Lambda","sliding_2m","entropy",2,732,FALSE,FALSE
"NCBI_US","Lambda","sliding_2m","entropy",5,957,FALSE,FALSE
"NCBI_US","Lambda","sliding_2m","entropy",3,1027,FALSE,FALSE
"NCBI_US","Lambda","sliding_2m","entropy",3,1176,FALSE,FALSE
"NCBI_US","Lambda","sliding_2m","hellinger_T1",1,5,FALSE,FALSE
"NCBI_US","Lambda","sliding_2m","hellinger_T1",1,13,FALSE,FALSE
"NCBI_US","Lambda","sliding_2m","hellinger_T1",2,18,FALSE,FALSE
"NCBI_US","Lambda","sliding_2m","hellinger_T1",2,20,FALSE,FALSE
"NCBI_US","Lambda","sliding_2m","hellinger_T1",2,26,FALSE,FALSE
"NCBI_US","Lambda","sliding_2m","hellinger_T1",1,95,FALSE,FALSE
"NCBI_US","Lambda","sliding_2m","hellinger_T1",2,138,FALSE,FALSE
"NCBI_US","Lambda","sliding_2m","hellinger_T1",1,152,FALSE,FALSE
"NCBI_US","Lambda","sliding_2m","hellinger_T1",2,190,FALSE,FALSE
"NCBI_US","Lambda","sliding_2m","hellinger_T1",1,253,FALSE,FALSE
"NCBI_US","Lambda","sliding_2m","hellinger_T1",2,417,FALSE,FALSE
"NCBI_US","Lambda","sliding_2m","hellinger_T1",1,452,FALSE,TRUE
"NCBI_US","Lambda","sliding_2m","hellinger_T1",1,477,FALSE,FALSE
"NCBI_US","Lambda","sliding_2m","hellinger_T1",1,478,FALSE,FALSE
"NCBI_US","Lambda","sliding_2m","hellinger_T1",2,484,FALSE,FALSE
"NCBI_US","Lambda","sliding_2m","hellinger_T1",2,501,FALSE,FALSE
"NCBI_US","Lambda","sliding_2m","hellinger_T1",2,655,FALSE,FALSE
"NCBI_US","Lambda","sliding_2m","hellinger_T1",1,677,FALSE,FALSE
"NCBI_US","Lambda","sliding_2m","hellinger_T1",1,681,FALSE,FALSE
"NCBI_US","Lambda","sliding_2m","hellinger_T1",1,701,FALSE,FALSE
"NCBI_US","Lambda","sliding_2m","hellinger_T1",1,732,FALSE,FALSE
"NCBI_US","Lambda","sliding_2m","hellinger_T1",1,957,FALSE,FALSE
"NCBI_US","Lambda","sliding_2m","hellinger_T1",2,1027,FALSE,FALSE
"NCBI_US","Lambda","sliding_2m","hellinger_T1",2,1176,FALSE,FALSE
"NCBI_US","Lambda","sliding_2m","hellinger_Tpred",1,5,FALSE,FALSE
"NCBI_US","Lambda","sliding_2m","hellinger_Tpred",1,13,FALSE,FALSE
"NCBI_US","Lambda","sliding_2m","hellinger_Tpred",2,18,FALSE,FALSE
"NCBI_US","Lambda","sliding_2m","hellinger_Tpred",2,20,FALSE,FALSE
"NCBI_US","Lambda","sliding_2m","hellinger_Tpred",2,26,FALSE,FALSE
"NCBI_US","Lambda","sliding_2m","hellinger_Tpred",1,95,FALSE,FALSE
"NCBI_US","Lambda","sliding_2m","hellinger_Tpred",2,138,FALSE,FALSE
"NCBI_US","Lambda","sliding_2m","hellinger_Tpred",1,152,FALSE,FALSE
"NCBI_US","Lambda","sliding_2m","hellinger_Tpred",2,190,FALSE,FALSE
"NCBI_US","Lambda","sliding_2m","hellinger_Tpred",1,253,FALSE,FALSE
"NCBI_US","Lambda","sliding_2m","hellinger_Tpred",2,417,FALSE,FALSE
"NCBI_US","Lambda","sliding_2m","hellinger_Tpred",1,452,FALSE,TRUE
"NCBI_US","Lambda","sliding_2m","hellinger_Tpred",1,477,FALSE,FALSE
"NCBI_US","Lambda","sliding_2m","hellinger_Tpred",1,478,FALSE,FALSE
"NCBI_US","Lambda","sliding_2m","hellinger_Tpred",2,484,FALSE,FALSE
"NCBI_US","Lambda","sliding_2m","hellinger_Tpred",2,501,FALSE,FALSE
"NCBI_US","Lambda","sliding_2m","hellinger_Tpred",2,655,FALSE,FALSE
"NCBI_US","Lambda","sliding_2m","hellinger_Tpred",1,677,FALSE,FALSE
"NCBI_US","Lambda","sliding_2m","hellinger_Tpred",1,681,FALSE,FALSE
"NCBI_US","Lambda","sliding_2m","hellinger_Tpred",1,701,FALSE,FALSE
"NCBI_US","Lambda","sliding_2m","hellinger_Tpred",1,732,FALSE,FALSE
"NCBI_US","Lambda","sliding_2m","hellinger_Tpred",1,957,FALSE,FALSE
"NCBI_US","Lambda","sliding_2m","hellinger_Tpred",2,1027,FALSE,FALSE
"NCBI_US","Lambda","sliding_2m","hellinger_Tpred",2,1176,FALSE,FALSE
"NCBI_US","Theta","cumulative_1m","entropy",1,5,FALSE,FALSE
"NCBI_US","Theta","cumulative_1m","entropy",1,13,FALSE,FALSE
"NCBI_US","Theta","cumulative_1m","entropy",1,18,FALSE,FALSE
"NCBI_US","Theta","cumulative_1m","entropy",1,20,FALSE,FALSE
"NCBI_US","Theta","cumulative_1m","entropy",1,26,FALSE,FALSE
"NCBI_US","Theta","cumulative_1m","entropy",1,95,FALSE,FALSE
"NCBI_US","Theta","cumulative_1m","entropy",1,138,FALSE,FALSE
"NCBI_US","Theta","cumulative_1m","entropy",1,152,FALSE,FALSE
"NCBI_US","Theta","cumulative_1m","entropy",1,190,FALSE,FALSE
"NCBI_US","Theta","cumulative_1m","entropy",1,253,FALSE,FALSE
"NCBI_US","Theta","cumulative_1m","entropy",1,417,FALSE,FALSE
"NCBI_US","Theta","cumulative_1m","entropy",1,452,FALSE,FALSE
"NCBI_US","Theta","cumulative_1m","entropy",1,477,FALSE,FALSE
"NCBI_US","Theta","cumulative_1m","entropy",1,478,FALSE,FALSE
"NCBI_US","Theta","cumulative_1m","entropy",1,484,FALSE,TRUE
"NCBI_US","Theta","cumulative_1m","entropy",1,501,FALSE,TRUE
"NCBI_US","Theta","cumulative_1m","entropy",2,614,FALSE,TRUE
"NCBI_US","Theta","cumulative_1m","entropy",1,655,FALSE,FALSE
"NCBI_US","Theta","cumulative_1m","entropy",1,677,FALSE,FALSE
"NCBI_US","Theta","cumulative_1m","entropy",1,681,FALSE,TRUE
"NCBI_US","Theta","cumulative_1m","entropy",1,701,FALSE,FALSE
"NCBI_US","Theta","cumulative_1m","entropy",1,732,FALSE,FALSE
"NCBI_US","Theta","cumulative_1m","entropy",1,957,FALSE,FALSE
"NCBI_US","Theta","cumulative_1m","entropy",1,1027,FALSE,FALSE
"NCBI_US","Theta","cumulative_1m","entropy",1,1176,FALSE,FALSE
"NCBI_US","Theta","cumulative_1m","hellinger_T1",1,5,FALSE,FALSE
"NCBI_US","Theta","cumulative_1m","hellinger_T1",1,13,FALSE,FALSE
"NCBI_US","Theta","cumulative_1m","hellinger_T1",1,18,FALSE,FALSE
"NCBI_US","Theta","cumulative_1m","hellinger_T1",1,20,FALSE,FALSE
"NCBI_US","Theta","cumulative_1m","hellinger_T1",1,26,FALSE,FALSE
"NCBI_US","Theta","cumulative_1m","hellinger_T1",1,95,FALSE,FALSE
"NCBI_US","Theta","cumulative_1m","hellinger_T1",1,138,FALSE,FALSE
"NCBI_US","Theta","cumulative_1m","hellinger_T1",1,152,FALSE,FALSE
"NCBI_US","Theta","cumulative_1m","hellinger_T1",1,190,FALSE,FALSE
"NCBI_US","Theta","cumulative_1m","hellinger_T1",1,253,FALSE,FALSE
"NCBI_US","Theta","cumulative_1m","hellinger_T1",1,417,FALSE,FALSE
"NCBI_US","Theta","cumulative_1m","hellinger_T1",1,452,FALSE,FALSE
"NCBI_US","Theta","cumulative_1m","hellinger_T1",1,477,FALSE,FALSE
"NCBI_US","Theta","cumulative_1m","hellinger_T1",1,478,FALSE,FALSE
"NCBI_US","Theta","cumulative_1m","hellinger_T1",1,484,FALSE,TRUE
"NCBI_US","Theta","cumulative_1m","hellinger_T1",1,501,FALSE,TRUE
"NCBI_US","Theta","cumulative_1m","hellinger_T1",2,614,FALSE,TRUE
"NCBI_US","Theta","cumulative_1m","hellinger_T1",1,655,FALSE,FALSE
"NCBI_US","Theta","cumulative_1m","hellinger_T1",1,677,FALSE,FALSE
"NCBI_US","Theta","cumulative_1m","hellinger_T1",1,681,FALSE,TRUE
"NCBI_US","Theta","cumulative_1m","hellinger_T1",1,701,FALSE,FALSE
"NCBI_US","Theta","cumulative_1m","hellinger_T1",1,732,FALSE,FALSE
"NCBI_US","Theta","cumulative_1m","hellinger_T1",1,957,FALSE,FALSE
"NCBI_US","Theta","cumulative_1m","hellinger_T1",1,1027,FALSE,FALSE
"NCBI_US","Theta","cumulative_1m","hellinger_T1",1,1176,FALSE,FALSE
"NCBI_US","Theta","cumulative_1m","hellinger_Tpred",1,5,FALSE,FALSE
"NCBI_US","Theta","cumulative_1m","hellinger_Tpred",2,13,FALSE,FALSE
"NCBI_US","Theta","cumulative_1m","hellinger_Tpred",1,18,FALSE,FALSE
"NCBI_US","Theta","cumulative_1m","hellinger_Tpred",1,20,FALSE,FALSE
"NCBI_US","Theta","cumulative_1m","hellinger_Tpred",1,26,FALSE,FALSE
"NCBI_US","Theta","cumulative_1m","hellinger_Tpred",1,95,FALSE,FALSE
"NCBI_US","Theta","cumulative_1m","hellinger_Tpred",1,138,FALSE,FALSE
"NCBI_US","Theta","cumulative_1m","hellinger_Tpred",2,152,FALSE,FALSE
"NCBI_US","Theta","cumulative_1m","hellinger_Tpred",1,190,FALSE,FALSE
"NCBI_US","Theta","cumulative_1m","hellinger_Tpred",1,253,FALSE,FALSE
"NCBI_US","Theta","cumulative_1m","hellinger_Tpred",1,417,FALSE,FALSE
"NCBI_US","Theta","cumulative_1m","hellinger_Tpred",2,452,FALSE,FALSE
"NCBI_US","Theta","cumulative_1m","hellinger_Tpred",1,477,FALSE,FALSE
"NCBI_US","Theta","cumulative_1m","hellinger_Tpred",1,478,FALSE,FALSE
"NCBI_US","Theta","cumulative_1m","hellinger_Tpred",1,484,FALSE,TRUE
"NCBI_US","Theta","cumulative_1m","hellinger_Tpred",1,501,FALSE,TRUE
"NCBI_US","Theta","cumulative_1m","hellinger_Tpred",2,614,FALSE,TRUE
"NCBI_US","Theta","cumulative_1m","hellinger_Tpred",1,655,FALSE,FALSE
"NCBI_US","Theta","cumulative_1m","hellinger_Tpred",2,677,FALSE,FALSE
"NCBI_US","Theta","cumulative_1m","hellinger_Tpred",2,681,FALSE,TRUE
"NCBI_US","Theta","cumulative_1m","hellinger_Tpred",1,701,FALSE,FALSE
"NCBI_US","Theta","cumulative_1m","hellinger_Tpred",2,732,FALSE,FALSE
"NCBI_US","Theta","cumulative_1m","hellinger_Tpred",1,957,FALSE,FALSE
"NCBI_US","Theta","cumulative_1m","hellinger_Tpred",1,1027,FALSE,FALSE
"NCBI_US","Theta","cumulative_1m","hellinger_Tpred",1,1176,FALSE,FALSE
"NCBI_US","Theta","disjoint_2m","entropy",1,5,FALSE,FALSE
"NCBI_US","Theta","disjoint_2m","entropy",1,13,FALSE,FALSE
"NCBI_US","Theta","disjoint_2m","entropy",1,18,FALSE,FALSE
"NCBI_US","Theta","disjoint_2m","entropy",1,20,FALSE,FALSE
"NCBI_US","Theta","disjoint_2m","entropy",1,26,FALSE,FALSE
"NCBI_US","Theta","disjoint_2m","entropy",1,95,FALSE,FALSE
"NCBI_US","Theta","disjoint_2m","entropy",1,138,FALSE,FALSE
"NCBI_US","Theta","disjoint_2m","entropy",1,152,FALSE,FALSE
"NCBI_US","Theta","disjoint_2m","entropy",1,190,FALSE,FALSE
"NCBI_US","Theta","disjoint_2m","entropy",1,253,FALSE,FALSE
"NCBI_US","Theta","disjoint_2m","entropy",1,417,FALSE,FALSE
"NCBI_US","Theta","disjoint_2m","entropy",1,452,FALSE,FALSE
"NCBI_US","Theta","disjoint_2m","entropy",1,477,FALSE,FALSE
"NCBI_US","Theta","disjoint_2m","entropy",1,478,FALSE,FALSE
"NCBI_US","Theta","disjoint_2m","entropy",1,484,FALSE,TRUE
"NCBI_US","Theta","disjoint_2m","entropy",1,501,FALSE,TRUE
"NCBI_US","Theta","disjoint_2m","entropy",2,614,FALSE,TRUE
"NCBI_US","Theta","disjoint_2m","entropy",1,655,FALSE,FALSE
"NCBI_US","Theta","disjoint_2m","entropy",1,677,FALSE,FALSE
"NCBI_US","Theta","disjoint_2m","entropy",1,681,FALSE,TRUE
"NCBI_US","Theta","disjoint_2m","entropy",1,701,FALSE,FALSE
"NCBI_US","Theta","disjoint_2m","entropy",1,732,FALSE,FALSE
"NCBI_US","Theta","disjoint_2m","entropy",1,957,FALSE,FALSE
"NCBI_US","Theta","disjoint_2m","entropy",1,1027,FALSE,FALSE
"NCBI_US","Theta","disjoint_2m","entropy",1,1176,FALSE,FALSE
"NCBI_US","Theta","disjoint_2m","hellinger_T1",1,5,FALSE,FALSE
"NCBI_US","Theta","disjoint_2m","hellinger_T1",2,13,FALSE,FALSE
"NCBI_US","Theta","disjoint_2m","hellinger_T1",3,18,FALSE,FALSE
"NCBI_US","Theta","disjoint_2m","hellinger_T1",3,20,FALSE,FALSE
"NCBI_US","Theta","disjoint_2m","hellinger_T1",3,26,FALSE,FALSE
"NCBI_US","Theta","disjoint_2m","hellinger_T1",1,95,FALSE,FALSE
"NCBI_US","Theta","disjoint_2m","hellinger_T1",3,138,FALSE,FALSE
"NCBI_US","Theta","disjoint_2m","hellinger_T1",2,152,FALSE,FALSE
"NCBI_US","Theta","disjoint_2m","hellinger_T1",3,190,FALSE,FALSE
"NCBI_US","Theta","disjoint_2m","hellinger_T1",1,253,FALSE,FALSE
"NCBI_US","Theta","disjoint_2m","hellinger_T1",3,417,FALSE,FALSE
"NCBI_US","Theta","disjoint_2m","hellinger_T1",4,452,FALSE,FALSE
"NCBI_US","Theta","disjoint_2m","hellinger_T1",5,477,FALSE,FALSE
"NCBI_US","Theta","disjoint_2m","hellinger_T1",5,478,FALSE,FALSE
"NCBI_US","Theta","disjoint_2m","hellinger_T1",3,484,FALSE,TRUE
"NCBI_US","Theta","disjoint_2m","hellinger_T1",3,501,FALSE,TRUE
"NCBI_US","Theta","disjoint_2m","hellinger_T1",6,614,FALSE,TRUE
"NCBI_US","Theta","disjoint_2m","hellinger_T1",3,655,FALSE,FALSE
"NCBI_US","Theta","disjoint_2m","hellinger_T1",2,677,FALSE,FALSE
"NCBI_US","Theta","disjoint_2m","hellinger_T1",4,681,FALSE,TRUE
"NCBI_US","Theta","disjoint_2m","hellinger_T1",1,701,FALSE,FALSE
"NCBI_US","Theta","disjoint_2m","hellinger_T1",2,732,FALSE,FALSE
"NCBI_US","Theta","disjoint_2m","hellinger_T1",5,957,FALSE,FALSE
"NCBI_US","Theta","disjoint_2m","hellinger_T1",3,1027,FALSE,FALSE
"NCBI_US","Theta","disjoint_2m","hellinger_T1",3,1176,FALSE,FALSE
"NCBI_US","Theta","disjoint_2m","hellinger_Tpred",1,5,FALSE,FALSE
"NCBI_US","Theta","disjoint_2m","hellinger_Tpred",2,13,FALSE,FALSE
"NCBI_US","Theta","disjoint_2m","hellinger_Tpred",3,18,FALSE,FALSE
"NCBI_US","Theta","disjoint_2m","hellinger_Tpred",3,20,FALSE,FALSE
"NCBI_US","Theta","disjoint_2m","hellinger_Tpred",3,26,FALSE,FALSE
"NCBI_US","Theta","disjoint_2m","hellinger_Tpred",1,95,FALSE,FALSE
"NCBI_US","Theta","disjoint_2m","hellinger_Tpred",3,138,FALSE,FALSE
"NCBI_US","Theta","disjoint_2m","hellinger_Tpred",2,152,FALSE,FALSE
"NCBI_US","Theta","disjoint_2m","hellinger_Tpred",3,190,FALSE,FALSE
"NCBI_US","Theta","disjoint_2m","hellinger_Tpred",1,253,FALSE,FALSE
"NCBI_US","Theta","disjoint_2m","hellinger_Tpred",3,417,FALSE,FALSE
"NCBI_US","Theta","disjoint_2m","hellinger_Tpred",2,452,FALSE,FALSE
"NCBI_US","Theta","disjoint_2m","hellinger_Tpred",1,477,FALSE,FALSE
"NCBI_US","Theta","disjoint_2m","hellinger_Tpred",1,478,FALSE,FALSE
"NCBI_US","Theta","disjoint_2m","hellinger_Tpred",3,484,FALSE,TRUE
"NCBI_US","Theta","disjoint_2m","hellinger_Tpred",3,501,FALSE,TRUE
"NCBI_US","Theta","disjoint_2m","hellinger_Tpred",2,614,FALSE,TRUE
"NCBI_US","Theta","disjoint_2m","hellinger_Tpred",3,655,FALSE,FALSE
"NCBI_US","Theta","disjoint_2m","hellinger_Tpred",2,677,FALSE,FALSE
"NCBI_US","Theta","disjoint_2m","hellinger_Tpred",2,681,FALSE,TRUE
"NCBI_US","Theta","disjoint_2m","hellinger_Tpred",1,701,FALSE,FALSE
"NCBI_US","Theta","disjoint_2m","hellinger_Tpred",2,732,FALSE,FALSE
"NCBI_US","Theta","disjoint_2m","hellinger_Tpred",1,957,FALSE,FALSE
"NCBI_US","Theta","disjoint_2m","hellinger_Tpred",3,1027,FALSE,FALSE
"NCBI_US","Theta","disjoint_2m","hellinger_Tpred",3,1176,FALSE,FALSE
"NCBI_US","Theta","sliding_2m","entropy",1,5,FALSE,FALSE
"NCBI_US","Theta","sliding_2m","entropy",2,13,FALSE,FALSE
"NCBI_US","Theta","sliding_2m","entropy",3,18,FALSE,FALSE
"NCBI_US","Theta","sliding_2m","entropy",3,20,FALSE,FALSE
"NCBI_US","Theta","sliding_2m","entropy",3,26,FALSE,FALSE
"NCBI_US","Theta","sliding_2m","entropy",1,95,FALSE,FALSE
"NCBI_US","Theta","sliding_2m","entropy",3,138,FALSE,FALSE
"NCBI_US","Theta","sliding_2m","entropy",2,152,FALSE,FALSE
"NCBI_US","Theta","sliding_2m","entropy",3,190,FALSE,FALSE
"NCBI_US","Theta","sliding_2m","entropy",1,253,FALSE,FALSE
"NCBI_US","Theta","sliding_2m","entropy",3,417,FALSE,FALSE
"NCBI_US","Theta","sliding_2m","entropy",4,452,FALSE,FALSE
"NCBI_US","Theta","sliding_2m","entropy",5,477,FALSE,FALSE
"NCBI_US","Theta","sliding_2m","entropy",5,478,FALSE,FALSE
"NCBI_US","Theta","sliding_2m","entropy",1,484,FALSE,TRUE
"NCBI_US","Theta","sliding_2m","entropy",3,501,FALSE,TRUE
"NCBI_US","Theta","sliding_2m","entropy",6,614,FALSE,TRUE
"NCBI_US","Theta","sliding_2m","entropy",3,655,FALSE,FALSE
"NCBI_US","Theta","sliding_2m","entropy",2,677,FALSE,FALSE
"NCBI_US","Theta","sliding_2m","entropy",4,681,FALSE,TRUE
"NCBI_US","Theta","sliding_2m","entropy",1,701,FALSE,FALSE
"NCBI_US","Theta","sliding_2m","entropy",2,732,FALSE,FALSE
"NCBI_US","Theta","sliding_2m","entropy",5,957,FALSE,FALSE
"NCBI_US","Theta","sliding_2m","entropy",3,1027,FALSE,FALSE
"NCBI_US","Theta","sliding_2m","entropy",3,1176,FALSE,FALSE
"NCBI_US","Theta","sliding_2m","hellinger_T1",1,5,FALSE,FALSE
"NCBI_US","Theta","sliding_2m","hellinger_T1",1,13,FALSE,FALSE
"NCBI_US","Theta","sliding_2m","hellinger_T1",2,18,FALSE,FALSE
"NCBI_US","Theta","sliding_2m","hellinger_T1",2,20,FALSE,FALSE
"NCBI_US","Theta","sliding_2m","hellinger_T1",2,26,FALSE,FALSE
"NCBI_US","Theta","sliding_2m","hellinger_T1",1,95,FALSE,FALSE
"NCBI_US","Theta","sliding_2m","hellinger_T1",2,138,FALSE,FALSE
"NCBI_US","Theta","sliding_2m","hellinger_T1",1,152,FALSE,FALSE
"NCBI_US","Theta","sliding_2m","hellinger_T1",2,190,FALSE,FALSE
"NCBI_US","Theta","sliding_2m","hellinger_T1",1,253,FALSE,FALSE
"NCBI_US","Theta","sliding_2m","hellinger_T1",2,417,FALSE,FALSE
"NCBI_US","Theta","sliding_2m","hellinger_T1",1,452,FALSE,FALSE
"NCBI_US","Theta","sliding_2m","hellinger_T1",1,477,FALSE,FALSE
"NCBI_US","Theta","sliding_2m","hellinger_T1",1,478,FALSE,FALSE
"NCBI_US","Theta","sliding_2m","hellinger_T1",2,484,FALSE,TRUE
"NCBI_US","Theta","sliding_2m","hellinger_T1",2,501,FALSE,TRUE
"NCBI_US","Theta","sliding_2m","hellinger_T1",3,614,FALSE,TRUE
"NCBI_US","Theta","sliding_2m","hellinger_T1",2,655,FALSE,FALSE
"NCBI_US","Theta","sliding_2m","hellinger_T1",1,677,FALSE,FALSE
"NCBI_US","Theta","sliding_2m","hellinger_T1",1,681,FALSE,TRUE
"NCBI_US","Theta","sliding_2m","hellinger_T1",1,701,FALSE,FALSE
"NCBI_US","Theta","sliding_2m","hellinger_T1",1,732,FALSE,FALSE
"NCBI_US","Theta","sliding_2m","hellinger_T1",1,957,FALSE,FALSE
"NCBI_US","Theta","sliding_2m","hellinger_T1",2,1027,FALSE,FALSE
"NCBI_US","Theta","sliding_2m","hellinger_T1",2,1176,FALSE,FALSE
"NCBI_US","Theta","sliding_2m","hellinger_Tpred",1,5,FALSE,FALSE
"NCBI_US","Theta","sliding_2m","hellinger_Tpred",2,13,FALSE,FALSE
"NCBI_US","Theta","sliding_2m","hellinger_Tpred",3,18,FALSE,FALSE
"NCBI_US","Theta","sliding_2m","hellinger_Tpred",3,20,FALSE,FALSE
"NCBI_US","Theta","sliding_2m","hellinger_Tpred",3,26,FALSE,FALSE
"NCBI_US","Theta","sliding_2m","hellinger_Tpred",1,95,FALSE,FALSE
"NCBI_US","Theta","sliding_2m","hellinger_Tpred",3,138,FALSE,FALSE
"NCBI_US","Theta","sliding_2m","hellinger_Tpred",2,152,FALSE,FALSE
"NCBI_US","Theta","sliding_2m","hellinger_Tpred",3,190,FALSE,FALSE
"NCBI_US","Theta","sliding_2m","hellinger_Tpred",1,253,FALSE,FALSE
"NCBI_US","Theta","sliding_2m","hellinger_Tpred",3,417,FALSE,FALSE
"NCBI_US","Theta","sliding_2m","hellinger_Tpred",2,452,FALSE,FALSE
"NCBI_US","Theta","sliding_2m","hellinger_Tpred",1,477,FALSE,FALSE
"NCBI_US","Theta","sliding_2m","hellinger_Tpred",1,478,FALSE,FALSE
"NCBI_US","Theta","sliding_2m","hellinger_Tpred",3,484,FALSE,TRUE
"NCBI_US","Theta","sliding_2m","hellinger_Tpred",3,501,FALSE,TRUE
"NCBI_US","Theta","sliding_2m","hellinger_Tpred",2,614,FALSE,TRUE
"NCBI_US","Theta","sliding_2m","hellinger_Tpred",3,655,FALSE,FALSE
"NCBI_US","Theta","sliding_2m","hellinger_Tpred",2,677,FALSE,FALSE
"NCBI_US","Theta","sliding_2m","hellinger_Tpred",2,681,FALSE,TRUE
"NCBI_US","Theta","sliding_2m","hellinger_Tpred",1,701,FALSE,FALSE
"NCBI_US","Theta","sliding_2m","hellinger_Tpred",2,732,FALSE,FALSE
"NCBI_US","Theta","sliding_2m","hellinger_Tpred",1,957,FALSE,FALSE
"NCBI_US","Theta","sliding_2m","hellinger_Tpred",3,1027,FALSE,FALSE
"NCBI_US","Theta","sliding_2m","hellinger_Tpred",3,1176,FALSE,FALSE
"NCBI_US","Zeta","disjoint_2m","entropy",1,5,FALSE,FALSE
"NCBI_US","Zeta","disjoint_2m","entropy",1,13,FALSE,FALSE
"NCBI_US","Zeta","disjoint_2m","entropy",1,18,FALSE,FALSE
"NCBI_US","Zeta","disjoint_2m","entropy",1,20,FALSE,FALSE
"NCBI_US","Zeta","disjoint_2m","entropy",1,26,FALSE,FALSE
"NCBI_US","Zeta","disjoint_2m","entropy",1,95,FALSE,FALSE
"NCBI_US","Zeta","disjoint_2m","entropy",1,138,FALSE,FALSE
"NCBI_US","Zeta","disjoint_2m","entropy",1,152,FALSE,FALSE
"NCBI_US","Zeta","disjoint_2m","entropy",1,190,FALSE,FALSE
"NCBI_US","Zeta","disjoint_2m","entropy",1,253,FALSE,FALSE
"NCBI_US","Zeta","disjoint_2m","entropy",1,417,FALSE,FALSE
"NCBI_US","Zeta","disjoint_2m","entropy",1,452,FALSE,FALSE
"NCBI_US","Zeta","disjoint_2m","entropy",1,477,FALSE,FALSE
"NCBI_US","Zeta","disjoint_2m","entropy",1,478,FALSE,FALSE
"NCBI_US","Zeta","disjoint_2m","entropy",1,484,FALSE,TRUE
"NCBI_US","Zeta","disjoint_2m","entropy",1,501,FALSE,FALSE
"NCBI_US","Zeta","disjoint_2m","entropy",2,614,FALSE,TRUE
"NCBI_US","Zeta","disjoint_2m","entropy",1,655,FALSE,FALSE
"NCBI_US","Zeta","disjoint_2m","entropy",1,677,FALSE,FALSE
"NCBI_US","Zeta","disjoint_2m","entropy",1,681,FALSE,FALSE
"NCBI_US","Zeta","disjoint_2m","entropy",1,701,FALSE,FALSE
"NCBI_US","Zeta","disjoint_2m","entropy",1,732,FALSE,FALSE
"NCBI_US","Zeta","disjoint_2m","entropy",1,957,FALSE,FALSE
"NCBI_US","Zeta","disjoint_2m","entropy",1,1027,FALSE,FALSE
"NCBI_US","Zeta","disjoint_2m","entropy",1,1176,FALSE,FALSE
"NCBI_US","Zeta","disjoint_2m","hellinger_T1",1,5,FALSE,FALSE
"NCBI_US","Zeta","disjoint_2m","hellinger_T1",1,13,FALSE,FALSE
"NCBI_US","Zeta","disjoint_2m","hellinger_T1",1,18,FALSE,FALSE
"NCBI_US","Zeta","disjoint_2m","hellinger_T1",1,20,FALSE,FALSE
"NCBI_US","Zeta","disjoint_2m","hellinger_T1",1,26,FALSE,FALSE
"NCBI_US","Zeta","disjoint_2m","hellinger_T1",1,95,FALSE,FALSE
"NCBI_US","Zeta","disjoint_2m","hellinger_T1",1,138,FALSE,FALSE
"NCBI_US","Zeta","disjoint_2m","hellinger_T1",1,152,FALSE,FALSE
"NCBI_US","Zeta","disjoint_2m","hellinger_T1",1,190,FALSE,FALSE
"NCBI_US","Zeta","disjoint_2m","hellinger_T1",1,253,FALSE,FALSE
"NCBI_US","Zeta","disjoint_2m","hellinger_T1",1,417,FALSE,FALSE
"NCBI_US","Zeta","disjoint_2m","hellinger_T1",1,452,FALSE,FALSE
"NCBI_US","Zeta","disjoint_2m","hellinger_T1",1,477,FALSE,FALSE
"NCBI_US","Zeta","disjoint_2m","hellinger_T1",1,478,FALSE,FALSE
"NCBI_US","Zeta","disjoint_2m","hellinger_T1",1,484,FALSE,TRUE
"NCBI_US","Zeta","disjoint_2m","hellinger_T1",1,501,FALSE,FALSE
"NCBI_US","Zeta","disjoint_2m","hellinger_T1",2,614,FALSE,TRUE
"NCBI_US","Zeta","disjoint_2m","hellinger_T1",1,655,FALSE,FALSE
"NCBI_US","Zeta","disjoint_2m","hellinger_T1",1,677,FALSE,FALSE
"NCBI_US","Zeta","disjoint_2m","hellinger_T1",1,681,FALSE,FALSE
"NCBI_US","Zeta","disjoint_2m","hellinger_T1",1,701,FALSE,FALSE
"NCBI_US","Zeta","disjoint_2m","hellinger_T1",1,732,FALSE,FALSE
"NCBI_US","Zeta","disjoint_2m","hellinger_T1",1,957,FALSE,FALSE
"NCBI_US","Zeta","disjoint_2m","hellinger_T1",1,1027,FALSE,FALSE
"NCBI_US","Zeta","disjoint_2m","hellinger_T1",1,1176,FALSE,FALSE
"NCBI_US","Zeta","disjoint_2m","hellinger_Tpred",1,5,FALSE,FALSE
"NCBI_US","Zeta","disjoint_2m","hellinger_Tpred",1,13,FALSE,FALSE
"NCBI_US","Zeta","disjoint_2m","hellinger_Tpred",1,18,FALSE,FALSE
"NCBI_US","Zeta","disjoint_2m","hellinger_Tpred",1,20,FALSE,FALSE
"NCBI_US","Zeta","disjoint_2m","hellinger_Tpred",1,26,FALSE,FALSE
"NCBI_US","Zeta","disjoint_2m","hellinger_Tpred",1,95,FALSE,FALSE
"NCBI_US","Zeta","disjoint_2m","hellinger_Tpred",1,138,FALSE,FALSE
"NCBI_US","Zeta","disjoint_2m","hellinger_Tpred",1,152,FALSE,FALSE
"NCBI_US","Zeta","disjoint_2m","hellinger_Tpred",1,190,FALSE,FALSE
"NCBI_US","Zeta","disjoint_2m","hellinger_Tpred",1,253,FALSE,FALSE
"NCBI_US","Zeta","disjoint_2m","hellinger_Tpred",1,417,FALSE,FALSE
"NCBI_US","Zeta","disjoint_2m","hellinger_Tpred",1,452,FALSE,FALSE
"NCBI_US","Zeta","disjoint_2m","hellinger_Tpred",1,477,FALSE,FALSE
"NCBI_US","Zeta","disjoint_2m","hellinger_Tpred",1,478,FALSE,FALSE
"NCBI_US","Zeta","disjoint_2m","hellinger_Tpred",1,484,FALSE,TRUE
"NCBI_US","Zeta","disjoint_2m","hellinger_Tpred",1,501,FALSE,FALSE
"NCBI_US","Zeta","disjoint_2m","hellinger_Tpred",2,614,FALSE,TRUE
"NCBI_US","Zeta","disjoint_2m","hellinger_Tpred",1,655,FALSE,FALSE
"NCBI_US","Zeta","disjoint_2m","hellinger_Tpred",1,677,FALSE,FALSE
"NCBI_US","Zeta","disjoint_2m","hellinger_Tpred",1,681,FALSE,FALSE
"NCBI_US","Zeta","disjoint_2m","hellinger_Tpred",1,701,FALSE,FALSE
"NCBI_US","Zeta","disjoint_2m","hellinger_Tpred",1,732,FALSE,FALSE
"NCBI_US","Zeta","disjoint_2m","hellinger_Tpred",1,957,FALSE,FALSE
"NCBI_US","Zeta","disjoint_2m","hellinger_Tpred",1,1027,FALSE,FALSE
"NCBI_US","Zeta","disjoint_2m","hellinger_Tpred",1,1176,FALSE,FALSE
"NCBI_US","Zeta","sliding_2m","entropy",1,5,FALSE,FALSE
"NCBI_US","Zeta","sliding_2m","entropy",1,13,FALSE,FALSE
"NCBI_US","Zeta","sliding_2m","entropy",1,18,FALSE,FALSE
"NCBI_US","Zeta","sliding_2m","entropy",1,20,FALSE,FALSE
"NCBI_US","Zeta","sliding_2m","entropy",1,26,FALSE,FALSE
"NCBI_US","Zeta","sliding_2m","entropy",1,95,FALSE,FALSE
"NCBI_US","Zeta","sliding_2m","entropy",1,138,FALSE,FALSE
"NCBI_US","Zeta","sliding_2m","entropy",1,152,FALSE,FALSE
"NCBI_US","Zeta","sliding_2m","entropy",1,190,FALSE,FALSE
"NCBI_US","Zeta","sliding_2m","entropy",1,253,FALSE,FALSE
"NCBI_US","Zeta","sliding_2m","entropy",1,417,FALSE,FALSE
"NCBI_US","Zeta","sliding_2m","entropy",1,452,FALSE,FALSE
"NCBI_US","Zeta","sliding_2m","entropy",1,477,FALSE,FALSE
"NCBI_US","Zeta","sliding_2m","entropy",1,478,FALSE,FALSE
"NCBI_US","Zeta","sliding_2m","entropy",1,484,FALSE,TRUE
"NCBI_US","Zeta","sliding_2m","entropy",1,501,FALSE,FALSE
"NCBI_US","Zeta","sliding_2m","entropy",2,614,FALSE,TRUE
"NCBI_US","Zeta","sliding_2m","entropy",1,655,FALSE,FALSE
"NCBI_US","Zeta","sliding_2m","entropy",1,677,FALSE,FALSE
"NCBI_US","Zeta","sliding_2m","entropy",1,681,FALSE,FALSE
"NCBI_US","Zeta","sliding_2m","entropy",1,701,FALSE,FALSE
"NCBI_US","Zeta","sliding_2m","entropy",1,732,FALSE,FALSE
"NCBI_US","Zeta","sliding_2m","entropy",1,957,FALSE,FALSE
"NCBI_US","Zeta","sliding_2m","entropy",1,1027,FALSE,FALSE
"NCBI_US","Zeta","sliding_2m","entropy",1,1176,FALSE,FALSE
"NCBI_US","Zeta","sliding_2m","hellinger_T1",1,5,FALSE,FALSE
"NCBI_US","Zeta","sliding_2m","hellinger_T1",1,13,FALSE,FALSE
"NCBI_US","Zeta","sliding_2m","hellinger_T1",1,18,FALSE,FALSE
"NCBI_US","Zeta","sliding_2m","hellinger_T1",1,20,FALSE,FALSE
"NCBI_US","Zeta","sliding_2m","hellinger_T1",1,26,FALSE,FALSE
"NCBI_US","Zeta","sliding_2m","hellinger_T1",1,95,FALSE,FALSE
"NCBI_US","Zeta","sliding_2m","hellinger_T1",1,138,FALSE,FALSE
"NCBI_US","Zeta","sliding_2m","hellinger_T1",1,152,FALSE,FALSE
"NCBI_US","Zeta","sliding_2m","hellinger_T1",1,190,FALSE,FALSE
"NCBI_US","Zeta","sliding_2m","hellinger_T1",1,253,FALSE,FALSE
"NCBI_US","Zeta","sliding_2m","hellinger_T1",1,417,FALSE,FALSE
"NCBI_US","Zeta","sliding_2m","hellinger_T1",1,452,FALSE,FALSE
"NCBI_US","Zeta","sliding_2m","hellinger_T1",1,477,FALSE,FALSE
"NCBI_US","Zeta","sliding_2m","hellinger_T1",1,478,FALSE,FALSE
"NCBI_US","Zeta","sliding_2m","hellinger_T1",1,484,FALSE,TRUE
"NCBI_US","Zeta","sliding_2m","hellinger_T1",1,501,FALSE,FALSE
"NCBI_US","Zeta","sliding_2m","hellinger_T1",2,614,FALSE,TRUE
"NCBI_US","Zeta","sliding_2m","hellinger_T1",1,655,FALSE,FALSE
"NCBI_US","Zeta","sliding_2m","hellinger_T1",1,677,FALSE,FALSE
"NCBI_US","Zeta","sliding_2m","hellinger_T1",1,681,FALSE,FALSE
"NCBI_US","Zeta","sliding_2m","hellinger_T1",1,701,FALSE,FALSE
"NCBI_US","Zeta","sliding_2m","hellinger_T1",1,732,FALSE,FALSE
"NCBI_US","Zeta","sliding_2m","hellinger_T1",1,957,FALSE,FALSE
"NCBI_US","Zeta","sliding_2m","hellinger_T1",1,1027,FALSE,FALSE
"NCBI_US","Zeta","sliding_2m","hellinger_T1",1,1176,FALSE,FALSE
"NCBI_US","Zeta","sliding_2m","hellinger_Tpred",1,5,FALSE,FALSE
"NCBI_US","Zeta","sliding_2m","hellinger_Tpred",1,13,FALSE,FALSE
"NCBI_US","Zeta","sliding_2m","hellinger_Tpred",1,18,FALSE,FALSE
"NCBI_US","Zeta","sliding_2m","hellinger_Tpred",1,20,FALSE,FALSE
"NCBI_US","Zeta","sliding_2m","hellinger_Tpred",1,26,FALSE,FALSE
"NCBI_US","Zeta","sliding_2m","hellinger_Tpred",1,95,FALSE,FALSE
"NCBI_US","Zeta","sliding_2m","hellinger_Tpred",1,138,FALSE,FALSE
"NCBI_US","Zeta","sliding_2m","hellinger_Tpred",1,152,FALSE,FALSE
"NCBI_US","Zeta","sliding_2m","hellinger_Tpred",1,190,FALSE,FALSE
"NCBI_US","Zeta","sliding_2m","hellinger_Tpred",1,253,FALSE,FALSE
"NCBI_US","Zeta","sliding_2m","hellinger_Tpred",1,417,FALSE,FALSE
"NCBI_US","Zeta","sliding_2m","hellinger_Tpred",1,452,FALSE,FALSE
"NCBI_US","Zeta","sliding_2m","hellinger_Tpred",1,477,FALSE,FALSE
"NCBI_US","Zeta","sliding_2m","hellinger_Tpred",1,478,FALSE,FALSE
"NCBI_US","Zeta","sliding_2m","hellinger_Tpred",1,484,FALSE,TRUE
"NCBI_US","Zeta","sliding_2m","hellinger_Tpred",1,501,FALSE,FALSE
"NCBI_US","Zeta","sliding_2m","hellinger_Tpred",2,614,FALSE,TRUE
"NCBI_US","Zeta","sliding_2m","hellinger_Tpred",1,655,FALSE,FALSE
"NCBI_US","Zeta","sliding_2m","hellinger_Tpred",1,677,FALSE,FALSE
"NCBI_US","Zeta","sliding_2m","hellinger_Tpred",1,681,FALSE,FALSE
"NCBI_US","Zeta","sliding_2m","hellinger_Tpred",1,701,FALSE,FALSE
"NCBI_US","Zeta","sliding_2m","hellinger_Tpred",1,732,FALSE,FALSE
"NCBI_US","Zeta","sliding_2m","hellinger_Tpred",1,957,FALSE,FALSE
"NCBI_US","Zeta","sliding_2m","hellinger_Tpred",1,1027,FALSE,FALSE
"NCBI_US","Zeta","sliding_2m","hellinger_Tpred",1,1176,FALSE,FALSE
