"dataset","variant","strategy","metric","frame_idx","centre_bin","fitting_start_bin","fitting_end_bin","gmm_status","gmm_G","gmm_n_sequences","fit_status","n_class1_sites","n_clusters","silhouette_mean","structurally_null","n_snp_in_class1","n_mut_in_class1","converged_snp","converged_mut","converged_class1","qualifying_cluster_snp","qualifying_cluster_mut","qualifying_cluster_class1","anchor_idx","n_oversized_clusters"
"GISAID_US","Alpha","disjoint_2m","entropy",1,3,1,5,"ok",6,3355,"ok",81,5,0.525284635682244,FALSE,3,9,TRUE,FALSE,FALSE,4,NA,NA,NA,1
"GISAID_US","Alpha","disjoint_2m","entropy",2,4,2,6,"ok",12,8330,"ok",10,2,0.351752008502456,FALSE,1,2,TRUE,TRUE,FALSE,1,1,NA,NA,0
"GISAID_US","Alpha","disjoint_2m","entropy",3,5,3,7,"ok",9,15736,"ok",31,2,0.371401314961416,FALSE,6,12,TRUE,FALSE,FALSE,1,NA,NA,NA,0
"GISAID_US","Alpha","disjoint_2m","entropy",4,6,4,8,"ok",9,23514,"ok",40,3,0.432390049189773,FALSE,6,12,TRUE,FALSE,FALSE,2,NA,NA,NA,0
"GISAID_US","Alpha","disjoint_2m","entropy",5,7,5,9,"ok",9,29804,"ok",41,3,0.42029752074484,FALSE,6,11,TRUE,FALSE,FALSE,3,NA,NA,NA,0
"GISAID_US","Alpha","disjoint_2m","entropy",6,8,6,10,"ok",10,44933,"ok",43,5,0.416715301487559,FALSE,6,11,TRUE,FALSE,FALSE,1,NA,NA,NA,0
"GISAID_US","Alpha","disjoint_2m","hellinger_T1",1,3,1,5,"ok",6,3355,"ok",81,2,0.731683184444934,FALSE,3,9,TRUE,TRUE,TRUE,2,2,2,1,1
"GISAID_US","Alpha","disjoint_2m","hellinger_T1",2,4,2,6,"ok",12,8330,"ok",10,2,0.752371612448079,FALSE,1,2,TRUE,TRUE,FALSE,2,2,NA,1,0
"GISAID_US","Alpha","disjoint_2m","hellinger_T1",3,5,3,7,"ok",9,15736,"ok",31,2,0.632133296790968,FALSE,6,12,FALSE,FALSE,FALSE,NA,NA,NA,1,0
"GISAID_US","Alpha","disjoint_2m","hellinger_T1",4,6,4,8,"ok",9,23514,"ok",40,2,0.655702141519645,FALSE,6,12,TRUE,TRUE,TRUE,2,2,2,1,1
"GISAID_US","Alpha","disjoint_2m","hellinger_T1",5,7,5,9,"ok",9,29804,"ok",41,2,0.654409795977241,FALSE,6,11,FALSE,FALSE,FALSE,NA,NA,NA,1,0
"GISAID_US","Alpha","disjoint_2m","hellinger_T1",6,8,6,10,"ok",10,44933,"ok",43,2,0.635799606630825,FALSE,6,11,TRUE,TRUE,TRUE,2,2,2,1,1
"GISAID_US","Alpha","disjoint_2m","hellinger_Tpred",1,3,1,5,"ok",6,3355,"ok",81,2,0.675266133837357,FALSE,3,9,TRUE,TRUE,TRUE,2,2,2,2,1
"GISAID_US","Alpha","disjoint_2m","hellinger_Tpred",2,4,2,6,"ok",12,8330,"ok",10,2,0.749859494525002,FALSE,1,2,TRUE,TRUE,FALSE,2,2,NA,2,0
"GISAID_US","Alpha","disjoint_2m","hellinger_Tpred",3,5,3,7,"ok",9,15736,"ok",31,2,0.628521592185819,FALSE,6,12,FALSE,FALSE,FALSE,NA,NA,NA,2,0
"GISAID_US","Alpha","disjoint_2m","hellinger_Tpred",4,6,4,8,"ok",9,23514,"ok",40,2,0.655330976134566,FALSE,6,12,TRUE,TRUE,TRUE,2,2,2,2,1
"GISAID_US","Alpha","disjoint_2m","hellinger_Tpred",5,7,5,9,"ok",9,29804,"ok",41,2,0.655385625142705,FALSE,6,11,FALSE,FALSE,FALSE,NA,NA,NA,2,0
"GISAID_US","Alpha","disjoint_2m","hellinger_Tpred",6,8,6,10,"ok",10,44933,"ok",43,2,0.639322775920541,FALSE,6,11,TRUE,TRUE,TRUE,2,2,2,2,1
"GISAID_US","Alpha","sliding_2m","entropy",1,3,1,5,"ok",3,2174,"ok",94,2,0.603876566113031,FALSE,3,8,TRUE,TRUE,TRUE,1,1,1,NA,1
"GISAID_US","Alpha","sliding_2m","entropy",2,4,2,6,"ok",12,2794,"ok",4,2,0.240904754308196,TRUE,0,1,FALSE,FALSE,FALSE,NA,NA,NA,NA,0
"GISAID_US","Alpha","sliding_2m","entropy",3,5,3,7,"ok",2,3001,"ok",292,2,0.759522831432716,FALSE,5,13,TRUE,TRUE,TRUE,1,1,1,NA,1
"GISAID_US","Alpha","sliding_2m","entropy",4,6,4,8,"ok",2,3309,"ok",279,2,0.748568335707847,FALSE,5,13,TRUE,TRUE,TRUE,1,1,1,NA,1
"GISAID_US","Alpha","sliding_2m","entropy",5,7,5,9,"ok",3,4283,"ok",102,2,0.598114185926302,FALSE,3,10,TRUE,TRUE,TRUE,1,1,1,NA,1
"GISAID_US","Alpha","sliding_2m","entropy",6,8,6,10,"ok",4,6245,"ok",112,2,0.645649849866846,FALSE,4,11,TRUE,TRUE,TRUE,1,1,1,NA,1
"GISAID_US","Alpha","sliding_2m","entropy",7,9,7,11,"ok",3,10600,"ok",144,2,0.666807727998952,FALSE,6,13,TRUE,TRUE,TRUE,1,1,1,NA,1
"GISAID_US","Alpha","sliding_2m","entropy",8,10,8,12,"ok",15,16800,"ok",17,2,0.406252510667427,FALSE,3,7,TRUE,TRUE,FALSE,1,1,NA,NA,0
"GISAID_US","Alpha","sliding_2m","entropy",9,11,9,13,"ok",14,23898,"ok",29,2,0.407205455341152,FALSE,6,12,TRUE,FALSE,FALSE,1,NA,NA,NA,0
"GISAID_US","Alpha","sliding_2m","entropy",10,12,10,14,"ok",6,31989,"ok",44,3,0.407980623228007,FALSE,6,12,TRUE,FALSE,FALSE,1,NA,NA,NA,0
"GISAID_US","Alpha","sliding_2m","entropy",11,13,11,15,"ok",6,37805,"ok",57,3,0.433264041653591,FALSE,6,13,TRUE,TRUE,FALSE,3,3,NA,NA,1
"GISAID_US","Alpha","sliding_2m","entropy",12,14,12,16,"ok",6,38039,"ok",56,3,0.431348679479988,FALSE,6,13,TRUE,TRUE,FALSE,3,3,NA,NA,1
"GISAID_US","Alpha","sliding_2m","entropy",13,15,13,17,"ok",5,38129,"ok",53,3,0.400991482280043,FALSE,6,13,TRUE,TRUE,FALSE,3,3,NA,NA,1
"GISAID_US","Alpha","sliding_2m","entropy",14,16,14,18,"ok",8,43262,"ok",58,2,0.403558953386793,FALSE,6,13,TRUE,TRUE,TRUE,2,2,2,NA,1
"GISAID_US","Alpha","sliding_2m","entropy",15,17,15,19,"ok",8,50300,"ok",43,6,0.404846860729581,FALSE,6,11,FALSE,FALSE,FALSE,NA,NA,NA,NA,0
"GISAID_US","Alpha","sliding_2m","hellinger_T1",1,3,1,5,"ok",3,2174,"ok",94,2,0.736912023009556,FALSE,3,8,FALSE,TRUE,TRUE,NA,2,2,1,1
"GISAID_US","Alpha","sliding_2m","hellinger_T1",2,4,2,6,"ok",12,2794,"ok",4,2,0.412164482192954,FALSE,0,1,FALSE,TRUE,FALSE,NA,2,NA,1,0
"GISAID_US","Alpha","sliding_2m","hellinger_T1",3,5,3,7,"ok",2,3001,"ok",292,2,0.79643821823486,FALSE,5,13,TRUE,TRUE,TRUE,2,2,2,1,1
"GISAID_US","Alpha","sliding_2m","hellinger_T1",4,6,4,8,"ok",2,3309,"ok",279,2,0.790125854010971,FALSE,5,13,TRUE,TRUE,TRUE,2,2,2,1,1
"GISAID_US","Alpha","sliding_2m","hellinger_T1",5,7,5,9,"ok",3,4283,"ok",102,2,0.74995244564967,FALSE,3,10,FALSE,TRUE,TRUE,NA,2,2,1,1
"GISAID_US","Alpha","sliding_2m","hellinger_T1",6,8,6,10,"ok",4,6245,"ok",112,2,0.706432419739166,FALSE,4,11,TRUE,TRUE,TRUE,2,2,2,1,1
"GISAID_US","Alpha","sliding_2m","hellinger_T1",7,9,7,11,"ok",3,10600,"ok",144,2,0.723164223355999,FALSE,6,13,TRUE,TRUE,TRUE,2,2,2,1,1
"GISAID_US","Alpha","sliding_2m","hellinger_T1",8,10,8,12,"ok",15,16800,"ok",17,2,0.590789513167152,FALSE,3,7,FALSE,FALSE,FALSE,NA,NA,NA,1,0
"GISAID_US","Alpha","sliding_2m","hellinger_T1",9,11,9,13,"ok",14,23898,"ok",29,2,0.622036691624759,FALSE,6,12,FALSE,FALSE,FALSE,NA,NA,NA,1,0
"GISAID_US","Alpha","sliding_2m","hellinger_T1",10,12,10,14,"ok",6,31989,"ok",44,2,0.61794963037245,FALSE,6,12,TRUE,TRUE,TRUE,2,2,2,1,1
"GISAID_US","Alpha","sliding_2m","hellinger_T1",11,13,11,15,"ok",6,37805,"ok",57,2,0.635597348331586,FALSE,6,13,TRUE,TRUE,TRUE,2,2,2,1,1
"GISAID_US","Alpha","sliding_2m","hellinger_T1",12,14,12,16,"ok",6,38039,"ok",56,2,0.634206566524216,FALSE,6,13,TRUE,TRUE,TRUE,2,2,2,1,1
"GISAID_US","Alpha","sliding_2m","hellinger_T1",13,15,13,17,"ok",5,38129,"ok",53,2,0.629403786152238,FALSE,6,13,TRUE,TRUE,TRUE,2,2,2,1,1
"GISAID_US","Alpha","sliding_2m","hellinger_T1",14,16,14,18,"ok",8,43262,"ok",58,2,0.622492810050716,FALSE,6,13,TRUE,TRUE,TRUE,2,2,2,1,1
"GISAID_US","Alpha","sliding_2m","hellinger_T1",15,17,15,19,"ok",8,50300,"ok",43,2,0.599411694812009,FALSE,6,11,TRUE,TRUE,TRUE,2,2,2,1,1
"GISAID_US","Alpha","sliding_2m","hellinger_Tpred",1,3,1,5,"ok",3,2174,"ok",94,2,0.738823267011104,FALSE,3,8,TRUE,TRUE,TRUE,2,2,2,2,1
"GISAID_US","Alpha","sliding_2m","hellinger_Tpred",2,4,2,6,"ok",12,2794,"ok",4,3,0.361309820914877,FALSE,0,1,FALSE,TRUE,FALSE,NA,3,NA,2,0
"GISAID_US","Alpha","sliding_2m","hellinger_Tpred",3,5,3,7,"ok",2,3001,"ok",292,2,0.822916812529924,FALSE,5,13,TRUE,TRUE,TRUE,2,2,2,2,1
"GISAID_US","Alpha","sliding_2m","hellinger_Tpred",4,6,4,8,"ok",2,3309,"ok",279,2,0.817620846756081,FALSE,5,13,TRUE,TRUE,TRUE,2,2,2,2,1
"GISAID_US","Alpha","sliding_2m","hellinger_Tpred",5,7,5,9,"ok",3,4283,"ok",102,2,0.734862282328827,FALSE,3,10,TRUE,TRUE,TRUE,2,2,2,2,1
"GISAID_US","Alpha","sliding_2m","hellinger_Tpred",6,8,6,10,"ok",4,6245,"ok",112,2,0.744608210091556,FALSE,4,11,TRUE,TRUE,TRUE,2,2,2,2,1
"GISAID_US","Alpha","sliding_2m","hellinger_Tpred",7,9,7,11,"ok",3,10600,"ok",144,2,0.765205828710742,FALSE,6,13,TRUE,TRUE,TRUE,2,2,2,2,1
"GISAID_US","Alpha","sliding_2m","hellinger_Tpred",8,10,8,12,"ok",15,16800,"ok",17,2,0.592642120706835,FALSE,3,7,FALSE,FALSE,FALSE,NA,NA,NA,2,0
"GISAID_US","Alpha","sliding_2m","hellinger_Tpred",9,11,9,13,"ok",14,23898,"ok",29,2,0.634660487564687,FALSE,6,12,FALSE,FALSE,FALSE,NA,NA,NA,2,0
"GISAID_US","Alpha","sliding_2m","hellinger_Tpred",10,12,10,14,"ok",6,31989,"ok",44,2,0.630630035535961,FALSE,6,12,TRUE,TRUE,TRUE,2,2,2,2,1
"GISAID_US","Alpha","sliding_2m","hellinger_Tpred",11,13,11,15,"ok",6,37805,"ok",57,2,0.647082621139403,FALSE,6,13,TRUE,TRUE,TRUE,2,2,2,2,1
"GISAID_US","Alpha","sliding_2m","hellinger_Tpred",12,14,12,16,"ok",6,38039,"ok",56,2,0.645686010529641,FALSE,6,13,TRUE,TRUE,TRUE,2,2,2,2,1
"GISAID_US","Alpha","sliding_2m","hellinger_Tpred",13,15,13,17,"ok",5,38129,"ok",53,2,0.64110429620718,FALSE,6,13,TRUE,TRUE,TRUE,2,2,2,2,1
"GISAID_US","Alpha","sliding_2m","hellinger_Tpred",14,16,14,18,"ok",8,43262,"ok",58,2,0.637022523387628,FALSE,6,13,TRUE,TRUE,TRUE,2,2,2,2,1
"GISAID_US","Alpha","sliding_2m","hellinger_Tpred",15,17,15,19,"ok",8,50300,"ok",43,2,0.61217749733763,FALSE,6,11,TRUE,TRUE,TRUE,2,2,2,2,1
"GISAID_US","Beta","cumulative_1m","entropy",1,3,1,5,"ok",5,3368,"ok",16,2,0.544207658064625,FALSE,0,1,FALSE,TRUE,FALSE,NA,2,NA,NA,0
"GISAID_US","Beta","cumulative_1m","entropy",2,4,2,6,"ok",2,4843,"ok",114,2,0.700592944972283,FALSE,3,6,TRUE,TRUE,TRUE,1,1,1,NA,1
"GISAID_US","Beta","cumulative_1m","entropy",3,5,3,7,"ok",4,6369,"ok",95,5,0.671202199439411,FALSE,3,6,TRUE,FALSE,FALSE,1,NA,NA,NA,1
"GISAID_US","Beta","cumulative_1m","entropy",4,6,4,8,"ok",4,8152,"ok",17,2,0.566110295359666,FALSE,0,1,FALSE,TRUE,FALSE,NA,1,NA,NA,0
"GISAID_US","Beta","cumulative_1m","entropy",5,7,5,9,"ok",4,10652,"ok",68,5,0.628455335227667,FALSE,3,4,TRUE,FALSE,FALSE,1,NA,NA,NA,1
"GISAID_US","Beta","cumulative_1m","entropy",6,8,6,10,"ok",4,14397,"ok",87,3,0.6488464340947,FALSE,3,6,TRUE,FALSE,FALSE,1,NA,NA,NA,1
"GISAID_US","Beta","cumulative_1m","entropy",7,9,7,11,"ok",4,21252,"ok",13,3,0.468495796876808,FALSE,0,1,FALSE,TRUE,FALSE,NA,3,NA,NA,0
"GISAID_US","Beta","cumulative_1m","entropy",8,10,8,12,"ok",6,31197,"ok",20,3,0.41686368908083,FALSE,2,3,FALSE,FALSE,FALSE,NA,NA,NA,NA,0
"GISAID_US","Beta","cumulative_1m","entropy",9,11,9,13,"ok",6,45150,"ok",28,5,0.445419867282766,FALSE,4,5,FALSE,FALSE,FALSE,NA,NA,NA,NA,0
"GISAID_US","Beta","cumulative_1m","entropy",10,12,10,14,"ok",6,63186,"ok",33,3,0.457071684838506,FALSE,4,5,FALSE,FALSE,FALSE,NA,NA,NA,NA,0
"GISAID_US","Beta","cumulative_1m","entropy",11,13,11,15,"ok",8,82955,"ok",33,4,0.500022836592888,FALSE,4,4,FALSE,FALSE,FALSE,NA,NA,NA,NA,0
"GISAID_US","Beta","cumulative_1m","entropy",12,14,12,16,"ok",9,101225,"ok",19,2,0.463830758173919,FALSE,2,2,TRUE,TRUE,FALSE,1,1,NA,NA,0
"GISAID_US","Beta","cumulative_1m","entropy",13,15,13,17,"ok",6,121084,"ok",50,2,0.481055314488762,FALSE,6,6,FALSE,FALSE,TRUE,NA,NA,2,NA,1
"GISAID_US","Beta","cumulative_1m","entropy",14,16,14,18,"ok",7,144487,"ok",48,2,0.475305912175751,FALSE,6,6,FALSE,FALSE,TRUE,NA,NA,2,NA,1
"GISAID_US","Beta","cumulative_1m","entropy",15,17,15,19,"ok",7,171384,"ok",43,2,0.462071555113171,FALSE,5,5,FALSE,FALSE,TRUE,NA,NA,2,NA,1
"GISAID_US","Beta","cumulative_1m","entropy",16,18,16,20,"ok",7,202418,"ok",43,2,0.458946403750323,FALSE,5,5,FALSE,FALSE,TRUE,NA,NA,2,NA,1
"GISAID_US","Beta","cumulative_1m","hellinger_T1",1,3,1,5,"ok",5,3368,"ok",16,2,0.726637909415774,FALSE,0,1,FALSE,TRUE,FALSE,NA,2,NA,1,0
"GISAID_US","Beta","cumulative_1m","hellinger_T1",2,4,2,6,"ok",2,4843,"ok",114,2,0.780099112021438,FALSE,3,6,FALSE,TRUE,TRUE,NA,2,2,1,1
"GISAID_US","Beta","cumulative_1m","hellinger_T1",3,5,3,7,"ok",4,6369,"ok",95,2,0.756277022651861,FALSE,3,6,FALSE,TRUE,TRUE,NA,2,2,1,1
"GISAID_US","Beta","cumulative_1m","hellinger_T1",4,6,4,8,"ok",4,8152,"ok",17,2,0.676775821240588,FALSE,0,1,FALSE,TRUE,FALSE,NA,2,NA,1,0
"GISAID_US","Beta","cumulative_1m","hellinger_T1",5,7,5,9,"ok",4,10652,"ok",68,2,0.725563910117506,FALSE,3,4,FALSE,TRUE,TRUE,NA,2,2,1,1
"GISAID_US","Beta","cumulative_1m","hellinger_T1",6,8,6,10,"ok",4,14397,"ok",87,2,0.735889849169001,FALSE,3,6,FALSE,TRUE,TRUE,NA,2,2,1,1
"GISAID_US","Beta","cumulative_1m","hellinger_T1",7,9,7,11,"ok",4,21252,"ok",13,2,0.592437942986598,FALSE,0,1,FALSE,TRUE,FALSE,NA,2,NA,1,0
"GISAID_US","Beta","cumulative_1m","hellinger_T1",8,10,8,12,"ok",6,31197,"ok",20,2,0.524376708681695,FALSE,2,3,TRUE,FALSE,FALSE,1,NA,NA,1,0
"GISAID_US","Beta","cumulative_1m","hellinger_T1",9,11,9,13,"ok",6,45150,"ok",28,2,0.638638729756547,FALSE,4,5,TRUE,FALSE,FALSE,1,NA,NA,1,0
"GISAID_US","Beta","cumulative_1m","hellinger_T1",10,12,10,14,"ok",6,63186,"ok",33,2,0.646897194428733,FALSE,4,5,TRUE,FALSE,FALSE,1,NA,NA,1,0
"GISAID_US","Beta","cumulative_1m","hellinger_T1",11,13,11,15,"ok",8,82955,"ok",33,4,0.563827900840692,FALSE,4,4,FALSE,FALSE,FALSE,NA,NA,NA,1,0
"GISAID_US","Beta","cumulative_1m","hellinger_T1",12,14,12,16,"ok",9,101225,"ok",19,4,0.508250179298877,FALSE,2,2,FALSE,FALSE,FALSE,NA,NA,NA,1,0
"GISAID_US","Beta","cumulative_1m","hellinger_T1",13,15,13,17,"ok",6,121084,"ok",50,3,0.590414484315955,FALSE,6,6,FALSE,FALSE,FALSE,NA,NA,NA,1,0
"GISAID_US","Beta","cumulative_1m","hellinger_T1",14,16,14,18,"ok",7,144487,"ok",48,3,0.590031109098992,FALSE,6,6,FALSE,FALSE,FALSE,NA,NA,NA,1,0
"GISAID_US","Beta","cumulative_1m","hellinger_T1",15,17,15,19,"ok",7,171384,"ok",43,4,0.585980378597764,FALSE,5,5,FALSE,FALSE,FALSE,NA,NA,NA,1,0
"GISAID_US","Beta","cumulative_1m","hellinger_T1",16,18,16,20,"ok",7,202418,"ok",43,4,0.576053902757667,FALSE,5,5,FALSE,FALSE,FALSE,NA,NA,NA,1,0
"GISAID_US","Beta","cumulative_1m","hellinger_Tpred",1,3,1,5,"ok",5,3368,"ok",16,3,0.708033678945593,FALSE,0,1,FALSE,TRUE,FALSE,NA,3,NA,10,0
"GISAID_US","Beta","cumulative_1m","hellinger_Tpred",2,4,2,6,"ok",2,4843,"ok",114,2,0.779799740024357,FALSE,3,6,TRUE,TRUE,TRUE,2,2,2,10,1
"GISAID_US","Beta","cumulative_1m","hellinger_Tpred",3,5,3,7,"ok",4,6369,"ok",95,2,0.753986549140952,FALSE,3,6,TRUE,TRUE,TRUE,2,2,2,10,1
"GISAID_US","Beta","cumulative_1m","hellinger_Tpred",4,6,4,8,"ok",4,8152,"ok",17,2,0.675968318563462,FALSE,0,1,FALSE,TRUE,FALSE,NA,1,NA,10,0
"GISAID_US","Beta","cumulative_1m","hellinger_Tpred",5,7,5,9,"ok",4,10652,"ok",68,2,0.717228362886904,FALSE,3,4,TRUE,TRUE,TRUE,2,2,2,10,1
"GISAID_US","Beta","cumulative_1m","hellinger_Tpred",6,8,6,10,"ok",4,14397,"ok",87,2,0.719360607174238,FALSE,3,6,TRUE,TRUE,TRUE,2,2,2,10,1
"GISAID_US","Beta","cumulative_1m","hellinger_Tpred",7,9,7,11,"ok",4,21252,"ok",13,2,0.612072479858079,FALSE,0,1,FALSE,TRUE,FALSE,NA,1,NA,10,0
"GISAID_US","Beta","cumulative_1m","hellinger_Tpred",8,10,8,12,"ok",6,31197,"ok",20,2,0.496525479368344,FALSE,2,3,TRUE,FALSE,FALSE,2,NA,NA,10,0
"GISAID_US","Beta","cumulative_1m","hellinger_Tpred",9,11,9,13,"ok",6,45150,"ok",28,5,0.538522544409396,FALSE,4,5,FALSE,FALSE,FALSE,NA,NA,NA,10,0
"GISAID_US","Beta","cumulative_1m","hellinger_Tpred",10,12,10,14,"ok",6,63186,"ok",33,5,0.556101817176259,FALSE,4,5,FALSE,FALSE,FALSE,NA,NA,NA,10,0
"GISAID_US","Beta","cumulative_1m","hellinger_Tpred",11,13,11,15,"ok",8,82955,"ok",33,4,0.584441479190084,FALSE,4,4,FALSE,FALSE,FALSE,NA,NA,NA,10,0
"GISAID_US","Beta","cumulative_1m","hellinger_Tpred",12,14,12,16,"ok",9,101225,"ok",19,3,0.58887271859067,FALSE,2,2,TRUE,TRUE,FALSE,2,2,NA,10,0
"GISAID_US","Beta","cumulative_1m","hellinger_Tpred",13,15,13,17,"ok",6,121084,"ok",50,4,0.619792913604081,FALSE,6,6,FALSE,FALSE,FALSE,NA,NA,NA,10,0
"GISAID_US","Beta","cumulative_1m","hellinger_Tpred",14,16,14,18,"ok",7,144487,"ok",48,4,0.611647147528901,FALSE,6,6,FALSE,FALSE,FALSE,NA,NA,NA,10,0
"GISAID_US","Beta","cumulative_1m","hellinger_Tpred",15,17,15,19,"ok",7,171384,"ok",43,4,0.593139746866135,FALSE,5,5,FALSE,FALSE,FALSE,NA,NA,NA,10,0
"GISAID_US","Beta","cumulative_1m","hellinger_Tpred",16,18,16,20,"ok",7,202418,"ok",43,4,0.588700228030774,FALSE,5,5,FALSE,FALSE,FALSE,NA,NA,NA,10,0
"GISAID_US","Beta","disjoint_2m","entropy",1,3,1,5,"ok",8,5064,"ok",15,6,0.275678701281742,FALSE,0,1,FALSE,TRUE,FALSE,NA,5,NA,NA,0
"GISAID_US","Beta","disjoint_2m","entropy",2,4,2,6,"ok",12,11471,"ok",24,3,0.411206623969119,FALSE,2,2,TRUE,TRUE,FALSE,2,2,NA,NA,0
"GISAID_US","Beta","disjoint_2m","entropy",3,5,3,7,"ok",10,20536,"ok",41,3,0.413344765765297,FALSE,6,6,FALSE,FALSE,FALSE,NA,NA,NA,NA,0
"GISAID_US","Beta","disjoint_2m","entropy",4,6,4,8,"ok",10,25125,"ok",52,2,0.376520919525632,FALSE,6,6,TRUE,TRUE,TRUE,2,2,2,NA,1
"GISAID_US","Beta","disjoint_2m","entropy",5,7,5,9,"ok",13,37356,"ok",44,5,0.386748575204107,FALSE,5,5,FALSE,FALSE,FALSE,NA,NA,NA,NA,0
"GISAID_US","Beta","disjoint_2m","entropy",6,8,6,10,"ok",14,50803,"ok",44,5,0.401847239097204,FALSE,5,5,FALSE,FALSE,FALSE,NA,NA,NA,NA,0
"GISAID_US","Beta","disjoint_2m","hellinger_T1",1,3,1,5,"ok",8,5064,"ok",15,2,0.656028134770397,FALSE,0,1,FALSE,TRUE,FALSE,NA,2,NA,1,0
"GISAID_US","Beta","disjoint_2m","hellinger_T1",2,4,2,6,"ok",12,11471,"ok",24,2,0.607696016457214,FALSE,2,2,TRUE,TRUE,FALSE,1,1,NA,1,0
"GISAID_US","Beta","disjoint_2m","hellinger_T1",3,5,3,7,"ok",10,20536,"ok",41,2,0.674104677292126,FALSE,6,6,FALSE,FALSE,TRUE,NA,NA,2,1,1
"GISAID_US","Beta","disjoint_2m","hellinger_T1",4,6,4,8,"ok",10,25125,"ok",52,2,0.698298682427123,FALSE,6,6,FALSE,FALSE,TRUE,NA,NA,2,1,1
"GISAID_US","Beta","disjoint_2m","hellinger_T1",5,7,5,9,"ok",13,37356,"ok",44,2,0.670939622996269,FALSE,5,5,FALSE,FALSE,TRUE,NA,NA,2,1,1
"GISAID_US","Beta","disjoint_2m","hellinger_T1",6,8,6,10,"ok",14,50803,"ok",44,2,0.667709998494719,FALSE,5,5,FALSE,FALSE,TRUE,NA,NA,2,1,1
"GISAID_US","Beta","disjoint_2m","hellinger_Tpred",1,3,1,5,"ok",8,5064,"ok",15,2,0.706503033108566,FALSE,0,1,FALSE,TRUE,FALSE,NA,1,NA,5,0
"GISAID_US","Beta","disjoint_2m","hellinger_Tpred",2,4,2,6,"ok",12,11471,"ok",24,2,0.602970620722382,FALSE,2,2,TRUE,TRUE,FALSE,1,1,NA,5,0
"GISAID_US","Beta","disjoint_2m","hellinger_Tpred",3,5,3,7,"ok",10,20536,"ok",41,2,0.679432798310048,FALSE,6,6,FALSE,FALSE,TRUE,NA,NA,2,5,1
"GISAID_US","Beta","disjoint_2m","hellinger_Tpred",4,6,4,8,"ok",10,25125,"ok",52,2,0.702427113700452,FALSE,6,6,FALSE,FALSE,TRUE,NA,NA,2,5,1
"GISAID_US","Beta","disjoint_2m","hellinger_Tpred",5,7,5,9,"ok",13,37356,"ok",44,2,0.674249996028611,FALSE,5,5,FALSE,FALSE,TRUE,NA,NA,2,5,1
"GISAID_US","Beta","disjoint_2m","hellinger_Tpred",6,8,6,10,"ok",14,50803,"ok",44,2,0.671721689223066,FALSE,5,5,FALSE,FALSE,TRUE,NA,NA,2,5,1
"GISAID_US","Beta","sliding_2m","entropy",1,3,1,5,"ok",12,2794,"ok",4,3,0.224539757491783,TRUE,0,1,FALSE,FALSE,FALSE,NA,NA,NA,NA,0
"GISAID_US","Beta","sliding_2m","entropy",2,4,2,6,"ok",2,3001,"ok",292,2,0.763934640707659,FALSE,4,8,TRUE,TRUE,TRUE,1,1,1,NA,1
"GISAID_US","Beta","sliding_2m","entropy",3,5,3,7,"ok",2,3309,"ok",279,2,0.753328858862366,FALSE,5,9,TRUE,TRUE,TRUE,1,1,1,NA,1
"GISAID_US","Beta","sliding_2m","entropy",4,6,4,8,"ok",3,4283,"ok",102,2,0.586116178362539,FALSE,4,6,TRUE,TRUE,TRUE,1,1,1,NA,1
"GISAID_US","Beta","sliding_2m","entropy",5,7,5,9,"ok",4,6245,"ok",112,2,0.648962859548091,FALSE,5,7,TRUE,TRUE,TRUE,1,1,1,NA,1
"GISAID_US","Beta","sliding_2m","entropy",6,8,6,10,"ok",3,10600,"ok",144,3,0.68639424901342,FALSE,5,8,TRUE,TRUE,FALSE,1,1,NA,NA,1
"GISAID_US","Beta","sliding_2m","entropy",7,9,7,11,"ok",15,16800,"ok",17,2,0.392316840641069,FALSE,2,2,TRUE,TRUE,FALSE,1,1,NA,NA,0
"GISAID_US","Beta","sliding_2m","entropy",8,10,8,12,"ok",14,23898,"ok",29,2,0.400511616310628,FALSE,4,4,FALSE,FALSE,FALSE,NA,NA,NA,NA,0
"GISAID_US","Beta","sliding_2m","entropy",9,11,9,13,"ok",6,31989,"ok",44,3,0.400523189340561,FALSE,6,6,FALSE,FALSE,FALSE,NA,NA,NA,NA,0
"GISAID_US","Beta","sliding_2m","entropy",10,12,10,14,"ok",6,37805,"ok",57,3,0.457390402493869,FALSE,6,7,TRUE,TRUE,FALSE,3,3,NA,NA,1
"GISAID_US","Beta","sliding_2m","entropy",11,13,11,15,"ok",6,38039,"ok",56,5,0.360047476859183,FALSE,6,7,FALSE,FALSE,FALSE,NA,NA,NA,NA,0
"GISAID_US","Beta","sliding_2m","entropy",12,14,12,16,"ok",5,38129,"ok",53,3,0.439370015541573,FALSE,6,7,FALSE,FALSE,FALSE,NA,NA,NA,NA,0
"GISAID_US","Beta","sliding_2m","entropy",13,15,13,17,"ok",8,43262,"ok",58,3,0.421309110019231,FALSE,6,6,TRUE,TRUE,FALSE,3,3,NA,NA,1
"GISAID_US","Beta","sliding_2m","entropy",14,16,14,18,"ok",8,50300,"ok",43,3,0.375686626803092,FALSE,5,5,FALSE,FALSE,FALSE,NA,NA,NA,NA,0
"GISAID_US","Beta","sliding_2m","entropy",15,17,15,19,"ok",7,57931,"ok",35,4,0.419518635228671,FALSE,3,3,FALSE,FALSE,FALSE,NA,NA,NA,NA,0
"GISAID_US","Beta","sliding_2m","hellinger_T1",1,3,1,5,"ok",12,2794,"ok",4,3,0.379628695891074,FALSE,0,1,FALSE,TRUE,FALSE,NA,3,NA,1,0
"GISAID_US","Beta","sliding_2m","hellinger_T1",2,4,2,6,"ok",2,3001,"ok",292,2,0.84456448095265,FALSE,4,8,FALSE,TRUE,TRUE,NA,2,2,1,1
"GISAID_US","Beta","sliding_2m","hellinger_T1",3,5,3,7,"ok",2,3309,"ok",279,2,0.839863859596623,FALSE,5,9,FALSE,TRUE,TRUE,NA,2,2,1,1
"GISAID_US","Beta","sliding_2m","hellinger_T1",4,6,4,8,"ok",3,4283,"ok",102,2,0.764053155212398,FALSE,4,6,FALSE,TRUE,TRUE,NA,2,2,1,1
"GISAID_US","Beta","sliding_2m","hellinger_T1",5,7,5,9,"ok",4,6245,"ok",112,2,0.776497242950487,FALSE,5,7,FALSE,FALSE,TRUE,NA,NA,2,1,1
"GISAID_US","Beta","sliding_2m","hellinger_T1",6,8,6,10,"ok",3,10600,"ok",144,2,0.788710644479893,FALSE,5,8,FALSE,FALSE,TRUE,NA,NA,2,1,1
"GISAID_US","Beta","sliding_2m","hellinger_T1",7,9,7,11,"ok",15,16800,"ok",17,2,0.642045017085925,FALSE,2,2,TRUE,TRUE,FALSE,1,1,NA,1,0
"GISAID_US","Beta","sliding_2m","hellinger_T1",8,10,8,12,"ok",14,23898,"ok",29,2,0.683923182209393,FALSE,4,4,TRUE,TRUE,FALSE,1,1,NA,1,0
"GISAID_US","Beta","sliding_2m","hellinger_T1",9,11,9,13,"ok",6,31989,"ok",44,2,0.665522418095275,FALSE,6,6,FALSE,FALSE,TRUE,NA,NA,2,1,1
"GISAID_US","Beta","sliding_2m","hellinger_T1",10,12,10,14,"ok",6,37805,"ok",57,2,0.692956879492577,FALSE,6,7,FALSE,FALSE,TRUE,NA,NA,2,1,1
"GISAID_US","Beta","sliding_2m","hellinger_T1",11,13,11,15,"ok",6,38039,"ok",56,2,0.691660609364361,FALSE,6,7,FALSE,FALSE,TRUE,NA,NA,2,1,1
"GISAID_US","Beta","sliding_2m","hellinger_T1",12,14,12,16,"ok",5,38129,"ok",53,2,0.687400720273595,FALSE,6,7,FALSE,FALSE,TRUE,NA,NA,2,1,1
"GISAID_US","Beta","sliding_2m","hellinger_T1",13,15,13,17,"ok",8,43262,"ok",58,2,0.682478161661351,FALSE,6,6,FALSE,FALSE,TRUE,NA,NA,2,1,1
"GISAID_US","Beta","sliding_2m","hellinger_T1",14,16,14,18,"ok",8,50300,"ok",43,2,0.659875386542786,FALSE,5,5,FALSE,FALSE,TRUE,NA,NA,2,1,1
"GISAID_US","Beta","sliding_2m","hellinger_T1",15,17,15,19,"ok",7,57931,"ok",35,2,0.635900128147844,FALSE,3,3,TRUE,TRUE,FALSE,1,1,NA,1,0
"GISAID_US","Beta","sliding_2m","hellinger_Tpred",1,3,1,5,"ok",12,2794,"ok",4,2,0.44866201416282,FALSE,0,1,FALSE,TRUE,FALSE,NA,1,NA,9,0
"GISAID_US","Beta","sliding_2m","hellinger_Tpred",2,4,2,6,"ok",2,3001,"ok",292,2,0.868935656346597,FALSE,4,8,FALSE,FALSE,TRUE,NA,NA,2,9,1
"GISAID_US","Beta","sliding_2m","hellinger_Tpred",3,5,3,7,"ok",2,3309,"ok",279,2,0.864518470454606,FALSE,5,9,FALSE,FALSE,TRUE,NA,NA,2,9,1
"GISAID_US","Beta","sliding_2m","hellinger_Tpred",4,6,4,8,"ok",3,4283,"ok",102,2,0.795132409908384,FALSE,4,6,FALSE,FALSE,TRUE,NA,NA,2,9,1
"GISAID_US","Beta","sliding_2m","hellinger_Tpred",5,7,5,9,"ok",4,6245,"ok",112,2,0.79401984951489,FALSE,5,7,FALSE,FALSE,TRUE,NA,NA,2,9,1
"GISAID_US","Beta","sliding_2m","hellinger_Tpred",6,8,6,10,"ok",3,10600,"ok",144,2,0.80718370341505,FALSE,5,8,FALSE,FALSE,TRUE,NA,NA,2,9,1
"GISAID_US","Beta","sliding_2m","hellinger_Tpred",7,9,7,11,"ok",15,16800,"ok",17,2,0.594819909080724,FALSE,2,2,TRUE,TRUE,FALSE,1,1,NA,9,0
"GISAID_US","Beta","sliding_2m","hellinger_Tpred",8,10,8,12,"ok",14,23898,"ok",29,2,0.647410453752526,FALSE,4,4,TRUE,TRUE,FALSE,1,1,NA,9,0
"GISAID_US","Beta","sliding_2m","hellinger_Tpred",9,11,9,13,"ok",6,31989,"ok",44,2,0.673732781360891,FALSE,6,6,FALSE,FALSE,TRUE,NA,NA,2,9,1
"GISAID_US","Beta","sliding_2m","hellinger_Tpred",10,12,10,14,"ok",6,37805,"ok",57,2,0.698712022133251,FALSE,6,7,FALSE,FALSE,TRUE,NA,NA,2,9,1
"GISAID_US","Beta","sliding_2m","hellinger_Tpred",11,13,11,15,"ok",6,38039,"ok",56,2,0.697599246881044,FALSE,6,7,FALSE,FALSE,TRUE,NA,NA,2,9,1
"GISAID_US","Beta","sliding_2m","hellinger_Tpred",12,14,12,16,"ok",5,38129,"ok",53,2,0.692513320058173,FALSE,6,7,FALSE,FALSE,TRUE,NA,NA,2,9,1
"GISAID_US","Beta","sliding_2m","hellinger_Tpred",13,15,13,17,"ok",8,43262,"ok",58,2,0.692206849027918,FALSE,6,6,FALSE,FALSE,TRUE,NA,NA,2,9,1
"GISAID_US","Beta","sliding_2m","hellinger_Tpred",14,16,14,18,"ok",8,50300,"ok",43,2,0.673451802549188,FALSE,5,5,FALSE,FALSE,TRUE,NA,NA,2,9,1
"GISAID_US","Beta","sliding_2m","hellinger_Tpred",15,17,15,19,"ok",7,57931,"ok",35,2,0.660010918374551,FALSE,3,3,TRUE,TRUE,FALSE,1,1,NA,9,0
"GISAID_US","Delta","cumulative_1m","entropy",1,3,1,5,"ok",3,4349,"ok",98,2,0.712543288685414,FALSE,4,12,TRUE,TRUE,TRUE,1,1,1,NA,1
"GISAID_US","Delta","cumulative_1m","entropy",2,4,2,6,"ok",3,6132,"ok",94,2,0.699634714183278,FALSE,4,12,TRUE,TRUE,TRUE,1,1,1,NA,1
"GISAID_US","Delta","cumulative_1m","entropy",3,5,3,7,"ok",3,8632,"ok",85,2,0.684960188216886,FALSE,4,12,TRUE,TRUE,TRUE,1,1,1,NA,1
"GISAID_US","Delta","cumulative_1m","entropy",4,6,4,8,"ok",4,12377,"ok",98,4,0.654302849002259,FALSE,4,12,FALSE,FALSE,FALSE,NA,NA,NA,NA,1
"GISAID_US","Delta","cumulative_1m","entropy",5,7,5,9,"ok",4,19232,"ok",12,2,0.554873590990533,FALSE,2,3,TRUE,TRUE,FALSE,2,2,NA,NA,0
"GISAID_US","Delta","cumulative_1m","entropy",6,8,6,10,"ok",5,29177,"ok",114,4,0.674160242605976,FALSE,5,13,FALSE,FALSE,FALSE,NA,NA,NA,NA,1
"GISAID_US","Delta","cumulative_1m","entropy",7,9,7,11,"ok",6,43130,"ok",27,2,0.456343349426406,FALSE,3,6,TRUE,TRUE,FALSE,2,2,NA,NA,0
"GISAID_US","Delta","cumulative_1m","entropy",8,10,8,12,"ok",6,61166,"ok",32,5,0.435747504880135,FALSE,3,7,FALSE,FALSE,FALSE,NA,NA,NA,NA,0
"GISAID_US","Delta","cumulative_1m","entropy",9,11,9,13,"ok",8,80935,"ok",36,4,0.506197309563164,FALSE,4,9,FALSE,FALSE,FALSE,NA,NA,NA,NA,0
"GISAID_US","Delta","cumulative_1m","entropy",10,12,10,14,"ok",7,99205,"ok",50,2,0.535393616391728,FALSE,5,13,TRUE,FALSE,FALSE,2,NA,NA,NA,0
"GISAID_US","Delta","cumulative_1m","entropy",11,13,11,15,"ok",7,119064,"ok",52,2,0.545117776944688,FALSE,5,13,TRUE,FALSE,FALSE,2,NA,NA,NA,0
"GISAID_US","Delta","cumulative_1m","entropy",12,14,12,16,"ok",7,142467,"ok",48,2,0.524984189038444,FALSE,5,13,TRUE,FALSE,FALSE,2,NA,NA,NA,0
"GISAID_US","Delta","cumulative_1m","entropy",13,15,13,17,"ok",8,169364,"ok",47,2,0.513629602229143,FALSE,5,13,TRUE,FALSE,FALSE,2,NA,NA,NA,0
"GISAID_US","Delta","cumulative_1m","entropy",14,16,14,18,"ok",8,200398,"ok",44,2,0.493380701838477,FALSE,5,13,TRUE,FALSE,FALSE,2,NA,NA,NA,0
"GISAID_US","Delta","cumulative_1m","entropy",15,17,15,19,"ok",7,236337,"ok",44,2,0.493380701838477,FALSE,5,13,TRUE,FALSE,FALSE,2,NA,NA,NA,0
"GISAID_US","Delta","cumulative_1m","entropy",16,18,16,20,"ok",7,272690,"ok",46,2,0.501143773507875,FALSE,5,13,TRUE,FALSE,FALSE,2,NA,NA,NA,0
"GISAID_US","Delta","cumulative_1m","hellinger_T1",1,3,1,5,"ok",3,4349,"ok",98,2,0.719840646623714,FALSE,4,12,TRUE,TRUE,TRUE,2,2,2,1,1
"GISAID_US","Delta","cumulative_1m","hellinger_T1",2,4,2,6,"ok",3,6132,"ok",94,2,0.706567828715414,FALSE,4,12,TRUE,TRUE,TRUE,2,2,2,1,1
"GISAID_US","Delta","cumulative_1m","hellinger_T1",3,5,3,7,"ok",3,8632,"ok",85,2,0.691234675459126,FALSE,4,12,TRUE,TRUE,TRUE,2,2,2,1,1
"GISAID_US","Delta","cumulative_1m","hellinger_T1",4,6,4,8,"ok",4,12377,"ok",98,2,0.702411514681551,FALSE,4,12,TRUE,TRUE,TRUE,2,2,2,1,1
"GISAID_US","Delta","cumulative_1m","hellinger_T1",5,7,5,9,"ok",4,19232,"ok",12,2,0.658187581861134,FALSE,2,3,TRUE,TRUE,FALSE,2,2,NA,1,0
"GISAID_US","Delta","cumulative_1m","hellinger_T1",6,8,6,10,"ok",5,29177,"ok",114,2,0.695669447808049,FALSE,5,13,TRUE,TRUE,TRUE,2,2,2,1,1
"GISAID_US","Delta","cumulative_1m","hellinger_T1",7,9,7,11,"ok",6,43130,"ok",27,4,0.528646788833024,FALSE,3,6,FALSE,FALSE,FALSE,NA,NA,NA,1,0
"GISAID_US","Delta","cumulative_1m","hellinger_T1",8,10,8,12,"ok",6,61166,"ok",32,4,0.557817939105408,FALSE,3,7,FALSE,FALSE,FALSE,NA,NA,NA,1,0
"GISAID_US","Delta","cumulative_1m","hellinger_T1",9,11,9,13,"ok",8,80935,"ok",36,4,0.560586495302431,FALSE,4,9,FALSE,FALSE,FALSE,NA,NA,NA,1,0
"GISAID_US","Delta","cumulative_1m","hellinger_T1",10,12,10,14,"ok",7,99205,"ok",50,4,0.603869606781862,FALSE,5,13,FALSE,FALSE,FALSE,NA,NA,NA,1,0
"GISAID_US","Delta","cumulative_1m","hellinger_T1",11,13,11,15,"ok",7,119064,"ok",52,4,0.609424519488937,FALSE,5,13,FALSE,FALSE,FALSE,NA,NA,NA,1,0
"GISAID_US","Delta","cumulative_1m","hellinger_T1",12,14,12,16,"ok",7,142467,"ok",48,4,0.598555344687024,FALSE,5,13,FALSE,FALSE,FALSE,NA,NA,NA,1,0
"GISAID_US","Delta","cumulative_1m","hellinger_T1",13,15,13,17,"ok",8,169364,"ok",47,4,0.588900126414776,FALSE,5,13,FALSE,FALSE,FALSE,NA,NA,NA,1,0
"GISAID_US","Delta","cumulative_1m","hellinger_T1",14,16,14,18,"ok",8,200398,"ok",44,4,0.576862438919799,FALSE,5,13,FALSE,FALSE,FALSE,NA,NA,NA,1,0
"GISAID_US","Delta","cumulative_1m","hellinger_T1",15,17,15,19,"ok",7,236337,"ok",44,4,0.576862438919799,FALSE,5,13,FALSE,FALSE,FALSE,NA,NA,NA,1,0
"GISAID_US","Delta","cumulative_1m","hellinger_T1",16,18,16,20,"ok",7,272690,"ok",46,4,0.585632548039443,FALSE,5,13,FALSE,FALSE,FALSE,NA,NA,NA,1,0
"GISAID_US","Delta","cumulative_1m","hellinger_Tpred",1,3,1,5,"ok",3,4349,"ok",98,2,0.797319993492617,FALSE,4,12,TRUE,TRUE,TRUE,2,2,2,9,1
"GISAID_US","Delta","cumulative_1m","hellinger_Tpred",2,4,2,6,"ok",3,6132,"ok",94,2,0.784474425889226,FALSE,4,12,TRUE,TRUE,TRUE,2,2,2,9,1
"GISAID_US","Delta","cumulative_1m","hellinger_Tpred",3,5,3,7,"ok",3,8632,"ok",85,2,0.767508598861459,FALSE,4,12,TRUE,TRUE,TRUE,2,2,2,9,1
"GISAID_US","Delta","cumulative_1m","hellinger_Tpred",4,6,4,8,"ok",4,12377,"ok",98,2,0.764066219198636,FALSE,4,12,TRUE,TRUE,TRUE,2,2,2,9,1
"GISAID_US","Delta","cumulative_1m","hellinger_Tpred",5,7,5,9,"ok",4,19232,"ok",12,2,0.675290563457474,FALSE,2,3,TRUE,TRUE,FALSE,2,2,NA,9,0
"GISAID_US","Delta","cumulative_1m","hellinger_Tpred",6,8,6,10,"ok",5,29177,"ok",114,2,0.766257394615498,FALSE,5,13,TRUE,TRUE,TRUE,2,2,2,9,1
"GISAID_US","Delta","cumulative_1m","hellinger_Tpred",7,9,7,11,"ok",6,43130,"ok",27,3,0.606480031402496,FALSE,3,6,TRUE,FALSE,FALSE,3,NA,NA,9,0
"GISAID_US","Delta","cumulative_1m","hellinger_Tpred",8,10,8,12,"ok",6,61166,"ok",32,3,0.609929327956047,FALSE,3,7,TRUE,FALSE,FALSE,3,NA,NA,9,0
"GISAID_US","Delta","cumulative_1m","hellinger_Tpred",9,11,9,13,"ok",8,80935,"ok",36,3,0.600840578885144,FALSE,4,9,TRUE,FALSE,FALSE,3,NA,NA,9,0
"GISAID_US","Delta","cumulative_1m","hellinger_Tpred",10,12,10,14,"ok",7,99205,"ok",50,3,0.631895215143149,FALSE,5,13,TRUE,FALSE,FALSE,2,NA,NA,9,0
"GISAID_US","Delta","cumulative_1m","hellinger_Tpred",11,13,11,15,"ok",7,119064,"ok",52,3,0.634984405939391,FALSE,5,13,TRUE,FALSE,FALSE,2,NA,NA,9,1
"GISAID_US","Delta","cumulative_1m","hellinger_Tpred",12,14,12,16,"ok",7,142467,"ok",48,3,0.625276713878835,FALSE,5,13,TRUE,FALSE,FALSE,2,NA,NA,9,0
"GISAID_US","Delta","cumulative_1m","hellinger_Tpred",13,15,13,17,"ok",8,169364,"ok",47,3,0.61771241326818,FALSE,5,13,TRUE,FALSE,FALSE,2,NA,NA,9,0
"GISAID_US","Delta","cumulative_1m","hellinger_Tpred",14,16,14,18,"ok",8,200398,"ok",44,3,0.605744845366389,FALSE,5,13,TRUE,FALSE,FALSE,2,NA,NA,9,0
"GISAID_US","Delta","cumulative_1m","hellinger_Tpred",15,17,15,19,"ok",7,236337,"ok",44,3,0.605744845366389,FALSE,5,13,TRUE,FALSE,FALSE,2,NA,NA,9,0
"GISAID_US","Delta","cumulative_1m","hellinger_Tpred",16,18,16,20,"ok",7,272690,"ok",46,3,0.612431942886763,FALSE,5,13,TRUE,FALSE,FALSE,2,NA,NA,9,0
"GISAID_US","Delta","disjoint_2m","entropy",1,3,1,5,"ok",12,11471,"ok",24,3,0.397028700127017,FALSE,3,6,TRUE,FALSE,FALSE,1,NA,NA,NA,0
"GISAID_US","Delta","disjoint_2m","entropy",2,4,2,6,"ok",10,20536,"ok",41,3,0.408578441825984,FALSE,4,9,FALSE,FALSE,FALSE,NA,NA,NA,NA,0
"GISAID_US","Delta","disjoint_2m","entropy",3,5,3,7,"ok",10,25125,"ok",52,3,0.437412300449499,FALSE,5,13,FALSE,FALSE,FALSE,NA,NA,NA,NA,0
"GISAID_US","Delta","disjoint_2m","entropy",4,6,4,8,"ok",13,37356,"ok",44,6,0.416481055270741,FALSE,5,13,FALSE,FALSE,FALSE,NA,NA,NA,NA,0
"GISAID_US","Delta","disjoint_2m","entropy",5,7,5,9,"ok",14,50803,"ok",44,6,0.422770572793763,FALSE,5,13,FALSE,FALSE,FALSE,NA,NA,NA,NA,0
"GISAID_US","Delta","disjoint_2m","entropy",6,8,6,10,"ok",10,56212,"ok",22,3,0.425591091610153,FALSE,5,12,FALSE,FALSE,FALSE,NA,NA,NA,NA,0
"GISAID_US","Delta","disjoint_2m","hellinger_T1",1,3,1,5,"ok",12,11471,"ok",24,2,0.617908573630141,FALSE,3,6,TRUE,FALSE,FALSE,2,NA,NA,1,0
"GISAID_US","Delta","disjoint_2m","hellinger_T1",2,4,2,6,"ok",10,20536,"ok",41,2,0.689728456321253,FALSE,4,9,TRUE,TRUE,TRUE,2,2,2,1,1
"GISAID_US","Delta","disjoint_2m","hellinger_T1",3,5,3,7,"ok",10,25125,"ok",52,2,0.733156575361643,FALSE,5,13,TRUE,TRUE,TRUE,2,2,2,1,1
"GISAID_US","Delta","disjoint_2m","hellinger_T1",4,6,4,8,"ok",13,37356,"ok",44,2,0.711210596398522,FALSE,5,13,TRUE,TRUE,TRUE,2,2,2,1,1
"GISAID_US","Delta","disjoint_2m","hellinger_T1",5,7,5,9,"ok",14,50803,"ok",44,2,0.709310942977378,FALSE,5,13,TRUE,TRUE,TRUE,2,2,2,1,1
"GISAID_US","Delta","disjoint_2m","hellinger_T1",6,8,6,10,"ok",10,56212,"ok",22,2,0.689806379988086,FALSE,5,12,TRUE,FALSE,FALSE,2,NA,NA,1,0
"GISAID_US","Delta","disjoint_2m","hellinger_Tpred",1,3,1,5,"ok",12,11471,"ok",24,2,0.659004519449172,FALSE,3,6,TRUE,FALSE,FALSE,2,NA,NA,5,0
"GISAID_US","Delta","disjoint_2m","hellinger_Tpred",2,4,2,6,"ok",10,20536,"ok",41,2,0.714312228283059,FALSE,4,9,TRUE,TRUE,TRUE,2,2,2,5,1
"GISAID_US","Delta","disjoint_2m","hellinger_Tpred",3,5,3,7,"ok",10,25125,"ok",52,2,0.736688131100736,FALSE,5,13,TRUE,TRUE,TRUE,2,2,2,5,1
"GISAID_US","Delta","disjoint_2m","hellinger_Tpred",4,6,4,8,"ok",13,37356,"ok",44,2,0.717080117340338,FALSE,5,13,TRUE,TRUE,TRUE,2,2,2,5,1
"GISAID_US","Delta","disjoint_2m","hellinger_Tpred",5,7,5,9,"ok",14,50803,"ok",44,2,0.715617960719993,FALSE,5,13,TRUE,TRUE,TRUE,2,2,2,5,1
"GISAID_US","Delta","disjoint_2m","hellinger_Tpred",6,8,6,10,"ok",10,56212,"ok",22,2,0.728451154878107,FALSE,5,12,TRUE,FALSE,FALSE,2,NA,NA,5,0
"GISAID_US","Delta","sliding_2m","entropy",1,3,1,5,"ok",2,3309,"ok",279,2,0.757933550990276,FALSE,5,14,TRUE,TRUE,TRUE,1,1,1,NA,1
"GISAID_US","Delta","sliding_2m","entropy",2,4,2,6,"ok",3,4283,"ok",102,3,0.603579295510724,FALSE,3,11,FALSE,FALSE,FALSE,NA,NA,NA,NA,1
"GISAID_US","Delta","sliding_2m","entropy",3,5,3,7,"ok",4,6245,"ok",112,2,0.629633231200514,FALSE,3,9,TRUE,TRUE,TRUE,1,1,1,NA,1
"GISAID_US","Delta","sliding_2m","entropy",4,6,4,8,"ok",3,10600,"ok",144,2,0.684556252996129,FALSE,3,9,TRUE,TRUE,TRUE,1,1,1,NA,1
"GISAID_US","Delta","sliding_2m","entropy",5,7,5,9,"ok",15,16800,"ok",17,3,0.400870106556845,FALSE,2,4,TRUE,FALSE,FALSE,1,NA,NA,NA,0
"GISAID_US","Delta","sliding_2m","entropy",6,8,6,10,"ok",14,23898,"ok",29,3,0.401833698790704,FALSE,3,5,FALSE,FALSE,FALSE,NA,NA,NA,NA,0
"GISAID_US","Delta","sliding_2m","entropy",7,9,7,11,"ok",6,31989,"ok",44,3,0.417672037531212,FALSE,4,9,TRUE,FALSE,FALSE,1,NA,NA,NA,0
"GISAID_US","Delta","sliding_2m","entropy",8,10,8,12,"ok",6,37805,"ok",57,2,0.357094560193311,FALSE,5,14,TRUE,TRUE,TRUE,1,1,1,NA,1
"GISAID_US","Delta","sliding_2m","entropy",9,11,9,13,"ok",6,38039,"ok",56,2,0.353938075695142,FALSE,5,14,TRUE,TRUE,TRUE,1,1,1,NA,1
"GISAID_US","Delta","sliding_2m","entropy",10,12,10,14,"ok",5,38129,"ok",53,3,0.426727370765287,FALSE,5,13,FALSE,FALSE,FALSE,NA,NA,NA,NA,0
"GISAID_US","Delta","sliding_2m","entropy",11,13,11,15,"ok",8,43262,"ok",58,3,0.432858789378944,FALSE,5,13,FALSE,FALSE,FALSE,NA,NA,NA,NA,1
"GISAID_US","Delta","sliding_2m","entropy",12,14,12,16,"ok",8,50300,"ok",43,5,0.393055581032994,FALSE,5,13,FALSE,FALSE,FALSE,NA,NA,NA,NA,0
"GISAID_US","Delta","sliding_2m","entropy",13,15,13,17,"ok",7,57931,"ok",35,6,0.42387949562052,FALSE,5,13,FALSE,FALSE,FALSE,NA,NA,NA,NA,0
"GISAID_US","Delta","sliding_2m","entropy",14,16,14,18,"ok",8,66973,"ok",23,4,0.395442023265177,FALSE,5,12,FALSE,FALSE,FALSE,NA,NA,NA,NA,0
"GISAID_US","Delta","sliding_2m","entropy",15,17,15,19,"ok",11,72292,"ok",16,4,0.437710643671279,FALSE,4,11,FALSE,FALSE,FALSE,NA,NA,NA,NA,0
"GISAID_US","Delta","sliding_2m","hellinger_T1",1,3,1,5,"ok",2,3309,"ok",279,2,0.870222333635049,FALSE,5,14,TRUE,TRUE,TRUE,2,2,2,1,1
"GISAID_US","Delta","sliding_2m","hellinger_T1",2,4,2,6,"ok",3,4283,"ok",102,2,0.805000892396579,FALSE,3,11,TRUE,TRUE,TRUE,2,2,2,1,1
"GISAID_US","Delta","sliding_2m","hellinger_T1",3,5,3,7,"ok",4,6245,"ok",112,2,0.794415949381255,FALSE,3,9,TRUE,TRUE,TRUE,2,2,2,1,1
"GISAID_US","Delta","sliding_2m","hellinger_T1",4,6,4,8,"ok",3,10600,"ok",144,2,0.807820488368704,FALSE,3,9,TRUE,TRUE,TRUE,2,2,2,1,1
"GISAID_US","Delta","sliding_2m","hellinger_T1",5,7,5,9,"ok",15,16800,"ok",17,2,0.683931772029256,FALSE,2,4,TRUE,FALSE,FALSE,2,NA,NA,1,0
"GISAID_US","Delta","sliding_2m","hellinger_T1",6,8,6,10,"ok",14,23898,"ok",29,2,0.712122709296834,FALSE,3,5,TRUE,FALSE,FALSE,2,NA,NA,1,0
"GISAID_US","Delta","sliding_2m","hellinger_T1",7,9,7,11,"ok",6,31989,"ok",44,2,0.688181277296799,FALSE,4,9,TRUE,TRUE,TRUE,2,2,2,1,1
"GISAID_US","Delta","sliding_2m","hellinger_T1",8,10,8,12,"ok",6,37805,"ok",57,2,0.735529868244383,FALSE,5,14,TRUE,TRUE,TRUE,2,2,2,1,1
"GISAID_US","Delta","sliding_2m","hellinger_T1",9,11,9,13,"ok",6,38039,"ok",56,2,0.734255161443853,FALSE,5,14,TRUE,TRUE,TRUE,2,2,2,1,1
"GISAID_US","Delta","sliding_2m","hellinger_T1",10,12,10,14,"ok",5,38129,"ok",53,2,0.731863718600622,FALSE,5,13,TRUE,TRUE,TRUE,2,2,2,1,1
"GISAID_US","Delta","sliding_2m","hellinger_T1",11,13,11,15,"ok",8,43262,"ok",58,2,0.728804670162115,FALSE,5,13,TRUE,TRUE,TRUE,2,2,2,1,1
"GISAID_US","Delta","sliding_2m","hellinger_T1",12,14,12,16,"ok",8,50300,"ok",43,2,0.709147020981971,FALSE,5,13,TRUE,TRUE,TRUE,2,2,2,1,1
"GISAID_US","Delta","sliding_2m","hellinger_T1",13,15,13,17,"ok",7,57931,"ok",35,2,0.693890142816993,FALSE,5,13,TRUE,FALSE,FALSE,2,NA,NA,1,0
"GISAID_US","Delta","sliding_2m","hellinger_T1",14,16,14,18,"ok",8,66973,"ok",23,2,0.664117665964524,FALSE,5,12,TRUE,FALSE,FALSE,2,NA,NA,1,0
"GISAID_US","Delta","sliding_2m","hellinger_T1",15,17,15,19,"ok",11,72292,"ok",16,2,0.658139112540208,FALSE,4,11,TRUE,FALSE,FALSE,2,NA,NA,1,0
"GISAID_US","Delta","sliding_2m","hellinger_Tpred",1,3,1,5,"ok",2,3309,"ok",279,2,0.890357093394065,FALSE,5,14,TRUE,TRUE,TRUE,2,2,2,8,1
"GISAID_US","Delta","sliding_2m","hellinger_Tpred",2,4,2,6,"ok",3,4283,"ok",102,2,0.831399424200752,FALSE,3,11,TRUE,TRUE,TRUE,2,2,2,8,1
"GISAID_US","Delta","sliding_2m","hellinger_Tpred",3,5,3,7,"ok",4,6245,"ok",112,2,0.819506875847707,FALSE,3,9,TRUE,TRUE,TRUE,2,2,2,8,1
"GISAID_US","Delta","sliding_2m","hellinger_Tpred",4,6,4,8,"ok",3,10600,"ok",144,2,0.834185583945379,FALSE,3,9,TRUE,TRUE,TRUE,2,2,2,8,1
"GISAID_US","Delta","sliding_2m","hellinger_Tpred",5,7,5,9,"ok",15,16800,"ok",17,2,0.60798853311817,FALSE,2,4,TRUE,FALSE,FALSE,2,NA,NA,8,0
"GISAID_US","Delta","sliding_2m","hellinger_Tpred",6,8,6,10,"ok",14,23898,"ok",29,2,0.674111123366658,FALSE,3,5,TRUE,FALSE,FALSE,2,NA,NA,8,0
"GISAID_US","Delta","sliding_2m","hellinger_Tpred",7,9,7,11,"ok",6,31989,"ok",44,2,0.711149954631884,FALSE,4,9,TRUE,TRUE,TRUE,2,2,2,8,1
"GISAID_US","Delta","sliding_2m","hellinger_Tpred",8,10,8,12,"ok",6,37805,"ok",57,2,0.737683552834202,FALSE,5,14,TRUE,TRUE,TRUE,2,2,2,8,1
"GISAID_US","Delta","sliding_2m","hellinger_Tpred",9,11,9,13,"ok",6,38039,"ok",56,2,0.736155379780572,FALSE,5,14,TRUE,TRUE,TRUE,2,2,2,8,1
"GISAID_US","Delta","sliding_2m","hellinger_Tpred",10,12,10,14,"ok",5,38129,"ok",53,2,0.730205569989893,FALSE,5,13,TRUE,TRUE,TRUE,2,2,2,8,1
"GISAID_US","Delta","sliding_2m","hellinger_Tpred",11,13,11,15,"ok",8,43262,"ok",58,2,0.730711931462517,FALSE,5,13,TRUE,TRUE,TRUE,2,2,2,8,1
"GISAID_US","Delta","sliding_2m","hellinger_Tpred",12,14,12,16,"ok",8,50300,"ok",43,2,0.723878701465359,FALSE,5,13,TRUE,TRUE,TRUE,2,2,2,8,1
"GISAID_US","Delta","sliding_2m","hellinger_Tpred",13,15,13,17,"ok",7,57931,"ok",35,2,0.721864559655129,FALSE,5,13,TRUE,FALSE,FALSE,2,NA,NA,8,0
"GISAID_US","Delta","sliding_2m","hellinger_Tpred",14,16,14,18,"ok",8,66973,"ok",23,2,0.697264929996374,FALSE,5,12,TRUE,FALSE,FALSE,2,NA,NA,8,0
"GISAID_US","Delta","sliding_2m","hellinger_Tpred",15,17,15,19,"ok",11,72292,"ok",16,2,0.703250123577452,FALSE,4,11,TRUE,FALSE,FALSE,2,NA,NA,8,0
"GISAID_US","Gamma","cumulative_1m","entropy",1,3,1,5,"ok",5,3368,"ok",16,2,0.544207658064625,FALSE,1,2,TRUE,FALSE,FALSE,1,NA,NA,NA,0
"GISAID_US","Gamma","cumulative_1m","entropy",2,4,2,6,"ok",2,4843,"ok",114,2,0.700592944972283,FALSE,7,9,TRUE,TRUE,TRUE,1,1,1,NA,1
"GISAID_US","Gamma","cumulative_1m","entropy",3,5,3,7,"ok",4,6369,"ok",95,5,0.671202199439411,FALSE,7,9,TRUE,FALSE,FALSE,1,NA,NA,NA,1
"GISAID_US","Gamma","cumulative_1m","entropy",4,6,4,8,"ok",4,8152,"ok",17,2,0.566110295359666,FALSE,0,2,FALSE,FALSE,FALSE,NA,NA,NA,NA,0
"GISAID_US","Gamma","cumulative_1m","entropy",5,7,5,9,"ok",4,10652,"ok",68,5,0.628455335227667,FALSE,6,8,TRUE,FALSE,FALSE,1,NA,NA,NA,1
"GISAID_US","Gamma","cumulative_1m","entropy",6,8,6,10,"ok",4,14397,"ok",87,3,0.6488464340947,FALSE,7,9,TRUE,FALSE,FALSE,1,NA,NA,NA,1
"GISAID_US","Gamma","cumulative_1m","entropy",7,9,7,11,"ok",4,21252,"ok",13,3,0.468495796876808,FALSE,2,4,TRUE,FALSE,FALSE,1,NA,NA,NA,0
"GISAID_US","Gamma","cumulative_1m","entropy",8,10,8,12,"ok",6,31197,"ok",20,3,0.41686368908083,FALSE,5,7,FALSE,FALSE,FALSE,NA,NA,NA,NA,0
"GISAID_US","Gamma","cumulative_1m","entropy",9,11,9,13,"ok",6,45150,"ok",28,5,0.445419867282766,FALSE,5,7,FALSE,FALSE,FALSE,NA,NA,NA,NA,0
"GISAID_US","Gamma","cumulative_1m","entropy",10,12,10,14,"ok",6,63186,"ok",33,3,0.457071684838506,FALSE,6,8,FALSE,FALSE,FALSE,NA,NA,NA,NA,0
"GISAID_US","Gamma","cumulative_1m","entropy",11,13,11,15,"ok",8,82955,"ok",33,4,0.500022836592888,FALSE,6,7,FALSE,FALSE,FALSE,NA,NA,NA,NA,0
"GISAID_US","Gamma","cumulative_1m","entropy",12,14,12,16,"ok",9,101225,"ok",19,2,0.463830758173919,FALSE,2,3,TRUE,FALSE,FALSE,1,NA,NA,NA,0
"GISAID_US","Gamma","cumulative_1m","entropy",13,15,13,17,"ok",6,121084,"ok",50,2,0.481055314488762,FALSE,10,11,FALSE,TRUE,TRUE,NA,2,2,NA,1
"GISAID_US","Gamma","cumulative_1m","entropy",14,16,14,18,"ok",7,144487,"ok",48,2,0.475305912175751,FALSE,10,11,FALSE,TRUE,TRUE,NA,2,2,NA,1
"GISAID_US","Gamma","cumulative_1m","entropy",15,17,15,19,"ok",7,171384,"ok",43,2,0.462071555113171,FALSE,10,11,FALSE,TRUE,TRUE,NA,2,2,NA,1
"GISAID_US","Gamma","cumulative_1m","entropy",16,18,16,20,"ok",7,202418,"ok",43,2,0.458946403750323,FALSE,10,11,FALSE,TRUE,TRUE,NA,2,2,NA,1
"GISAID_US","Gamma","cumulative_1m","hellinger_T1",1,3,1,5,"ok",5,3368,"ok",16,2,0.726637909415774,FALSE,1,2,TRUE,FALSE,FALSE,1,NA,NA,1,0
"GISAID_US","Gamma","cumulative_1m","hellinger_T1",2,4,2,6,"ok",2,4843,"ok",114,2,0.780099112021438,FALSE,7,9,FALSE,TRUE,TRUE,NA,2,2,1,1
"GISAID_US","Gamma","cumulative_1m","hellinger_T1",3,5,3,7,"ok",4,6369,"ok",95,2,0.756277022651861,FALSE,7,9,FALSE,TRUE,TRUE,NA,2,2,1,1
"GISAID_US","Gamma","cumulative_1m","hellinger_T1",4,6,4,8,"ok",4,8152,"ok",17,2,0.676775821240588,FALSE,0,2,FALSE,TRUE,FALSE,NA,2,NA,1,0
"GISAID_US","Gamma","cumulative_1m","hellinger_T1",5,7,5,9,"ok",4,10652,"ok",68,2,0.725563910117506,FALSE,6,8,FALSE,TRUE,TRUE,NA,2,2,1,1
"GISAID_US","Gamma","cumulative_1m","hellinger_T1",6,8,6,10,"ok",4,14397,"ok",87,2,0.735889849169001,FALSE,7,9,FALSE,TRUE,TRUE,NA,2,2,1,1
"GISAID_US","Gamma","cumulative_1m","hellinger_T1",7,9,7,11,"ok",4,21252,"ok",13,2,0.592437942986598,FALSE,2,4,TRUE,FALSE,FALSE,1,NA,NA,1,0
"GISAID_US","Gamma","cumulative_1m","hellinger_T1",8,10,8,12,"ok",6,31197,"ok",20,2,0.524376708681695,FALSE,5,7,TRUE,FALSE,FALSE,1,NA,NA,1,0
"GISAID_US","Gamma","cumulative_1m","hellinger_T1",9,11,9,13,"ok",6,45150,"ok",28,2,0.638638729756547,FALSE,5,7,TRUE,FALSE,FALSE,1,NA,NA,1,0
"GISAID_US","Gamma","cumulative_1m","hellinger_T1",10,12,10,14,"ok",6,63186,"ok",33,2,0.646897194428733,FALSE,6,8,TRUE,FALSE,FALSE,1,NA,NA,1,0
"GISAID_US","Gamma","cumulative_1m","hellinger_T1",11,13,11,15,"ok",8,82955,"ok",33,4,0.563827900840692,FALSE,6,7,FALSE,FALSE,FALSE,NA,NA,NA,1,0
"GISAID_US","Gamma","cumulative_1m","hellinger_T1",12,14,12,16,"ok",9,101225,"ok",19,4,0.508250179298877,FALSE,2,3,FALSE,FALSE,FALSE,NA,NA,NA,1,0
"GISAID_US","Gamma","cumulative_1m","hellinger_T1",13,15,13,17,"ok",6,121084,"ok",50,3,0.590414484315955,FALSE,10,11,FALSE,FALSE,FALSE,NA,NA,NA,1,0
"GISAID_US","Gamma","cumulative_1m","hellinger_T1",14,16,14,18,"ok",7,144487,"ok",48,3,0.590031109098992,FALSE,10,11,FALSE,FALSE,FALSE,NA,NA,NA,1,0
"GISAID_US","Gamma","cumulative_1m","hellinger_T1",15,17,15,19,"ok",7,171384,"ok",43,4,0.585980378597764,FALSE,10,11,FALSE,FALSE,FALSE,NA,NA,NA,1,0
"GISAID_US","Gamma","cumulative_1m","hellinger_T1",16,18,16,20,"ok",7,202418,"ok",43,4,0.576053902757667,FALSE,10,11,FALSE,FALSE,FALSE,NA,NA,NA,1,0
"GISAID_US","Gamma","cumulative_1m","hellinger_Tpred",1,3,1,5,"ok",5,3368,"ok",16,3,0.708033678945593,FALSE,1,2,TRUE,FALSE,FALSE,1,NA,NA,10,0
"GISAID_US","Gamma","cumulative_1m","hellinger_Tpred",2,4,2,6,"ok",2,4843,"ok",114,2,0.779799740024357,FALSE,7,9,TRUE,TRUE,TRUE,2,2,2,10,1
"GISAID_US","Gamma","cumulative_1m","hellinger_Tpred",3,5,3,7,"ok",4,6369,"ok",95,2,0.753986549140952,FALSE,7,9,TRUE,TRUE,TRUE,2,2,2,10,1
"GISAID_US","Gamma","cumulative_1m","hellinger_Tpred",4,6,4,8,"ok",4,8152,"ok",17,2,0.675968318563462,FALSE,0,2,FALSE,FALSE,FALSE,NA,NA,NA,10,0
"GISAID_US","Gamma","cumulative_1m","hellinger_Tpred",5,7,5,9,"ok",4,10652,"ok",68,2,0.717228362886904,FALSE,6,8,TRUE,TRUE,TRUE,2,2,2,10,1
"GISAID_US","Gamma","cumulative_1m","hellinger_Tpred",6,8,6,10,"ok",4,14397,"ok",87,2,0.719360607174238,FALSE,7,9,TRUE,TRUE,TRUE,2,2,2,10,1
"GISAID_US","Gamma","cumulative_1m","hellinger_Tpred",7,9,7,11,"ok",4,21252,"ok",13,2,0.612072479858079,FALSE,2,4,TRUE,FALSE,FALSE,1,NA,NA,10,0
"GISAID_US","Gamma","cumulative_1m","hellinger_Tpred",8,10,8,12,"ok",6,31197,"ok",20,2,0.496525479368344,FALSE,5,7,FALSE,FALSE,FALSE,NA,NA,NA,10,0
"GISAID_US","Gamma","cumulative_1m","hellinger_Tpred",9,11,9,13,"ok",6,45150,"ok",28,5,0.538522544409396,FALSE,5,7,FALSE,FALSE,FALSE,NA,NA,NA,10,0
"GISAID_US","Gamma","cumulative_1m","hellinger_Tpred",10,12,10,14,"ok",6,63186,"ok",33,5,0.556101817176259,FALSE,6,8,FALSE,FALSE,FALSE,NA,NA,NA,10,0
"GISAID_US","Gamma","cumulative_1m","hellinger_Tpred",11,13,11,15,"ok",8,82955,"ok",33,4,0.584441479190084,FALSE,6,7,FALSE,FALSE,FALSE,NA,NA,NA,10,0
"GISAID_US","Gamma","cumulative_1m","hellinger_Tpred",12,14,12,16,"ok",9,101225,"ok",19,3,0.58887271859067,FALSE,2,3,TRUE,FALSE,FALSE,2,NA,NA,10,0
"GISAID_US","Gamma","cumulative_1m","hellinger_Tpred",13,15,13,17,"ok",6,121084,"ok",50,4,0.619792913604081,FALSE,10,11,FALSE,FALSE,FALSE,NA,NA,NA,10,0
"GISAID_US","Gamma","cumulative_1m","hellinger_Tpred",14,16,14,18,"ok",7,144487,"ok",48,4,0.611647147528901,FALSE,10,11,FALSE,FALSE,FALSE,NA,NA,NA,10,0
"GISAID_US","Gamma","cumulative_1m","hellinger_Tpred",15,17,15,19,"ok",7,171384,"ok",43,4,0.593139746866135,FALSE,10,11,FALSE,FALSE,FALSE,NA,NA,NA,10,0
"GISAID_US","Gamma","cumulative_1m","hellinger_Tpred",16,18,16,20,"ok",7,202418,"ok",43,4,0.588700228030774,FALSE,10,11,FALSE,FALSE,FALSE,NA,NA,NA,10,0
"GISAID_US","Gamma","disjoint_2m","entropy",1,3,1,5,"ok",8,5064,"ok",15,6,0.275678701281742,FALSE,2,4,TRUE,FALSE,FALSE,1,NA,NA,NA,0
"GISAID_US","Gamma","disjoint_2m","entropy",2,4,2,6,"ok",12,11471,"ok",24,3,0.411206623969119,FALSE,5,6,FALSE,FALSE,FALSE,NA,NA,NA,NA,0
"GISAID_US","Gamma","disjoint_2m","entropy",3,5,3,7,"ok",10,20536,"ok",41,3,0.413344765765297,FALSE,10,11,FALSE,FALSE,FALSE,NA,NA,NA,NA,0
"GISAID_US","Gamma","disjoint_2m","entropy",4,6,4,8,"ok",10,25125,"ok",52,2,0.376520919525632,FALSE,10,11,TRUE,TRUE,TRUE,2,2,2,NA,1
"GISAID_US","Gamma","disjoint_2m","entropy",5,7,5,9,"ok",13,37356,"ok",44,5,0.386748575204107,FALSE,10,11,FALSE,FALSE,FALSE,NA,NA,NA,NA,0
"GISAID_US","Gamma","disjoint_2m","entropy",6,8,6,10,"ok",14,50803,"ok",44,5,0.401847239097204,FALSE,10,11,FALSE,FALSE,FALSE,NA,NA,NA,NA,0
"GISAID_US","Gamma","disjoint_2m","hellinger_T1",1,3,1,5,"ok",8,5064,"ok",15,2,0.656028134770397,FALSE,2,4,TRUE,FALSE,FALSE,1,NA,NA,1,0
"GISAID_US","Gamma","disjoint_2m","hellinger_T1",2,4,2,6,"ok",12,11471,"ok",24,2,0.607696016457214,FALSE,5,6,TRUE,FALSE,FALSE,1,NA,NA,1,0
"GISAID_US","Gamma","disjoint_2m","hellinger_T1",3,5,3,7,"ok",10,20536,"ok",41,2,0.674104677292126,FALSE,10,11,FALSE,TRUE,TRUE,NA,2,2,1,1
"GISAID_US","Gamma","disjoint_2m","hellinger_T1",4,6,4,8,"ok",10,25125,"ok",52,2,0.698298682427123,FALSE,10,11,FALSE,TRUE,TRUE,NA,2,2,1,1
"GISAID_US","Gamma","disjoint_2m","hellinger_T1",5,7,5,9,"ok",13,37356,"ok",44,2,0.670939622996269,FALSE,10,11,FALSE,TRUE,TRUE,NA,2,2,1,1
"GISAID_US","Gamma","disjoint_2m","hellinger_T1",6,8,6,10,"ok",14,50803,"ok",44,2,0.667709998494719,FALSE,10,11,FALSE,TRUE,TRUE,NA,2,2,1,1
"GISAID_US","Gamma","disjoint_2m","hellinger_Tpred",1,3,1,5,"ok",8,5064,"ok",15,2,0.706503033108566,FALSE,2,4,TRUE,FALSE,FALSE,1,NA,NA,5,0
"GISAID_US","Gamma","disjoint_2m","hellinger_Tpred",2,4,2,6,"ok",12,11471,"ok",24,2,0.602970620722382,FALSE,5,6,TRUE,FALSE,FALSE,1,NA,NA,5,0
"GISAID_US","Gamma","disjoint_2m","hellinger_Tpred",3,5,3,7,"ok",10,20536,"ok",41,2,0.679432798310048,FALSE,10,11,FALSE,TRUE,TRUE,NA,2,2,5,1
"GISAID_US","Gamma","disjoint_2m","hellinger_Tpred",4,6,4,8,"ok",10,25125,"ok",52,2,0.702427113700452,FALSE,10,11,FALSE,TRUE,TRUE,NA,2,2,5,1
"GISAID_US","Gamma","disjoint_2m","hellinger_Tpred",5,7,5,9,"ok",13,37356,"ok",44,2,0.674249996028611,FALSE,10,11,FALSE,TRUE,TRUE,NA,2,2,5,1
"GISAID_US","Gamma","disjoint_2m","hellinger_Tpred",6,8,6,10,"ok",14,50803,"ok",44,2,0.671721689223066,FALSE,10,11,FALSE,TRUE,TRUE,NA,2,2,5,1
"GISAID_US","Gamma","sliding_2m","entropy",1,3,1,5,"ok",12,2794,"ok",4,3,0.224539757491783,TRUE,0,1,FALSE,FALSE,FALSE,NA,NA,NA,NA,0
"GISAID_US","Gamma","sliding_2m","entropy",2,4,2,6,"ok",2,3001,"ok",292,2,0.763934640707659,FALSE,7,9,TRUE,TRUE,TRUE,1,1,1,NA,1
"GISAID_US","Gamma","sliding_2m","entropy",3,5,3,7,"ok",2,3309,"ok",279,2,0.753328858862366,FALSE,7,9,TRUE,TRUE,TRUE,1,1,1,NA,1
"GISAID_US","Gamma","sliding_2m","entropy",4,6,4,8,"ok",3,4283,"ok",102,2,0.586116178362539,FALSE,7,9,TRUE,TRUE,TRUE,1,1,1,NA,1
"GISAID_US","Gamma","sliding_2m","entropy",5,7,5,9,"ok",4,6245,"ok",112,2,0.648962859548091,FALSE,7,8,TRUE,TRUE,TRUE,1,1,1,NA,1
"GISAID_US","Gamma","sliding_2m","entropy",6,8,6,10,"ok",3,10600,"ok",144,3,0.68639424901342,FALSE,7,8,TRUE,TRUE,FALSE,1,1,NA,NA,1
"GISAID_US","Gamma","sliding_2m","entropy",7,9,7,11,"ok",15,16800,"ok",17,2,0.392316840641069,FALSE,4,5,TRUE,TRUE,FALSE,1,1,NA,NA,0
"GISAID_US","Gamma","sliding_2m","entropy",8,10,8,12,"ok",14,23898,"ok",29,2,0.400511616310628,FALSE,5,6,FALSE,FALSE,FALSE,NA,NA,NA,NA,0
"GISAID_US","Gamma","sliding_2m","entropy",9,11,9,13,"ok",6,31989,"ok",44,3,0.400523189340561,FALSE,10,11,FALSE,FALSE,FALSE,NA,NA,NA,NA,0
"GISAID_US","Gamma","sliding_2m","entropy",10,12,10,14,"ok",6,37805,"ok",57,3,0.457390402493869,FALSE,10,11,TRUE,TRUE,FALSE,3,3,NA,NA,1
"GISAID_US","Gamma","sliding_2m","entropy",11,13,11,15,"ok",6,38039,"ok",56,5,0.360047476859183,FALSE,10,11,FALSE,FALSE,FALSE,NA,NA,NA,NA,0
"GISAID_US","Gamma","sliding_2m","entropy",12,14,12,16,"ok",5,38129,"ok",53,3,0.439370015541573,FALSE,10,11,FALSE,FALSE,FALSE,NA,NA,NA,NA,0
"GISAID_US","Gamma","sliding_2m","entropy",13,15,13,17,"ok",8,43262,"ok",58,3,0.421309110019231,FALSE,10,11,TRUE,TRUE,FALSE,3,3,NA,NA,1
"GISAID_US","Gamma","sliding_2m","entropy",14,16,14,18,"ok",8,50300,"ok",43,3,0.375686626803092,FALSE,10,11,FALSE,FALSE,FALSE,NA,NA,NA,NA,0
"GISAID_US","Gamma","sliding_2m","entropy",15,17,15,19,"ok",7,57931,"ok",35,4,0.419518635228671,FALSE,10,11,FALSE,FALSE,FALSE,NA,NA,NA,NA,0
"GISAID_US","Gamma","sliding_2m","hellinger_T1",1,3,1,5,"ok",12,2794,"ok",4,3,0.379628695891074,FALSE,0,1,FALSE,TRUE,FALSE,NA,3,NA,1,0
"GISAID_US","Gamma","sliding_2m","hellinger_T1",2,4,2,6,"ok",2,3001,"ok",292,2,0.84456448095265,FALSE,7,9,FALSE,TRUE,TRUE,NA,2,2,1,1
"GISAID_US","Gamma","sliding_2m","hellinger_T1",3,5,3,7,"ok",2,3309,"ok",279,2,0.839863859596623,FALSE,7,9,FALSE,TRUE,TRUE,NA,2,2,1,1
"GISAID_US","Gamma","sliding_2m","hellinger_T1",4,6,4,8,"ok",3,4283,"ok",102,2,0.764053155212398,FALSE,7,9,FALSE,TRUE,TRUE,NA,2,2,1,1
"GISAID_US","Gamma","sliding_2m","hellinger_T1",5,7,5,9,"ok",4,6245,"ok",112,2,0.776497242950487,FALSE,7,8,FALSE,TRUE,TRUE,NA,2,2,1,1
"GISAID_US","Gamma","sliding_2m","hellinger_T1",6,8,6,10,"ok",3,10600,"ok",144,2,0.788710644479893,FALSE,7,8,FALSE,TRUE,TRUE,NA,2,2,1,1
"GISAID_US","Gamma","sliding_2m","hellinger_T1",7,9,7,11,"ok",15,16800,"ok",17,2,0.642045017085925,FALSE,4,5,TRUE,FALSE,FALSE,1,NA,NA,1,0
"GISAID_US","Gamma","sliding_2m","hellinger_T1",8,10,8,12,"ok",14,23898,"ok",29,2,0.683923182209393,FALSE,5,6,TRUE,FALSE,FALSE,1,NA,NA,1,0
"GISAID_US","Gamma","sliding_2m","hellinger_T1",9,11,9,13,"ok",6,31989,"ok",44,2,0.665522418095275,FALSE,10,11,FALSE,TRUE,TRUE,NA,2,2,1,1
"GISAID_US","Gamma","sliding_2m","hellinger_T1",10,12,10,14,"ok",6,37805,"ok",57,2,0.692956879492577,FALSE,10,11,FALSE,TRUE,TRUE,NA,2,2,1,1
"GISAID_US","Gamma","sliding_2m","hellinger_T1",11,13,11,15,"ok",6,38039,"ok",56,2,0.691660609364361,FALSE,10,11,FALSE,TRUE,TRUE,NA,2,2,1,1
"GISAID_US","Gamma","sliding_2m","hellinger_T1",12,14,12,16,"ok",5,38129,"ok",53,2,0.687400720273595,FALSE,10,11,FALSE,TRUE,TRUE,NA,2,2,1,1
"GISAID_US","Gamma","sliding_2m","hellinger_T1",13,15,13,17,"ok",8,43262,"ok",58,2,0.682478161661351,FALSE,10,11,FALSE,TRUE,TRUE,NA,2,2,1,1
"GISAID_US","Gamma","sliding_2m","hellinger_T1",14,16,14,18,"ok",8,50300,"ok",43,2,0.659875386542786,FALSE,10,11,FALSE,TRUE,TRUE,NA,2,2,1,1
"GISAID_US","Gamma","sliding_2m","hellinger_T1",15,17,15,19,"ok",7,57931,"ok",35,2,0.635900128147844,FALSE,10,11,TRUE,FALSE,FALSE,1,NA,NA,1,0
"GISAID_US","Gamma","sliding_2m","hellinger_Tpred",1,3,1,5,"ok",12,2794,"ok",4,2,0.44866201416282,FALSE,0,1,FALSE,TRUE,FALSE,NA,1,NA,9,0
"GISAID_US","Gamma","sliding_2m","hellinger_Tpred",2,4,2,6,"ok",2,3001,"ok",292,2,0.868935656346597,FALSE,7,9,FALSE,TRUE,TRUE,NA,2,2,9,1
"GISAID_US","Gamma","sliding_2m","hellinger_Tpred",3,5,3,7,"ok",2,3309,"ok",279,2,0.864518470454606,FALSE,7,9,FALSE,TRUE,TRUE,NA,2,2,9,1
"GISAID_US","Gamma","sliding_2m","hellinger_Tpred",4,6,4,8,"ok",3,4283,"ok",102,2,0.795132409908384,FALSE,7,9,FALSE,TRUE,TRUE,NA,2,2,9,1
"GISAID_US","Gamma","sliding_2m","hellinger_Tpred",5,7,5,9,"ok",4,6245,"ok",112,2,0.79401984951489,FALSE,7,8,FALSE,TRUE,TRUE,NA,2,2,9,1
"GISAID_US","Gamma","sliding_2m","hellinger_Tpred",6,8,6,10,"ok",3,10600,"ok",144,2,0.80718370341505,FALSE,7,8,FALSE,TRUE,TRUE,NA,2,2,9,1
"GISAID_US","Gamma","sliding_2m","hellinger_Tpred",7,9,7,11,"ok",15,16800,"ok",17,2,0.594819909080724,FALSE,4,5,TRUE,FALSE,FALSE,1,NA,NA,9,0
"GISAID_US","Gamma","sliding_2m","hellinger_Tpred",8,10,8,12,"ok",14,23898,"ok",29,2,0.647410453752526,FALSE,5,6,TRUE,FALSE,FALSE,1,NA,NA,9,0
"GISAID_US","Gamma","sliding_2m","hellinger_Tpred",9,11,9,13,"ok",6,31989,"ok",44,2,0.673732781360891,FALSE,10,11,FALSE,TRUE,TRUE,NA,2,2,9,1
"GISAID_US","Gamma","sliding_2m","hellinger_Tpred",10,12,10,14,"ok",6,37805,"ok",57,2,0.698712022133251,FALSE,10,11,FALSE,TRUE,TRUE,NA,2,2,9,1
"GISAID_US","Gamma","sliding_2m","hellinger_Tpred",11,13,11,15,"ok",6,38039,"ok",56,2,0.697599246881044,FALSE,10,11,FALSE,TRUE,TRUE,NA,2,2,9,1
"GISAID_US","Gamma","sliding_2m","hellinger_Tpred",12,14,12,16,"ok",5,38129,"ok",53,2,0.692513320058173,FALSE,10,11,FALSE,TRUE,TRUE,NA,2,2,9,1
"GISAID_US","Gamma","sliding_2m","hellinger_Tpred",13,15,13,17,"ok",8,43262,"ok",58,2,0.692206849027918,FALSE,10,11,FALSE,TRUE,TRUE,NA,2,2,9,1
"GISAID_US","Gamma","sliding_2m","hellinger_Tpred",14,16,14,18,"ok",8,50300,"ok",43,2,0.673451802549188,FALSE,10,11,FALSE,TRUE,TRUE,NA,2,2,9,1
"GISAID_US","Gamma","sliding_2m","hellinger_Tpred",15,17,15,19,"ok",7,57931,"ok",35,2,0.660010918374551,FALSE,10,11,TRUE,FALSE,FALSE,1,NA,NA,9,0
"GISAID_US","Kappa","cumulative_1m","entropy",1,3,1,5,"ok",2,3953,"ok",153,2,0.744848664853474,FALSE,3,6,TRUE,TRUE,TRUE,1,1,1,NA,1
"GISAID_US","Kappa","cumulative_1m","entropy",2,4,2,6,"ok",6,5479,"ok",14,2,0.52163821775878,FALSE,1,3,TRUE,FALSE,FALSE,2,NA,NA,NA,0
"GISAID_US","Kappa","cumulative_1m","entropy",3,5,3,7,"ok",3,7262,"ok",104,2,0.702801543406884,FALSE,2,5,TRUE,TRUE,TRUE,1,1,1,NA,1
"GISAID_US","Kappa","cumulative_1m","entropy",4,6,4,8,"ok",3,9762,"ok",79,2,0.662023109186839,FALSE,2,5,TRUE,TRUE,TRUE,1,1,1,NA,1
"GISAID_US","Kappa","cumulative_1m","entropy",5,7,5,9,"ok",4,13507,"ok",93,2,0.667240271079272,FALSE,3,6,TRUE,TRUE,TRUE,1,1,1,NA,1
"GISAID_US","Kappa","cumulative_1m","entropy",6,8,6,10,"ok",4,20362,"ok",107,2,0.675011468614396,FALSE,3,6,TRUE,TRUE,TRUE,1,1,1,NA,1
"GISAID_US","Kappa","cumulative_1m","entropy",7,9,7,11,"ok",5,30307,"ok",113,2,0.683984372458299,FALSE,3,6,TRUE,TRUE,TRUE,1,1,1,NA,1
"GISAID_US","Kappa","cumulative_1m","entropy",8,10,8,12,"ok",6,44260,"ok",27,4,0.462525272959932,FALSE,3,5,FALSE,FALSE,FALSE,NA,NA,NA,NA,0
"GISAID_US","Kappa","cumulative_1m","entropy",9,11,9,13,"ok",6,62296,"ok",32,2,0.369985433768953,FALSE,3,5,FALSE,FALSE,FALSE,NA,NA,NA,NA,0
"GISAID_US","Kappa","cumulative_1m","entropy",10,12,10,14,"ok",7,82065,"ok",40,5,0.479508368090007,FALSE,3,5,FALSE,FALSE,FALSE,NA,NA,NA,NA,0
"GISAID_US","Kappa","cumulative_1m","entropy",11,13,11,15,"ok",7,100335,"ok",47,4,0.500902783431268,FALSE,3,5,FALSE,FALSE,FALSE,NA,NA,NA,NA,0
"GISAID_US","Kappa","cumulative_1m","entropy",12,14,12,16,"ok",7,120194,"ok",50,4,0.513162296880129,FALSE,3,5,FALSE,FALSE,FALSE,NA,NA,NA,NA,0
"GISAID_US","Kappa","cumulative_1m","entropy",13,15,13,17,"ok",7,143597,"ok",48,4,0.505039071987151,FALSE,3,5,FALSE,FALSE,FALSE,NA,NA,NA,NA,0
"GISAID_US","Kappa","cumulative_1m","entropy",14,16,14,18,"ok",7,170494,"ok",44,3,0.443721167923085,FALSE,3,5,TRUE,FALSE,FALSE,3,NA,NA,NA,0
"GISAID_US","Kappa","cumulative_1m","entropy",15,17,15,19,"ok",8,201528,"ok",44,5,0.441041213488779,FALSE,3,5,FALSE,FALSE,FALSE,NA,NA,NA,NA,0
"GISAID_US","Kappa","cumulative_1m","entropy",16,18,16,20,"ok",7,237467,"ok",44,5,0.441041213488779,FALSE,3,5,FALSE,FALSE,FALSE,NA,NA,NA,NA,0
"GISAID_US","Kappa","cumulative_1m","hellinger_T1",1,3,1,5,"ok",2,3953,"ok",153,2,0.761807132851262,FALSE,3,6,TRUE,TRUE,TRUE,2,2,2,1,1
"GISAID_US","Kappa","cumulative_1m","hellinger_T1",2,4,2,6,"ok",6,5479,"ok",14,3,0.586109236100978,FALSE,1,3,TRUE,FALSE,FALSE,3,NA,NA,1,0
"GISAID_US","Kappa","cumulative_1m","hellinger_T1",3,5,3,7,"ok",3,7262,"ok",104,2,0.672656126987546,FALSE,2,5,TRUE,TRUE,TRUE,2,2,2,1,1
"GISAID_US","Kappa","cumulative_1m","hellinger_T1",4,6,4,8,"ok",3,9762,"ok",79,2,0.628721766262717,FALSE,2,5,TRUE,TRUE,TRUE,2,2,2,1,1
"GISAID_US","Kappa","cumulative_1m","hellinger_T1",5,7,5,9,"ok",4,13507,"ok",93,2,0.635868244498541,FALSE,3,6,TRUE,TRUE,TRUE,2,2,2,1,1
"GISAID_US","Kappa","cumulative_1m","hellinger_T1",6,8,6,10,"ok",4,20362,"ok",107,2,0.605601450711864,FALSE,3,6,TRUE,TRUE,TRUE,2,2,2,1,1
"GISAID_US","Kappa","cumulative_1m","hellinger_T1",7,9,7,11,"ok",5,30307,"ok",113,2,0.616699010926877,FALSE,3,6,TRUE,TRUE,TRUE,2,2,2,1,1
"GISAID_US","Kappa","cumulative_1m","hellinger_T1",8,10,8,12,"ok",6,44260,"ok",27,4,0.537840347334892,FALSE,3,5,FALSE,FALSE,FALSE,NA,NA,NA,1,0
"GISAID_US","Kappa","cumulative_1m","hellinger_T1",9,11,9,13,"ok",6,62296,"ok",32,4,0.563217435983417,FALSE,3,5,FALSE,FALSE,FALSE,NA,NA,NA,1,0
"GISAID_US","Kappa","cumulative_1m","hellinger_T1",10,12,10,14,"ok",7,82065,"ok",40,4,0.580709539238074,FALSE,3,5,FALSE,FALSE,FALSE,NA,NA,NA,1,0
"GISAID_US","Kappa","cumulative_1m","hellinger_T1",11,13,11,15,"ok",7,100335,"ok",47,4,0.572151501764965,FALSE,3,5,FALSE,FALSE,FALSE,NA,NA,NA,1,0
"GISAID_US","Kappa","cumulative_1m","hellinger_T1",12,14,12,16,"ok",7,120194,"ok",50,4,0.580276929368861,FALSE,3,5,FALSE,FALSE,FALSE,NA,NA,NA,1,1
"GISAID_US","Kappa","cumulative_1m","hellinger_T1",13,15,13,17,"ok",7,143597,"ok",48,4,0.57572403453825,FALSE,3,5,FALSE,FALSE,FALSE,NA,NA,NA,1,0
"GISAID_US","Kappa","cumulative_1m","hellinger_T1",14,16,14,18,"ok",7,170494,"ok",44,4,0.527823766443741,FALSE,3,5,FALSE,FALSE,FALSE,NA,NA,NA,1,0
"GISAID_US","Kappa","cumulative_1m","hellinger_T1",15,17,15,19,"ok",8,201528,"ok",44,2,0.521602069559686,FALSE,3,5,TRUE,TRUE,TRUE,2,2,2,1,1
"GISAID_US","Kappa","cumulative_1m","hellinger_T1",16,18,16,20,"ok",7,237467,"ok",44,2,0.521602069559686,FALSE,3,5,TRUE,TRUE,TRUE,2,2,2,1,1
"GISAID_US","Kappa","cumulative_1m","hellinger_Tpred",1,3,1,5,"ok",2,3953,"ok",153,2,0.821076932861299,FALSE,3,6,TRUE,TRUE,TRUE,2,2,2,9,1
"GISAID_US","Kappa","cumulative_1m","hellinger_Tpred",2,4,2,6,"ok",6,5479,"ok",14,2,0.715023675808348,FALSE,1,3,TRUE,FALSE,FALSE,2,NA,NA,9,0
"GISAID_US","Kappa","cumulative_1m","hellinger_Tpred",3,5,3,7,"ok",3,7262,"ok",104,2,0.785980953213967,FALSE,2,5,TRUE,TRUE,TRUE,2,2,2,9,1
"GISAID_US","Kappa","cumulative_1m","hellinger_Tpred",4,6,4,8,"ok",3,9762,"ok",79,3,0.723202100310321,FALSE,2,5,FALSE,FALSE,FALSE,NA,NA,NA,9,1
"GISAID_US","Kappa","cumulative_1m","hellinger_Tpred",5,7,5,9,"ok",4,13507,"ok",93,2,0.75602521168411,FALSE,3,6,TRUE,TRUE,TRUE,2,2,2,9,1
"GISAID_US","Kappa","cumulative_1m","hellinger_Tpred",6,8,6,10,"ok",4,20362,"ok",107,2,0.756711959347218,FALSE,3,6,TRUE,TRUE,TRUE,2,2,2,9,1
"GISAID_US","Kappa","cumulative_1m","hellinger_Tpred",7,9,7,11,"ok",5,30307,"ok",113,3,0.763619717465031,FALSE,3,6,FALSE,FALSE,FALSE,NA,NA,NA,9,1
"GISAID_US","Kappa","cumulative_1m","hellinger_Tpred",8,10,8,12,"ok",6,44260,"ok",27,3,0.61645062500677,FALSE,3,5,TRUE,FALSE,FALSE,3,NA,NA,9,0
"GISAID_US","Kappa","cumulative_1m","hellinger_Tpred",9,11,9,13,"ok",6,62296,"ok",32,3,0.624668072213795,FALSE,3,5,TRUE,FALSE,FALSE,3,NA,NA,9,0
"GISAID_US","Kappa","cumulative_1m","hellinger_Tpred",10,12,10,14,"ok",7,82065,"ok",40,3,0.629546952530944,FALSE,3,5,TRUE,FALSE,FALSE,3,NA,NA,9,0
"GISAID_US","Kappa","cumulative_1m","hellinger_Tpred",11,13,11,15,"ok",7,100335,"ok",47,3,0.641900544967628,FALSE,3,5,TRUE,FALSE,FALSE,2,NA,NA,9,0
"GISAID_US","Kappa","cumulative_1m","hellinger_Tpred",12,14,12,16,"ok",7,120194,"ok",50,3,0.651436591175255,FALSE,3,5,TRUE,FALSE,FALSE,2,NA,NA,9,0
"GISAID_US","Kappa","cumulative_1m","hellinger_Tpred",13,15,13,17,"ok",7,143597,"ok",48,3,0.644544927240708,FALSE,3,5,TRUE,FALSE,FALSE,2,NA,NA,9,0
"GISAID_US","Kappa","cumulative_1m","hellinger_Tpred",14,16,14,18,"ok",7,170494,"ok",44,3,0.632183460647615,FALSE,3,5,TRUE,FALSE,FALSE,2,NA,NA,9,0
"GISAID_US","Kappa","cumulative_1m","hellinger_Tpred",15,17,15,19,"ok",8,201528,"ok",44,3,0.623478166623107,FALSE,3,5,TRUE,FALSE,FALSE,2,NA,NA,9,0
"GISAID_US","Kappa","cumulative_1m","hellinger_Tpred",16,18,16,20,"ok",7,237467,"ok",44,3,0.623478166623107,FALSE,3,5,TRUE,FALSE,FALSE,2,NA,NA,9,0
"GISAID_US","Kappa","disjoint_2m","entropy",1,3,1,5,"ok",12,8330,"ok",10,2,0.354276098572031,FALSE,2,2,TRUE,TRUE,FALSE,1,1,NA,NA,0
"GISAID_US","Kappa","disjoint_2m","entropy",2,4,2,6,"ok",9,15736,"ok",31,3,0.398358940192562,FALSE,3,5,TRUE,FALSE,FALSE,1,NA,NA,NA,0
"GISAID_US","Kappa","disjoint_2m","entropy",3,5,3,7,"ok",9,23514,"ok",40,3,0.408518718149059,FALSE,3,5,TRUE,FALSE,FALSE,1,NA,NA,NA,0
"GISAID_US","Kappa","disjoint_2m","entropy",4,6,4,8,"ok",9,29804,"ok",41,3,0.424905046732085,FALSE,3,5,TRUE,FALSE,FALSE,3,NA,NA,NA,0
"GISAID_US","Kappa","disjoint_2m","entropy",5,7,5,9,"ok",10,44933,"ok",43,6,0.437313661796236,FALSE,3,5,TRUE,FALSE,FALSE,1,NA,NA,NA,0
"GISAID_US","Kappa","disjoint_2m","entropy",6,8,6,10,"ok",12,54209,"ok",21,2,0.474809347076353,FALSE,3,5,TRUE,FALSE,FALSE,1,NA,NA,NA,0
"GISAID_US","Kappa","disjoint_2m","hellinger_T1",1,3,1,5,"ok",12,8330,"ok",10,2,0.794789776551171,FALSE,2,2,TRUE,TRUE,FALSE,2,2,NA,1,0
"GISAID_US","Kappa","disjoint_2m","hellinger_T1",2,4,2,6,"ok",9,15736,"ok",31,2,0.656392897445808,FALSE,3,5,FALSE,FALSE,FALSE,NA,NA,NA,1,0
"GISAID_US","Kappa","disjoint_2m","hellinger_T1",3,5,3,7,"ok",9,23514,"ok",40,2,0.688984188901152,FALSE,3,5,FALSE,FALSE,FALSE,NA,NA,NA,1,0
"GISAID_US","Kappa","disjoint_2m","hellinger_T1",4,6,4,8,"ok",9,29804,"ok",41,2,0.721577319257767,FALSE,3,5,FALSE,FALSE,FALSE,NA,NA,NA,1,0
"GISAID_US","Kappa","disjoint_2m","hellinger_T1",5,7,5,9,"ok",10,44933,"ok",43,2,0.707925586373604,FALSE,3,5,TRUE,TRUE,TRUE,2,2,2,1,1
"GISAID_US","Kappa","disjoint_2m","hellinger_T1",6,8,6,10,"ok",12,54209,"ok",21,2,0.713185010403654,FALSE,3,5,FALSE,FALSE,FALSE,NA,NA,NA,1,0
"GISAID_US","Kappa","disjoint_2m","hellinger_Tpred",1,3,1,5,"ok",12,8330,"ok",10,2,0.652548015566589,FALSE,2,2,TRUE,TRUE,FALSE,2,2,NA,5,0
"GISAID_US","Kappa","disjoint_2m","hellinger_Tpred",2,4,2,6,"ok",9,15736,"ok",31,2,0.661462831947926,FALSE,3,5,FALSE,FALSE,FALSE,NA,NA,NA,5,0
"GISAID_US","Kappa","disjoint_2m","hellinger_Tpred",3,5,3,7,"ok",9,23514,"ok",40,2,0.695090279294602,FALSE,3,5,TRUE,TRUE,TRUE,2,2,2,5,1
"GISAID_US","Kappa","disjoint_2m","hellinger_Tpred",4,6,4,8,"ok",9,29804,"ok",41,2,0.704915477356976,FALSE,3,5,FALSE,FALSE,FALSE,NA,NA,NA,5,0
"GISAID_US","Kappa","disjoint_2m","hellinger_Tpred",5,7,5,9,"ok",10,44933,"ok",43,2,0.695580515711134,FALSE,3,5,TRUE,TRUE,TRUE,2,2,2,5,1
"GISAID_US","Kappa","disjoint_2m","hellinger_Tpred",6,8,6,10,"ok",12,54209,"ok",21,2,0.735107001716893,FALSE,3,5,FALSE,FALSE,FALSE,NA,NA,NA,5,0
"GISAID_US","Kappa","sliding_2m","entropy",1,3,1,5,"ok",2,3001,"ok",292,2,0.767459772363112,FALSE,3,6,TRUE,TRUE,TRUE,1,1,1,NA,1
"GISAID_US","Kappa","sliding_2m","entropy",2,4,2,6,"ok",2,3309,"ok",279,2,0.756925032690626,FALSE,3,6,TRUE,TRUE,TRUE,1,1,1,NA,1
"GISAID_US","Kappa","sliding_2m","entropy",3,5,3,7,"ok",3,4283,"ok",102,2,0.598268027523861,FALSE,2,5,TRUE,TRUE,TRUE,1,1,1,NA,1
"GISAID_US","Kappa","sliding_2m","entropy",4,6,4,8,"ok",4,6245,"ok",112,2,0.631517424244738,FALSE,3,5,TRUE,TRUE,TRUE,1,1,1,NA,1
"GISAID_US","Kappa","sliding_2m","entropy",5,7,5,9,"ok",3,10600,"ok",144,3,0.689508168242374,FALSE,3,5,TRUE,FALSE,FALSE,1,NA,NA,NA,1
"GISAID_US","Kappa","sliding_2m","entropy",6,8,6,10,"ok",15,16800,"ok",17,3,0.402013878673334,FALSE,3,4,TRUE,FALSE,FALSE,1,NA,NA,NA,0
"GISAID_US","Kappa","sliding_2m","entropy",7,9,7,11,"ok",14,23898,"ok",29,3,0.397030426606894,FALSE,3,4,TRUE,FALSE,FALSE,1,NA,NA,NA,0
"GISAID_US","Kappa","sliding_2m","entropy",8,10,8,12,"ok",6,31989,"ok",44,3,0.407140214070623,FALSE,3,5,TRUE,FALSE,FALSE,1,NA,NA,NA,0
"GISAID_US","Kappa","sliding_2m","entropy",9,11,9,13,"ok",6,37805,"ok",57,3,0.464429156401052,FALSE,3,5,TRUE,FALSE,FALSE,3,NA,NA,NA,1
"GISAID_US","Kappa","sliding_2m","entropy",10,12,10,14,"ok",6,38039,"ok",56,3,0.41906231842586,FALSE,3,5,TRUE,FALSE,FALSE,2,NA,NA,NA,1
"GISAID_US","Kappa","sliding_2m","entropy",11,13,11,15,"ok",5,38129,"ok",53,5,0.40869028819291,FALSE,3,5,TRUE,FALSE,FALSE,4,NA,NA,NA,0
"GISAID_US","Kappa","sliding_2m","entropy",12,14,12,16,"ok",8,43262,"ok",58,3,0.400128797847534,FALSE,3,5,TRUE,FALSE,FALSE,2,NA,NA,NA,1
"GISAID_US","Kappa","sliding_2m","entropy",13,15,13,17,"ok",8,50300,"ok",43,6,0.359950167369202,FALSE,3,5,FALSE,FALSE,FALSE,NA,NA,NA,NA,0
"GISAID_US","Kappa","sliding_2m","entropy",14,16,14,18,"ok",7,57931,"ok",35,4,0.413540200213455,FALSE,3,5,TRUE,FALSE,FALSE,1,NA,NA,NA,0
"GISAID_US","Kappa","sliding_2m","entropy",15,17,15,19,"ok",8,66973,"ok",23,2,0.347338699285707,FALSE,3,5,TRUE,FALSE,FALSE,1,NA,NA,NA,0
"GISAID_US","Kappa","sliding_2m","hellinger_T1",1,3,1,5,"ok",2,3001,"ok",292,2,0.85019891529695,FALSE,3,6,TRUE,TRUE,TRUE,2,2,2,1,1
"GISAID_US","Kappa","sliding_2m","hellinger_T1",2,4,2,6,"ok",2,3309,"ok",279,2,0.845754974405191,FALSE,3,6,TRUE,TRUE,TRUE,2,2,2,1,1
"GISAID_US","Kappa","sliding_2m","hellinger_T1",3,5,3,7,"ok",3,4283,"ok",102,2,0.786686923877665,FALSE,2,5,TRUE,TRUE,TRUE,2,2,2,1,1
"GISAID_US","Kappa","sliding_2m","hellinger_T1",4,6,4,8,"ok",4,6245,"ok",112,2,0.781586674987367,FALSE,3,5,TRUE,TRUE,TRUE,2,2,2,1,1
"GISAID_US","Kappa","sliding_2m","hellinger_T1",5,7,5,9,"ok",3,10600,"ok",144,2,0.795830543480459,FALSE,3,5,TRUE,TRUE,TRUE,2,2,2,1,1
"GISAID_US","Kappa","sliding_2m","hellinger_T1",6,8,6,10,"ok",15,16800,"ok",17,2,0.664605736824702,FALSE,3,4,FALSE,FALSE,FALSE,NA,NA,NA,1,0
"GISAID_US","Kappa","sliding_2m","hellinger_T1",7,9,7,11,"ok",14,23898,"ok",29,2,0.704632828944951,FALSE,3,4,FALSE,FALSE,FALSE,NA,NA,NA,1,0
"GISAID_US","Kappa","sliding_2m","hellinger_T1",8,10,8,12,"ok",6,31989,"ok",44,2,0.674279257579829,FALSE,3,5,TRUE,TRUE,TRUE,2,2,2,1,1
"GISAID_US","Kappa","sliding_2m","hellinger_T1",9,11,9,13,"ok",6,37805,"ok",57,2,0.702342045445644,FALSE,3,5,TRUE,TRUE,TRUE,2,2,2,1,1
"GISAID_US","Kappa","sliding_2m","hellinger_T1",10,12,10,14,"ok",6,38039,"ok",56,2,0.700733755201559,FALSE,3,5,TRUE,TRUE,TRUE,2,2,2,1,1
"GISAID_US","Kappa","sliding_2m","hellinger_T1",11,13,11,15,"ok",5,38129,"ok",53,2,0.69464225123875,FALSE,3,5,TRUE,TRUE,TRUE,2,2,2,1,1
"GISAID_US","Kappa","sliding_2m","hellinger_T1",12,14,12,16,"ok",8,43262,"ok",58,2,0.691887999864557,FALSE,3,5,TRUE,TRUE,TRUE,2,2,2,1,1
"GISAID_US","Kappa","sliding_2m","hellinger_T1",13,15,13,17,"ok",8,50300,"ok",43,2,0.664538750637183,FALSE,3,5,FALSE,FALSE,FALSE,NA,NA,NA,1,0
"GISAID_US","Kappa","sliding_2m","hellinger_T1",14,16,14,18,"ok",7,57931,"ok",35,2,0.640221930859955,FALSE,3,5,FALSE,FALSE,FALSE,NA,NA,NA,1,0
"GISAID_US","Kappa","sliding_2m","hellinger_T1",15,17,15,19,"ok",8,66973,"ok",23,2,0.594803990335508,FALSE,3,5,FALSE,FALSE,FALSE,NA,NA,NA,1,0
"GISAID_US","Kappa","sliding_2m","hellinger_Tpred",1,3,1,5,"ok",2,3001,"ok",292,2,0.885089074358541,FALSE,3,6,TRUE,TRUE,TRUE,2,2,2,8,1
"GISAID_US","Kappa","sliding_2m","hellinger_Tpred",2,4,2,6,"ok",2,3309,"ok",279,2,0.88120385163207,FALSE,3,6,TRUE,TRUE,TRUE,2,2,2,8,1
"GISAID_US","Kappa","sliding_2m","hellinger_Tpred",3,5,3,7,"ok",3,4283,"ok",102,2,0.819041269985127,FALSE,2,5,TRUE,TRUE,TRUE,2,2,2,8,1
"GISAID_US","Kappa","sliding_2m","hellinger_Tpred",4,6,4,8,"ok",4,6245,"ok",112,2,0.81600611538327,FALSE,3,5,TRUE,TRUE,TRUE,2,2,2,8,1
"GISAID_US","Kappa","sliding_2m","hellinger_Tpred",5,7,5,9,"ok",3,10600,"ok",144,2,0.82795667582278,FALSE,3,5,TRUE,TRUE,TRUE,2,2,2,8,1
"GISAID_US","Kappa","sliding_2m","hellinger_Tpred",6,8,6,10,"ok",15,16800,"ok",17,2,0.630469469422367,FALSE,3,4,FALSE,FALSE,FALSE,NA,NA,NA,8,0
"GISAID_US","Kappa","sliding_2m","hellinger_Tpred",7,9,7,11,"ok",14,23898,"ok",29,2,0.681516730582686,FALSE,3,4,FALSE,FALSE,FALSE,NA,NA,NA,8,0
"GISAID_US","Kappa","sliding_2m","hellinger_Tpred",8,10,8,12,"ok",6,31989,"ok",44,2,0.7079099526671,FALSE,3,5,TRUE,TRUE,TRUE,2,2,2,8,1
"GISAID_US","Kappa","sliding_2m","hellinger_Tpred",9,11,9,13,"ok",6,37805,"ok",57,2,0.730581537816171,FALSE,3,5,TRUE,TRUE,TRUE,2,2,2,8,1
"GISAID_US","Kappa","sliding_2m","hellinger_Tpred",10,12,10,14,"ok",6,38039,"ok",56,2,0.729504707494691,FALSE,3,5,TRUE,TRUE,TRUE,2,2,2,8,1
"GISAID_US","Kappa","sliding_2m","hellinger_Tpred",11,13,11,15,"ok",5,38129,"ok",53,2,0.7248904490351,FALSE,3,5,TRUE,TRUE,TRUE,2,2,2,8,1
"GISAID_US","Kappa","sliding_2m","hellinger_Tpred",12,14,12,16,"ok",8,43262,"ok",58,2,0.724399502696179,FALSE,3,5,TRUE,TRUE,TRUE,2,2,2,8,1
"GISAID_US","Kappa","sliding_2m","hellinger_Tpred",13,15,13,17,"ok",8,50300,"ok",43,2,0.706778296338901,FALSE,3,5,TRUE,TRUE,TRUE,2,2,2,8,1
"GISAID_US","Kappa","sliding_2m","hellinger_Tpred",14,16,14,18,"ok",7,57931,"ok",35,2,0.694402330341885,FALSE,3,5,FALSE,FALSE,FALSE,NA,NA,NA,8,0
"GISAID_US","Kappa","sliding_2m","hellinger_Tpred",15,17,15,19,"ok",8,66973,"ok",23,2,0.674558161588516,FALSE,3,5,FALSE,FALSE,FALSE,NA,NA,NA,8,0
"GISAID_US","Lambda","cumulative_1m","entropy",1,3,1,5,"ok",2,3953,"ok",153,2,0.744848664853474,FALSE,0,2,FALSE,TRUE,TRUE,NA,1,1,NA,1
"GISAID_US","Lambda","cumulative_1m","entropy",2,4,2,6,"ok",6,5479,"ok",14,2,0.52163821775878,FALSE,0,1,FALSE,TRUE,FALSE,NA,1,NA,NA,0
"GISAID_US","Lambda","cumulative_1m","entropy",3,5,3,7,"ok",3,7262,"ok",104,2,0.702801543406884,FALSE,0,1,FALSE,FALSE,TRUE,NA,NA,1,NA,1
"GISAID_US","Lambda","cumulative_1m","entropy",4,6,4,8,"ok",3,9762,"ok",79,2,0.662023109186839,FALSE,0,1,FALSE,FALSE,TRUE,NA,NA,1,NA,1
"GISAID_US","Lambda","cumulative_1m","entropy",5,7,5,9,"ok",4,13507,"ok",93,2,0.667240271079272,FALSE,0,2,FALSE,TRUE,TRUE,NA,1,1,NA,1
"GISAID_US","Lambda","cumulative_1m","entropy",6,8,6,10,"ok",4,20362,"ok",107,2,0.675011468614396,FALSE,0,2,FALSE,TRUE,TRUE,NA,1,1,NA,1
"GISAID_US","Lambda","cumulative_1m","entropy",7,9,7,11,"ok",5,30307,"ok",113,2,0.683984372458299,FALSE,0,2,FALSE,TRUE,TRUE,NA,1,1,NA,1
"GISAID_US","Lambda","cumulative_1m","entropy",8,10,8,12,"ok",6,44260,"ok",27,4,0.462525272959932,FALSE,0,1,FALSE,FALSE,FALSE,NA,NA,NA,NA,0
"GISAID_US","Lambda","cumulative_1m","entropy",9,11,9,13,"ok",6,62296,"ok",32,2,0.369985433768953,FALSE,0,1,FALSE,TRUE,FALSE,NA,2,NA,NA,0
"GISAID_US","Lambda","cumulative_1m","entropy",10,12,10,14,"ok",7,82065,"ok",40,5,0.479508368090007,FALSE,0,1,FALSE,FALSE,FALSE,NA,NA,NA,NA,0
"GISAID_US","Lambda","cumulative_1m","entropy",11,13,11,15,"ok",7,100335,"ok",47,4,0.500902783431268,FALSE,0,1,FALSE,FALSE,FALSE,NA,NA,NA,NA,0
"GISAID_US","Lambda","cumulative_1m","entropy",12,14,12,16,"ok",7,120194,"ok",50,4,0.513162296880129,FALSE,0,1,FALSE,FALSE,FALSE,NA,NA,NA,NA,0
"GISAID_US","Lambda","cumulative_1m","entropy",13,15,13,17,"ok",7,143597,"ok",48,4,0.505039071987151,FALSE,0,1,FALSE,FALSE,FALSE,NA,NA,NA,NA,0
"GISAID_US","Lambda","cumulative_1m","entropy",14,16,14,18,"ok",7,170494,"ok",44,3,0.443721167923085,FALSE,0,1,FALSE,FALSE,FALSE,NA,NA,NA,NA,0
"GISAID_US","Lambda","cumulative_1m","entropy",15,17,15,19,"ok",8,201528,"ok",44,5,0.441041213488779,FALSE,0,1,FALSE,FALSE,FALSE,NA,NA,NA,NA,0
"GISAID_US","Lambda","cumulative_1m","entropy",16,18,16,20,"ok",7,237467,"ok",44,5,0.441041213488779,FALSE,0,1,FALSE,FALSE,FALSE,NA,NA,NA,NA,0
"GISAID_US","Lambda","cumulative_1m","hellinger_T1",1,3,1,5,"ok",2,3953,"ok",153,2,0.761807132851262,FALSE,0,2,FALSE,TRUE,TRUE,NA,2,2,1,1
"GISAID_US","Lambda","cumulative_1m","hellinger_T1",2,4,2,6,"ok",6,5479,"ok",14,3,0.586109236100978,FALSE,0,1,FALSE,TRUE,FALSE,NA,3,NA,1,0
"GISAID_US","Lambda","cumulative_1m","hellinger_T1",3,5,3,7,"ok",3,7262,"ok",104,2,0.672656126987546,FALSE,0,1,FALSE,TRUE,TRUE,NA,2,2,1,1
"GISAID_US","Lambda","cumulative_1m","hellinger_T1",4,6,4,8,"ok",3,9762,"ok",79,2,0.628721766262717,FALSE,0,1,FALSE,TRUE,TRUE,NA,2,2,1,1
"GISAID_US","Lambda","cumulative_1m","hellinger_T1",5,7,5,9,"ok",4,13507,"ok",93,2,0.635868244498541,FALSE,0,2,FALSE,TRUE,TRUE,NA,2,2,1,1
"GISAID_US","Lambda","cumulative_1m","hellinger_T1",6,8,6,10,"ok",4,20362,"ok",107,2,0.605601450711864,FALSE,0,2,FALSE,TRUE,TRUE,NA,2,2,1,1
"GISAID_US","Lambda","cumulative_1m","hellinger_T1",7,9,7,11,"ok",5,30307,"ok",113,2,0.616699010926877,FALSE,0,2,FALSE,TRUE,TRUE,NA,2,2,1,1
"GISAID_US","Lambda","cumulative_1m","hellinger_T1",8,10,8,12,"ok",6,44260,"ok",27,4,0.537840347334892,FALSE,0,1,FALSE,TRUE,FALSE,NA,3,NA,1,0
"GISAID_US","Lambda","cumulative_1m","hellinger_T1",9,11,9,13,"ok",6,62296,"ok",32,4,0.563217435983417,FALSE,0,1,FALSE,TRUE,FALSE,NA,3,NA,1,0
"GISAID_US","Lambda","cumulative_1m","hellinger_T1",10,12,10,14,"ok",7,82065,"ok",40,4,0.580709539238074,FALSE,0,1,FALSE,TRUE,FALSE,NA,3,NA,1,0
"GISAID_US","Lambda","cumulative_1m","hellinger_T1",11,13,11,15,"ok",7,100335,"ok",47,4,0.572151501764965,FALSE,0,1,FALSE,TRUE,FALSE,NA,2,NA,1,0
"GISAID_US","Lambda","cumulative_1m","hellinger_T1",12,14,12,16,"ok",7,120194,"ok",50,4,0.580276929368861,FALSE,0,1,FALSE,TRUE,FALSE,NA,2,NA,1,1
"GISAID_US","Lambda","cumulative_1m","hellinger_T1",13,15,13,17,"ok",7,143597,"ok",48,4,0.57572403453825,FALSE,0,1,FALSE,TRUE,FALSE,NA,2,NA,1,0
"GISAID_US","Lambda","cumulative_1m","hellinger_T1",14,16,14,18,"ok",7,170494,"ok",44,4,0.527823766443741,FALSE,0,1,FALSE,TRUE,FALSE,NA,2,NA,1,0
"GISAID_US","Lambda","cumulative_1m","hellinger_T1",15,17,15,19,"ok",8,201528,"ok",44,2,0.521602069559686,FALSE,0,1,FALSE,TRUE,TRUE,NA,2,2,1,1
"GISAID_US","Lambda","cumulative_1m","hellinger_T1",16,18,16,20,"ok",7,237467,"ok",44,2,0.521602069559686,FALSE,0,1,FALSE,TRUE,TRUE,NA,2,2,1,1
"GISAID_US","Lambda","cumulative_1m","hellinger_Tpred",1,3,1,5,"ok",2,3953,"ok",153,2,0.821076932861299,FALSE,0,2,FALSE,TRUE,TRUE,NA,2,2,9,1
"GISAID_US","Lambda","cumulative_1m","hellinger_Tpred",2,4,2,6,"ok",6,5479,"ok",14,2,0.715023675808348,FALSE,0,1,FALSE,TRUE,FALSE,NA,1,NA,9,0
"GISAID_US","Lambda","cumulative_1m","hellinger_Tpred",3,5,3,7,"ok",3,7262,"ok",104,2,0.785980953213967,FALSE,0,1,FALSE,FALSE,TRUE,NA,NA,2,9,1
"GISAID_US","Lambda","cumulative_1m","hellinger_Tpred",4,6,4,8,"ok",3,9762,"ok",79,3,0.723202100310321,FALSE,0,1,FALSE,FALSE,FALSE,NA,NA,NA,9,1
"GISAID_US","Lambda","cumulative_1m","hellinger_Tpred",5,7,5,9,"ok",4,13507,"ok",93,2,0.75602521168411,FALSE,0,2,FALSE,TRUE,TRUE,NA,2,2,9,1
"GISAID_US","Lambda","cumulative_1m","hellinger_Tpred",6,8,6,10,"ok",4,20362,"ok",107,2,0.756711959347218,FALSE,0,2,FALSE,TRUE,TRUE,NA,2,2,9,1
"GISAID_US","Lambda","cumulative_1m","hellinger_Tpred",7,9,7,11,"ok",5,30307,"ok",113,3,0.763619717465031,FALSE,0,2,FALSE,TRUE,FALSE,NA,2,NA,9,1
"GISAID_US","Lambda","cumulative_1m","hellinger_Tpred",8,10,8,12,"ok",6,44260,"ok",27,3,0.61645062500677,FALSE,0,1,FALSE,TRUE,FALSE,NA,3,NA,9,0
"GISAID_US","Lambda","cumulative_1m","hellinger_Tpred",9,11,9,13,"ok",6,62296,"ok",32,3,0.624668072213795,FALSE,0,1,FALSE,TRUE,FALSE,NA,3,NA,9,0
"GISAID_US","Lambda","cumulative_1m","hellinger_Tpred",10,12,10,14,"ok",7,82065,"ok",40,3,0.629546952530944,FALSE,0,1,FALSE,TRUE,FALSE,NA,3,NA,9,0
"GISAID_US","Lambda","cumulative_1m","hellinger_Tpred",11,13,11,15,"ok",7,100335,"ok",47,3,0.641900544967628,FALSE,0,1,FALSE,TRUE,FALSE,NA,2,NA,9,0
"GISAID_US","Lambda","cumulative_1m","hellinger_Tpred",12,14,12,16,"ok",7,120194,"ok",50,3,0.651436591175255,FALSE,0,1,FALSE,TRUE,FALSE,NA,2,NA,9,0
"GISAID_US","Lambda","cumulative_1m","hellinger_Tpred",13,15,13,17,"ok",7,143597,"ok",48,3,0.644544927240708,FALSE,0,1,FALSE,TRUE,FALSE,NA,2,NA,9,0
"GISAID_US","Lambda","cumulative_1m","hellinger_Tpred",14,16,14,18,"ok",7,170494,"ok",44,3,0.632183460647615,FALSE,0,1,FALSE,TRUE,FALSE,NA,2,NA,9,0
"GISAID_US","Lambda","cumulative_1m","hellinger_Tpred",15,17,15,19,"ok",8,201528,"ok",44,3,0.623478166623107,FALSE,0,1,FALSE,TRUE,FALSE,NA,2,NA,9,0
"GISAID_US","Lambda","cumulative_1m","hellinger_Tpred",16,18,16,20,"ok",7,237467,"ok",44,3,0.623478166623107,FALSE,0,1,FALSE,TRUE,FALSE,NA,2,NA,9,0
"GISAID_US","Lambda","disjoint_2m","entropy",1,3,1,5,"ok",12,8330,"ok",10,2,0.354276098572031,FALSE,0,1,FALSE,TRUE,FALSE,NA,1,NA,NA,0
"GISAID_US","Lambda","disjoint_2m","entropy",2,4,2,6,"ok",9,15736,"ok",31,3,0.398358940192562,FALSE,0,1,FALSE,TRUE,FALSE,NA,1,NA,NA,0
"GISAID_US","Lambda","disjoint_2m","entropy",3,5,3,7,"ok",9,23514,"ok",40,3,0.408518718149059,FALSE,0,1,FALSE,TRUE,FALSE,NA,1,NA,NA,0
"GISAID_US","Lambda","disjoint_2m","entropy",4,6,4,8,"ok",9,29804,"ok",41,3,0.424905046732085,FALSE,0,1,FALSE,TRUE,FALSE,NA,3,NA,NA,0
"GISAID_US","Lambda","disjoint_2m","entropy",5,7,5,9,"ok",10,44933,"ok",43,6,0.437313661796236,FALSE,0,1,FALSE,TRUE,FALSE,NA,1,NA,NA,0
"GISAID_US","Lambda","disjoint_2m","entropy",6,8,6,10,"ok",12,54209,"ok",21,2,0.474809347076353,FALSE,0,1,FALSE,TRUE,FALSE,NA,1,NA,NA,0
"GISAID_US","Lambda","disjoint_2m","hellinger_T1",1,3,1,5,"ok",12,8330,"ok",10,2,0.794789776551171,FALSE,0,1,FALSE,TRUE,FALSE,NA,2,NA,1,0
"GISAID_US","Lambda","disjoint_2m","hellinger_T1",2,4,2,6,"ok",9,15736,"ok",31,2,0.656392897445808,FALSE,0,1,FALSE,TRUE,FALSE,NA,2,NA,1,0
"GISAID_US","Lambda","disjoint_2m","hellinger_T1",3,5,3,7,"ok",9,23514,"ok",40,2,0.688984188901152,FALSE,0,1,FALSE,TRUE,FALSE,NA,2,NA,1,0
"GISAID_US","Lambda","disjoint_2m","hellinger_T1",4,6,4,8,"ok",9,29804,"ok",41,2,0.721577319257767,FALSE,0,1,FALSE,TRUE,FALSE,NA,2,NA,1,0
"GISAID_US","Lambda","disjoint_2m","hellinger_T1",5,7,5,9,"ok",10,44933,"ok",43,2,0.707925586373604,FALSE,0,1,FALSE,TRUE,TRUE,NA,2,2,1,1
"GISAID_US","Lambda","disjoint_2m","hellinger_T1",6,8,6,10,"ok",12,54209,"ok",21,2,0.713185010403654,FALSE,0,1,FALSE,TRUE,FALSE,NA,2,NA,1,0
"GISAID_US","Lambda","disjoint_2m","hellinger_Tpred",1,3,1,5,"ok",12,8330,"ok",10,2,0.652548015566589,FALSE,0,1,FALSE,TRUE,FALSE,NA,2,NA,5,0
"GISAID_US","Lambda","disjoint_2m","hellinger_Tpred",2,4,2,6,"ok",9,15736,"ok",31,2,0.661462831947926,FALSE,0,1,FALSE,TRUE,FALSE,NA,2,NA,5,0
"GISAID_US","Lambda","disjoint_2m","hellinger_Tpred",3,5,3,7,"ok",9,23514,"ok",40,2,0.695090279294602,FALSE,0,1,FALSE,TRUE,TRUE,NA,2,2,5,1
"GISAID_US","Lambda","disjoint_2m","hellinger_Tpred",4,6,4,8,"ok",9,29804,"ok",41,2,0.704915477356976,FALSE,0,1,FALSE,TRUE,FALSE,NA,2,NA,5,0
"GISAID_US","Lambda","disjoint_2m","hellinger_Tpred",5,7,5,9,"ok",10,44933,"ok",43,2,0.695580515711134,FALSE,0,1,FALSE,TRUE,TRUE,NA,2,2,5,1
"GISAID_US","Lambda","disjoint_2m","hellinger_Tpred",6,8,6,10,"ok",12,54209,"ok",21,2,0.735107001716893,FALSE,0,1,FALSE,TRUE,FALSE,NA,2,NA,5,0
"GISAID_US","Lambda","sliding_2m","entropy",1,3,1,5,"ok",2,3001,"ok",292,2,0.767459772363112,FALSE,0,3,FALSE,TRUE,TRUE,NA,1,1,NA,1
"GISAID_US","Lambda","sliding_2m","entropy",2,4,2,6,"ok",2,3309,"ok",279,2,0.756925032690626,FALSE,0,3,FALSE,TRUE,TRUE,NA,1,1,NA,1
"GISAID_US","Lambda","sliding_2m","entropy",3,5,3,7,"ok",3,4283,"ok",102,2,0.598268027523861,FALSE,0,1,FALSE,FALSE,TRUE,NA,NA,1,NA,1
"GISAID_US","Lambda","sliding_2m","entropy",4,6,4,8,"ok",4,6245,"ok",112,2,0.631517424244738,FALSE,0,1,FALSE,TRUE,TRUE,NA,1,1,NA,1
"GISAID_US","Lambda","sliding_2m","entropy",5,7,5,9,"ok",3,10600,"ok",144,3,0.689508168242374,FALSE,0,1,FALSE,TRUE,FALSE,NA,1,NA,NA,1
"GISAID_US","Lambda","sliding_2m","entropy",6,8,6,10,"ok",15,16800,"ok",17,3,0.402013878673334,FALSE,0,1,FALSE,TRUE,FALSE,NA,1,NA,NA,0
"GISAID_US","Lambda","sliding_2m","entropy",7,9,7,11,"ok",14,23898,"ok",29,3,0.397030426606894,FALSE,0,1,FALSE,TRUE,FALSE,NA,1,NA,NA,0
"GISAID_US","Lambda","sliding_2m","entropy",8,10,8,12,"ok",6,31989,"ok",44,3,0.407140214070623,FALSE,0,1,FALSE,TRUE,FALSE,NA,1,NA,NA,0
"GISAID_US","Lambda","sliding_2m","entropy",9,11,9,13,"ok",6,37805,"ok",57,3,0.464429156401052,FALSE,0,1,FALSE,TRUE,FALSE,NA,3,NA,NA,1
"GISAID_US","Lambda","sliding_2m","entropy",10,12,10,14,"ok",6,38039,"ok",56,3,0.41906231842586,FALSE,0,1,FALSE,TRUE,FALSE,NA,2,NA,NA,1
"GISAID_US","Lambda","sliding_2m","entropy",11,13,11,15,"ok",5,38129,"ok",53,5,0.40869028819291,FALSE,0,1,FALSE,TRUE,FALSE,NA,4,NA,NA,0
"GISAID_US","Lambda","sliding_2m","entropy",12,14,12,16,"ok",8,43262,"ok",58,3,0.400128797847534,FALSE,0,1,FALSE,TRUE,FALSE,NA,2,NA,NA,1
"GISAID_US","Lambda","sliding_2m","entropy",13,15,13,17,"ok",8,50300,"ok",43,6,0.359950167369202,FALSE,0,1,FALSE,FALSE,FALSE,NA,NA,NA,NA,0
"GISAID_US","Lambda","sliding_2m","entropy",14,16,14,18,"ok",7,57931,"ok",35,4,0.413540200213455,FALSE,0,1,FALSE,TRUE,FALSE,NA,1,NA,NA,0
"GISAID_US","Lambda","sliding_2m","entropy",15,17,15,19,"ok",8,66973,"ok",23,2,0.347338699285707,FALSE,0,1,FALSE,TRUE,FALSE,NA,1,NA,NA,0
"GISAID_US","Lambda","sliding_2m","hellinger_T1",1,3,1,5,"ok",2,3001,"ok",292,2,0.85019891529695,FALSE,0,3,FALSE,TRUE,TRUE,NA,2,2,1,1
"GISAID_US","Lambda","sliding_2m","hellinger_T1",2,4,2,6,"ok",2,3309,"ok",279,2,0.845754974405191,FALSE,0,3,FALSE,TRUE,TRUE,NA,2,2,1,1
"GISAID_US","Lambda","sliding_2m","hellinger_T1",3,5,3,7,"ok",3,4283,"ok",102,2,0.786686923877665,FALSE,0,1,FALSE,FALSE,TRUE,NA,NA,2,1,1
"GISAID_US","Lambda","sliding_2m","hellinger_T1",4,6,4,8,"ok",4,6245,"ok",112,2,0.781586674987367,FALSE,0,1,FALSE,TRUE,TRUE,NA,2,2,1,1
"GISAID_US","Lambda","sliding_2m","hellinger_T1",5,7,5,9,"ok",3,10600,"ok",144,2,0.795830543480459,FALSE,0,1,FALSE,TRUE,TRUE,NA,2,2,1,1
"GISAID_US","Lambda","sliding_2m","hellinger_T1",6,8,6,10,"ok",15,16800,"ok",17,2,0.664605736824702,FALSE,0,1,FALSE,TRUE,FALSE,NA,2,NA,1,0
"GISAID_US","Lambda","sliding_2m","hellinger_T1",7,9,7,11,"ok",14,23898,"ok",29,2,0.704632828944951,FALSE,0,1,FALSE,TRUE,FALSE,NA,2,NA,1,0
"GISAID_US","Lambda","sliding_2m","hellinger_T1",8,10,8,12,"ok",6,31989,"ok",44,2,0.674279257579829,FALSE,0,1,FALSE,TRUE,TRUE,NA,2,2,1,1
"GISAID_US","Lambda","sliding_2m","hellinger_T1",9,11,9,13,"ok",6,37805,"ok",57,2,0.702342045445644,FALSE,0,1,FALSE,TRUE,TRUE,NA,2,2,1,1
"GISAID_US","Lambda","sliding_2m","hellinger_T1",10,12,10,14,"ok",6,38039,"ok",56,2,0.700733755201559,FALSE,0,1,FALSE,TRUE,TRUE,NA,2,2,1,1
"GISAID_US","Lambda","sliding_2m","hellinger_T1",11,13,11,15,"ok",5,38129,"ok",53,2,0.69464225123875,FALSE,0,1,FALSE,TRUE,TRUE,NA,2,2,1,1
"GISAID_US","Lambda","sliding_2m","hellinger_T1",12,14,12,16,"ok",8,43262,"ok",58,2,0.691887999864557,FALSE,0,1,FALSE,TRUE,TRUE,NA,2,2,1,1
"GISAID_US","Lambda","sliding_2m","hellinger_T1",13,15,13,17,"ok",8,50300,"ok",43,2,0.664538750637183,FALSE,0,1,FALSE,TRUE,FALSE,NA,2,NA,1,0
"GISAID_US","Lambda","sliding_2m","hellinger_T1",14,16,14,18,"ok",7,57931,"ok",35,2,0.640221930859955,FALSE,0,1,FALSE,TRUE,FALSE,NA,2,NA,1,0
"GISAID_US","Lambda","sliding_2m","hellinger_T1",15,17,15,19,"ok",8,66973,"ok",23,2,0.594803990335508,FALSE,0,1,FALSE,TRUE,FALSE,NA,2,NA,1,0
"GISAID_US","Lambda","sliding_2m","hellinger_Tpred",1,3,1,5,"ok",2,3001,"ok",292,2,0.885089074358541,FALSE,0,3,FALSE,TRUE,TRUE,NA,2,2,8,1
"GISAID_US","Lambda","sliding_2m","hellinger_Tpred",2,4,2,6,"ok",2,3309,"ok",279,2,0.88120385163207,FALSE,0,3,FALSE,TRUE,TRUE,NA,2,2,8,1
"GISAID_US","Lambda","sliding_2m","hellinger_Tpred",3,5,3,7,"ok",3,4283,"ok",102,2,0.819041269985127,FALSE,0,1,FALSE,FALSE,TRUE,NA,NA,2,8,1
"GISAID_US","Lambda","sliding_2m","hellinger_Tpred",4,6,4,8,"ok",4,6245,"ok",112,2,0.81600611538327,FALSE,0,1,FALSE,TRUE,TRUE,NA,2,2,8,1
"GISAID_US","Lambda","sliding_2m","hellinger_Tpred",5,7,5,9,"ok",3,10600,"ok",144,2,0.82795667582278,FALSE,0,1,FALSE,TRUE,TRUE,NA,2,2,8,1
"GISAID_US","Lambda","sliding_2m","hellinger_Tpred",6,8,6,10,"ok",15,16800,"ok",17,2,0.630469469422367,FALSE,0,1,FALSE,TRUE,FALSE,NA,2,NA,8,0
"GISAID_US","Lambda","sliding_2m","hellinger_Tpred",7,9,7,11,"ok",14,23898,"ok",29,2,0.681516730582686,FALSE,0,1,FALSE,TRUE,FALSE,NA,2,NA,8,0
"GISAID_US","Lambda","sliding_2m","hellinger_Tpred",8,10,8,12,"ok",6,31989,"ok",44,2,0.7079099526671,FALSE,0,1,FALSE,TRUE,TRUE,NA,2,2,8,1
"GISAID_US","Lambda","sliding_2m","hellinger_Tpred",9,11,9,13,"ok",6,37805,"ok",57,2,0.730581537816171,FALSE,0,1,FALSE,TRUE,TRUE,NA,2,2,8,1
"GISAID_US","Lambda","sliding_2m","hellinger_Tpred",10,12,10,14,"ok",6,38039,"ok",56,2,0.729504707494691,FALSE,0,1,FALSE,TRUE,TRUE,NA,2,2,8,1
"GISAID_US","Lambda","sliding_2m","hellinger_Tpred",11,13,11,15,"ok",5,38129,"ok",53,2,0.7248904490351,FALSE,0,1,FALSE,TRUE,TRUE,NA,2,2,8,1
"GISAID_US","Lambda","sliding_2m","hellinger_Tpred",12,14,12,16,"ok",8,43262,"ok",58,2,0.724399502696179,FALSE,0,1,FALSE,TRUE,TRUE,NA,2,2,8,1
"GISAID_US","Lambda","sliding_2m","hellinger_Tpred",13,15,13,17,"ok",8,50300,"ok",43,2,0.706778296338901,FALSE,0,1,FALSE,TRUE,TRUE,NA,2,2,8,1
"GISAID_US","Lambda","sliding_2m","hellinger_Tpred",14,16,14,18,"ok",7,57931,"ok",35,2,0.694402330341885,FALSE,0,1,FALSE,TRUE,FALSE,NA,2,NA,8,0
"GISAID_US","Lambda","sliding_2m","hellinger_Tpred",15,17,15,19,"ok",8,66973,"ok",23,2,0.674558161588516,FALSE,0,1,FALSE,TRUE,FALSE,NA,2,NA,8,0
"GISAID_US","Omicron","cumulative_1m","entropy",1,3,1,5,"ok",6,58685,"ok",57,2,0.585661836630745,FALSE,8,11,TRUE,TRUE,TRUE,1,1,1,NA,1
"GISAID_US","Omicron","cumulative_1m","entropy",2,4,2,6,"ok",6,78544,"ok",54,2,0.573548452773811,FALSE,8,11,TRUE,TRUE,TRUE,1,1,1,NA,1
"GISAID_US","Omicron","cumulative_1m","entropy",3,5,3,7,"ok",8,101947,"ok",53,2,0.568013080475656,FALSE,8,11,FALSE,FALSE,FALSE,NA,NA,NA,NA,0
"GISAID_US","Omicron","cumulative_1m","entropy",4,6,4,8,"ok",8,128844,"ok",42,5,0.520445084996636,FALSE,8,10,FALSE,FALSE,FALSE,NA,NA,NA,NA,0
"GISAID_US","Omicron","cumulative_1m","entropy",5,7,5,9,"ok",11,159878,"ok",43,5,0.512419906628435,FALSE,8,10,FALSE,FALSE,FALSE,NA,NA,NA,NA,0
"GISAID_US","Omicron","cumulative_1m","entropy",6,8,6,10,"ok",7,195817,"ok",45,2,0.515619032897499,FALSE,8,10,FALSE,FALSE,FALSE,NA,NA,NA,NA,0
"GISAID_US","Omicron","cumulative_1m","entropy",7,9,7,11,"ok",7,232170,"ok",44,2,0.508894468656279,FALSE,8,10,FALSE,FALSE,FALSE,NA,NA,NA,NA,0
"GISAID_US","Omicron","cumulative_1m","entropy",8,10,8,12,"ok",10,261850,"ok",21,2,0.446824276982831,FALSE,5,7,FALSE,FALSE,FALSE,NA,NA,NA,NA,0
"GISAID_US","Omicron","cumulative_1m","entropy",9,11,9,13,"ok",11,283602,"ok",26,2,0.411871688020217,FALSE,6,8,FALSE,FALSE,FALSE,NA,NA,NA,NA,0
"GISAID_US","Omicron","cumulative_1m","entropy",10,12,10,14,"ok",13,298724,"ok",22,3,0.469652558399563,FALSE,5,7,FALSE,FALSE,FALSE,NA,NA,NA,NA,0
"GISAID_US","Omicron","cumulative_1m","entropy",11,13,11,15,"ok",14,308863,"ok",22,2,0.426895366106607,FALSE,6,8,FALSE,FALSE,FALSE,NA,NA,NA,NA,0
"GISAID_US","Omicron","cumulative_1m","entropy",12,14,12,16,"ok",8,317355,"ok",85,2,0.57741875290916,FALSE,27,32,TRUE,TRUE,TRUE,1,1,1,NA,1
"GISAID_US","Omicron","cumulative_1m","entropy",13,15,13,17,"ok",8,329222,"ok",84,2,0.575497350718321,FALSE,27,32,TRUE,TRUE,TRUE,1,1,1,NA,1
"GISAID_US","Omicron","cumulative_1m","entropy",14,16,14,18,"ok",8,345977,"ok",79,2,0.569985685092698,FALSE,27,32,TRUE,TRUE,TRUE,1,1,1,NA,1
"GISAID_US","Omicron","cumulative_1m","entropy",15,17,15,19,"ok",8,365809,"ok",71,2,0.55848142560048,FALSE,26,31,TRUE,TRUE,TRUE,1,1,1,NA,1
"GISAID_US","Omicron","cumulative_1m","entropy",16,18,16,20,"ok",8,386731,"ok",69,2,0.562686636857745,FALSE,26,30,TRUE,TRUE,TRUE,1,1,1,NA,1
"GISAID_US","Omicron","cumulative_1m","hellinger_T1",1,3,1,5,"ok",6,58685,"ok",57,2,0.784906719598745,FALSE,8,11,TRUE,TRUE,TRUE,2,2,2,1,1
"GISAID_US","Omicron","cumulative_1m","hellinger_T1",2,4,2,6,"ok",6,78544,"ok",54,2,0.779478832664853,FALSE,8,11,TRUE,TRUE,TRUE,2,2,2,1,1
"GISAID_US","Omicron","cumulative_1m","hellinger_T1",3,5,3,7,"ok",8,101947,"ok",53,2,0.779316973407773,FALSE,8,11,TRUE,TRUE,TRUE,2,2,2,1,1
"GISAID_US","Omicron","cumulative_1m","hellinger_T1",4,6,4,8,"ok",8,128844,"ok",42,2,0.761439379613261,FALSE,8,10,FALSE,FALSE,FALSE,NA,NA,NA,1,0
"GISAID_US","Omicron","cumulative_1m","hellinger_T1",5,7,5,9,"ok",11,159878,"ok",43,2,0.760004177196276,FALSE,8,10,TRUE,TRUE,TRUE,2,2,2,1,1
"GISAID_US","Omicron","cumulative_1m","hellinger_T1",6,8,6,10,"ok",7,195817,"ok",45,2,0.762766487362573,FALSE,8,10,TRUE,TRUE,TRUE,2,2,2,1,1
"GISAID_US","Omicron","cumulative_1m","hellinger_T1",7,9,7,11,"ok",7,232170,"ok",44,2,0.761533367857845,FALSE,8,10,TRUE,TRUE,TRUE,2,2,2,1,1
"GISAID_US","Omicron","cumulative_1m","hellinger_T1",8,10,8,12,"ok",10,261850,"ok",21,2,0.770435502137653,FALSE,5,7,FALSE,FALSE,FALSE,NA,NA,NA,1,0
"GISAID_US","Omicron","cumulative_1m","hellinger_T1",9,11,9,13,"ok",11,283602,"ok",26,2,0.755320129304595,FALSE,6,8,FALSE,FALSE,FALSE,NA,NA,NA,1,0
"GISAID_US","Omicron","cumulative_1m","hellinger_T1",10,12,10,14,"ok",13,298724,"ok",22,2,0.762618778773376,FALSE,5,7,FALSE,FALSE,FALSE,NA,NA,NA,1,0
"GISAID_US","Omicron","cumulative_1m","hellinger_T1",11,13,11,15,"ok",14,308863,"ok",22,2,0.759943245947342,FALSE,6,8,FALSE,FALSE,FALSE,NA,NA,NA,1,0
"GISAID_US","Omicron","cumulative_1m","hellinger_T1",12,14,12,16,"ok",8,317355,"ok",85,2,0.742546431163535,FALSE,27,32,TRUE,TRUE,TRUE,2,2,2,1,1
"GISAID_US","Omicron","cumulative_1m","hellinger_T1",13,15,13,17,"ok",8,329222,"ok",84,2,0.741852168647708,FALSE,27,32,TRUE,TRUE,TRUE,2,2,2,1,1
"GISAID_US","Omicron","cumulative_1m","hellinger_T1",14,16,14,18,"ok",8,345977,"ok",79,2,0.737836768333896,FALSE,27,32,TRUE,TRUE,TRUE,2,2,2,1,1
"GISAID_US","Omicron","cumulative_1m","hellinger_T1",15,17,15,19,"ok",8,365809,"ok",71,2,0.73366333779286,FALSE,26,31,TRUE,TRUE,TRUE,2,2,2,1,1
"GISAID_US","Omicron","cumulative_1m","hellinger_T1",16,18,16,20,"ok",8,386731,"ok",69,2,0.733697845951644,FALSE,26,30,TRUE,TRUE,TRUE,2,2,2,1,1
"GISAID_US","Omicron","cumulative_1m","hellinger_Tpred",1,3,1,5,"ok",6,58685,"ok",57,2,0.820233346156824,FALSE,8,11,TRUE,TRUE,TRUE,2,2,2,2,1
"GISAID_US","Omicron","cumulative_1m","hellinger_Tpred",2,4,2,6,"ok",6,78544,"ok",54,2,0.816488066185284,FALSE,8,11,TRUE,TRUE,TRUE,2,2,2,2,1
"GISAID_US","Omicron","cumulative_1m","hellinger_Tpred",3,5,3,7,"ok",8,101947,"ok",53,2,0.816759496519276,FALSE,8,11,TRUE,TRUE,TRUE,2,2,2,2,1
"GISAID_US","Omicron","cumulative_1m","hellinger_Tpred",4,6,4,8,"ok",8,128844,"ok",42,2,0.80247063938275,FALSE,8,10,FALSE,FALSE,FALSE,NA,NA,NA,2,0
"GISAID_US","Omicron","cumulative_1m","hellinger_Tpred",5,7,5,9,"ok",11,159878,"ok",43,2,0.799662437910122,FALSE,8,10,TRUE,TRUE,TRUE,2,2,2,2,1
"GISAID_US","Omicron","cumulative_1m","hellinger_Tpred",6,8,6,10,"ok",7,195817,"ok",45,2,0.801009549804062,FALSE,8,10,TRUE,TRUE,TRUE,2,2,2,2,1
"GISAID_US","Omicron","cumulative_1m","hellinger_Tpred",7,9,7,11,"ok",7,232170,"ok",44,2,0.801098656274717,FALSE,8,10,TRUE,TRUE,TRUE,2,2,2,2,1
"GISAID_US","Omicron","cumulative_1m","hellinger_Tpred",8,10,8,12,"ok",10,261850,"ok",21,2,0.824316674463274,FALSE,5,7,FALSE,FALSE,FALSE,NA,NA,NA,2,0
"GISAID_US","Omicron","cumulative_1m","hellinger_Tpred",9,11,9,13,"ok",11,283602,"ok",26,2,0.803626096189824,FALSE,6,8,FALSE,FALSE,FALSE,NA,NA,NA,2,0
"GISAID_US","Omicron","cumulative_1m","hellinger_Tpred",10,12,10,14,"ok",13,298724,"ok",22,2,0.816094424568098,FALSE,5,7,FALSE,FALSE,FALSE,NA,NA,NA,2,0
"GISAID_US","Omicron","cumulative_1m","hellinger_Tpred",11,13,11,15,"ok",14,308863,"ok",22,2,0.814283675377699,FALSE,6,8,FALSE,FALSE,FALSE,NA,NA,NA,2,0
"GISAID_US","Omicron","cumulative_1m","hellinger_Tpred",12,14,12,16,"ok",8,317355,"ok",85,2,0.767391812618969,FALSE,27,32,TRUE,TRUE,TRUE,2,2,2,2,1
"GISAID_US","Omicron","cumulative_1m","hellinger_Tpred",13,15,13,17,"ok",8,329222,"ok",84,2,0.767507118175204,FALSE,27,32,TRUE,TRUE,TRUE,2,2,2,2,1
"GISAID_US","Omicron","cumulative_1m","hellinger_Tpred",14,16,14,18,"ok",8,345977,"ok",79,2,0.764718222116588,FALSE,27,32,TRUE,TRUE,TRUE,2,2,2,2,1
"GISAID_US","Omicron","cumulative_1m","hellinger_Tpred",15,17,15,19,"ok",8,365809,"ok",71,2,0.761822439768299,FALSE,26,31,TRUE,TRUE,TRUE,2,2,2,2,1
"GISAID_US","Omicron","cumulative_1m","hellinger_Tpred",16,18,16,20,"ok",8,386731,"ok",69,2,0.762336917291033,FALSE,26,30,TRUE,TRUE,TRUE,2,2,2,2,1
"GISAID_US","Omicron","disjoint_2m","entropy",1,3,1,5,"ok",12,54209,"ok",21,6,0.354087012935367,FALSE,5,7,FALSE,FALSE,FALSE,NA,NA,NA,NA,0
"GISAID_US","Omicron","disjoint_2m","entropy",2,4,2,6,"ok",15,53083,"ok",24,6,0.342467722639842,FALSE,7,9,FALSE,FALSE,FALSE,NA,NA,NA,NA,0
"GISAID_US","Omicron","disjoint_2m","entropy",3,5,3,7,"ok",7,46156,"ok",71,3,0.305530915763288,FALSE,27,32,FALSE,FALSE,FALSE,NA,NA,NA,NA,1
"GISAID_US","Omicron","disjoint_2m","entropy",4,6,4,8,"ok",7,44845,"ok",63,3,0.244216772784869,TRUE,27,32,FALSE,FALSE,FALSE,NA,NA,NA,NA,0
"GISAID_US","Omicron","disjoint_2m","entropy",5,7,5,9,"ok",7,38507,"ok",58,2,0.344238834188828,FALSE,28,32,TRUE,TRUE,TRUE,2,2,2,NA,1
"GISAID_US","Omicron","disjoint_2m","entropy",6,8,6,10,"ok",8,31061,"ok",66,2,0.35301357287033,FALSE,28,32,TRUE,TRUE,TRUE,2,2,2,NA,1
"GISAID_US","Omicron","disjoint_2m","hellinger_T1",1,3,1,5,"ok",12,54209,"ok",21,4,0.602063997697846,FALSE,5,7,FALSE,FALSE,FALSE,NA,NA,NA,1,0
"GISAID_US","Omicron","disjoint_2m","hellinger_T1",2,4,2,6,"ok",15,53083,"ok",24,4,0.611273419250796,FALSE,7,9,FALSE,FALSE,FALSE,NA,NA,NA,1,0
"GISAID_US","Omicron","disjoint_2m","hellinger_T1",3,5,3,7,"ok",7,46156,"ok",71,4,0.685969336124657,FALSE,27,32,FALSE,FALSE,FALSE,NA,NA,NA,1,1
"GISAID_US","Omicron","disjoint_2m","hellinger_T1",4,6,4,8,"ok",7,44845,"ok",63,4,0.65583686790761,FALSE,27,32,FALSE,FALSE,FALSE,NA,NA,NA,1,0
"GISAID_US","Omicron","disjoint_2m","hellinger_T1",5,7,5,9,"ok",7,38507,"ok",58,4,0.651707038467918,FALSE,28,32,FALSE,FALSE,FALSE,NA,NA,NA,1,0
"GISAID_US","Omicron","disjoint_2m","hellinger_T1",6,8,6,10,"ok",8,31061,"ok",66,4,0.675028621267741,FALSE,28,32,FALSE,FALSE,FALSE,NA,NA,NA,1,0
"GISAID_US","Omicron","disjoint_2m","hellinger_Tpred",1,3,1,5,"ok",12,54209,"ok",21,4,0.602063997697846,FALSE,5,7,FALSE,FALSE,FALSE,NA,NA,NA,1,0
"GISAID_US","Omicron","disjoint_2m","hellinger_Tpred",2,4,2,6,"ok",15,53083,"ok",24,4,0.611273419250796,FALSE,7,9,FALSE,FALSE,FALSE,NA,NA,NA,1,0
"GISAID_US","Omicron","disjoint_2m","hellinger_Tpred",3,5,3,7,"ok",7,46156,"ok",71,4,0.685969336124657,FALSE,27,32,FALSE,FALSE,FALSE,NA,NA,NA,1,1
"GISAID_US","Omicron","disjoint_2m","hellinger_Tpred",4,6,4,8,"ok",7,44845,"ok",63,4,0.65583686790761,FALSE,27,32,FALSE,FALSE,FALSE,NA,NA,NA,1,0
"GISAID_US","Omicron","disjoint_2m","hellinger_Tpred",5,7,5,9,"ok",7,38507,"ok",58,4,0.651707038467918,FALSE,28,32,FALSE,FALSE,FALSE,NA,NA,NA,1,0
"GISAID_US","Omicron","disjoint_2m","hellinger_Tpred",6,8,6,10,"ok",8,31061,"ok",66,4,0.675028621267741,FALSE,28,32,FALSE,FALSE,FALSE,NA,NA,NA,1,0
"GISAID_US","Omicron","sliding_2m","entropy",1,3,1,5,"ok",5,38129,"ok",53,6,0.340761805879106,FALSE,8,11,FALSE,FALSE,FALSE,NA,NA,NA,NA,0
"GISAID_US","Omicron","sliding_2m","entropy",2,4,2,6,"ok",8,43262,"ok",58,2,0.37757352359197,FALSE,8,11,TRUE,TRUE,TRUE,2,2,2,NA,1
"GISAID_US","Omicron","sliding_2m","entropy",3,5,3,7,"ok",8,50300,"ok",43,6,0.335966483766525,FALSE,8,10,FALSE,FALSE,FALSE,NA,NA,NA,NA,0
"GISAID_US","Omicron","sliding_2m","entropy",4,6,4,8,"ok",7,57931,"ok",35,6,0.354161958792158,FALSE,7,9,FALSE,FALSE,FALSE,NA,NA,NA,NA,0
"GISAID_US","Omicron","sliding_2m","entropy",5,7,5,9,"ok",8,66973,"ok",23,6,0.34770481019863,FALSE,5,7,FALSE,FALSE,FALSE,NA,NA,NA,NA,0
"GISAID_US","Omicron","sliding_2m","entropy",6,8,6,10,"ok",11,72292,"ok",16,2,0.385700959387132,FALSE,2,3,TRUE,TRUE,FALSE,1,1,NA,NA,0
"GISAID_US","Omicron","sliding_2m","entropy",7,9,7,11,"ok",6,66033,"ok",63,2,0.388065097386667,FALSE,27,32,TRUE,TRUE,TRUE,2,2,2,NA,1
"GISAID_US","Omicron","sliding_2m","entropy",8,10,8,12,"ok",7,51432,"ok",55,2,0.390838512486467,FALSE,26,31,TRUE,TRUE,TRUE,2,2,2,NA,1
"GISAID_US","Omicron","sliding_2m","entropy",9,11,9,13,"ok",12,36874,"ok",60,4,0.35328710909633,FALSE,26,31,FALSE,FALSE,FALSE,NA,NA,NA,NA,1
"GISAID_US","Omicron","sliding_2m","entropy",10,12,10,14,"ok",5,25261,"ok",202,2,0.602885468860732,FALSE,28,32,TRUE,TRUE,TRUE,1,1,1,NA,1
"GISAID_US","Omicron","sliding_2m","entropy",11,13,11,15,"ok",8,18631,"ok",55,3,0.387981625514633,FALSE,26,31,FALSE,FALSE,FALSE,NA,NA,NA,NA,1
"GISAID_US","Omicron","sliding_2m","entropy",12,14,12,16,"ok",12,20359,"ok",66,2,0.423971202913653,FALSE,25,29,TRUE,TRUE,TRUE,1,1,1,NA,1
"GISAID_US","Omicron","sliding_2m","entropy",13,15,13,17,"ok",4,28622,"ok",44,2,0.382810348337008,FALSE,18,22,FALSE,FALSE,FALSE,NA,NA,NA,NA,0
"GISAID_US","Omicron","sliding_2m","entropy",14,16,14,18,"ok",4,36587,"ok",48,2,0.347412912311205,FALSE,17,19,FALSE,FALSE,FALSE,NA,NA,NA,NA,0
"GISAID_US","Omicron","sliding_2m","entropy",15,17,15,19,"ok",6,40754,"ok",56,2,0.360120835748415,FALSE,18,19,TRUE,TRUE,TRUE,2,2,2,NA,1
"GISAID_US","Omicron","sliding_2m","hellinger_T1",1,3,1,5,"ok",5,38129,"ok",53,4,0.635719888443975,FALSE,8,11,FALSE,FALSE,FALSE,NA,NA,NA,1,1
"GISAID_US","Omicron","sliding_2m","hellinger_T1",2,4,2,6,"ok",8,43262,"ok",58,4,0.642476065201018,FALSE,8,11,FALSE,FALSE,FALSE,NA,NA,NA,1,1
"GISAID_US","Omicron","sliding_2m","hellinger_T1",3,5,3,7,"ok",8,50300,"ok",43,4,0.617072158337973,FALSE,8,10,FALSE,FALSE,FALSE,NA,NA,NA,1,0
"GISAID_US","Omicron","sliding_2m","hellinger_T1",4,6,4,8,"ok",7,57931,"ok",35,4,0.594698060694153,FALSE,7,9,FALSE,FALSE,FALSE,NA,NA,NA,1,0
"GISAID_US","Omicron","sliding_2m","hellinger_T1",5,7,5,9,"ok",8,66973,"ok",23,4,0.566403604793816,FALSE,5,7,FALSE,FALSE,FALSE,NA,NA,NA,1,0
"GISAID_US","Omicron","sliding_2m","hellinger_T1",6,8,6,10,"ok",11,72292,"ok",16,3,0.617672981254809,FALSE,2,3,FALSE,FALSE,FALSE,NA,NA,NA,1,0
"GISAID_US","Omicron","sliding_2m","hellinger_T1",7,9,7,11,"ok",6,66033,"ok",63,4,0.62399829804243,FALSE,27,32,FALSE,FALSE,FALSE,NA,NA,NA,1,0
"GISAID_US","Omicron","sliding_2m","hellinger_T1",8,10,8,12,"ok",7,51432,"ok",55,5,0.6151704409472,FALSE,26,31,FALSE,FALSE,FALSE,NA,NA,NA,1,0
"GISAID_US","Omicron","sliding_2m","hellinger_T1",9,11,9,13,"ok",12,36874,"ok",60,5,0.621030944726755,FALSE,26,31,FALSE,FALSE,FALSE,NA,NA,NA,1,0
"GISAID_US","Omicron","sliding_2m","hellinger_T1",10,12,10,14,"ok",5,25261,"ok",202,4,0.806790084365048,FALSE,28,32,FALSE,FALSE,FALSE,NA,NA,NA,1,1
"GISAID_US","Omicron","sliding_2m","hellinger_T1",11,13,11,15,"ok",8,18631,"ok",55,6,0.607061807877665,FALSE,26,31,FALSE,FALSE,FALSE,NA,NA,NA,1,0
"GISAID_US","Omicron","sliding_2m","hellinger_T1",12,14,12,16,"ok",12,20359,"ok",66,4,0.666927596362837,FALSE,25,29,FALSE,FALSE,FALSE,NA,NA,NA,1,1
"GISAID_US","Omicron","sliding_2m","hellinger_T1",13,15,13,17,"ok",4,28622,"ok",44,4,0.606062957149974,FALSE,18,22,FALSE,FALSE,FALSE,NA,NA,NA,1,0
"GISAID_US","Omicron","sliding_2m","hellinger_T1",14,16,14,18,"ok",4,36587,"ok",48,4,0.612654872938881,FALSE,17,19,FALSE,FALSE,FALSE,NA,NA,NA,1,0
"GISAID_US","Omicron","sliding_2m","hellinger_T1",15,17,15,19,"ok",6,40754,"ok",56,4,0.649093468192743,FALSE,18,19,FALSE,FALSE,FALSE,NA,NA,NA,1,0
"GISAID_US","Omicron","sliding_2m","hellinger_Tpred",1,3,1,5,"ok",5,38129,"ok",53,4,0.635719888443975,FALSE,8,11,FALSE,FALSE,FALSE,NA,NA,NA,1,1
"GISAID_US","Omicron","sliding_2m","hellinger_Tpred",2,4,2,6,"ok",8,43262,"ok",58,4,0.642476065201018,FALSE,8,11,FALSE,FALSE,FALSE,NA,NA,NA,1,1
"GISAID_US","Omicron","sliding_2m","hellinger_Tpred",3,5,3,7,"ok",8,50300,"ok",43,4,0.617072158337973,FALSE,8,10,FALSE,FALSE,FALSE,NA,NA,NA,1,0
"GISAID_US","Omicron","sliding_2m","hellinger_Tpred",4,6,4,8,"ok",7,57931,"ok",35,4,0.594698060694153,FALSE,7,9,FALSE,FALSE,FALSE,NA,NA,NA,1,0
"GISAID_US","Omicron","sliding_2m","hellinger_Tpred",5,7,5,9,"ok",8,66973,"ok",23,4,0.566403604793816,FALSE,5,7,FALSE,FALSE,FALSE,NA,NA,NA,1,0
"GISAID_US","Omicron","sliding_2m","hellinger_Tpred",6,8,6,10,"ok",11,72292,"ok",16,3,0.617672981254809,FALSE,2,3,FALSE,FALSE,FALSE,NA,NA,NA,1,0
"GISAID_US","Omicron","sliding_2m","hellinger_Tpred",7,9,7,11,"ok",6,66033,"ok",63,4,0.62399829804243,FALSE,27,32,FALSE,FALSE,FALSE,NA,NA,NA,1,0
"GISAID_US","Omicron","sliding_2m","hellinger_Tpred",8,10,8,12,"ok",7,51432,"ok",55,5,0.6151704409472,FALSE,26,31,FALSE,FALSE,FALSE,NA,NA,NA,1,0
"GISAID_US","Omicron","sliding_2m","hellinger_Tpred",9,11,9,13,"ok",12,36874,"ok",60,5,0.621030944726755,FALSE,26,31,FALSE,FALSE,FALSE,NA,NA,NA,1,0
"GISAID_US","Omicron","sliding_2m","hellinger_Tpred",10,12,10,14,"ok",5,25261,"ok",202,4,0.806790084365048,FALSE,28,32,FALSE,FALSE,FALSE,NA,NA,NA,1,1
"GISAID_US","Omicron","sliding_2m","hellinger_Tpred",11,13,11,15,"ok",8,18631,"ok",55,6,0.607061807877665,FALSE,26,31,FALSE,FALSE,FALSE,NA,NA,NA,1,0
"GISAID_US","Omicron","sliding_2m","hellinger_Tpred",12,14,12,16,"ok",12,20359,"ok",66,4,0.666927596362837,FALSE,25,29,FALSE,FALSE,FALSE,NA,NA,NA,1,1
"GISAID_US","Omicron","sliding_2m","hellinger_Tpred",13,15,13,17,"ok",4,28622,"ok",44,4,0.606062957149974,FALSE,18,22,FALSE,FALSE,FALSE,NA,NA,NA,1,0
"GISAID_US","Omicron","sliding_2m","hellinger_Tpred",14,16,14,18,"ok",4,36587,"ok",48,4,0.612654872938881,FALSE,17,19,FALSE,FALSE,FALSE,NA,NA,NA,1,0
"GISAID_US","Omicron","sliding_2m","hellinger_Tpred",15,17,15,19,"ok",6,40754,"ok",56,4,0.649093468192743,FALSE,18,19,FALSE,FALSE,FALSE,NA,NA,NA,1,0
"GISAID_US","Theta","cumulative_1m","entropy",1,3,1,5,"ok",5,3368,"ok",16,2,0.544207658064625,FALSE,0,1,FALSE,TRUE,FALSE,NA,2,NA,NA,0
"GISAID_US","Theta","cumulative_1m","entropy",2,4,2,6,"ok",2,4843,"ok",114,2,0.700592944972283,FALSE,0,4,FALSE,TRUE,TRUE,NA,1,1,NA,1
"GISAID_US","Theta","cumulative_1m","entropy",3,5,3,7,"ok",4,6369,"ok",95,5,0.671202199439411,FALSE,0,4,FALSE,FALSE,FALSE,NA,NA,NA,NA,1
"GISAID_US","Theta","cumulative_1m","entropy",4,6,4,8,"ok",4,8152,"ok",17,2,0.566110295359666,FALSE,0,2,FALSE,FALSE,FALSE,NA,NA,NA,NA,0
"GISAID_US","Theta","cumulative_1m","entropy",5,7,5,9,"ok",4,10652,"ok",68,5,0.628455335227667,FALSE,0,4,FALSE,FALSE,FALSE,NA,NA,NA,NA,1
"GISAID_US","Theta","cumulative_1m","entropy",6,8,6,10,"ok",4,14397,"ok",87,3,0.6488464340947,FALSE,0,4,FALSE,FALSE,FALSE,NA,NA,NA,NA,1
"GISAID_US","Theta","cumulative_1m","entropy",7,9,7,11,"ok",4,21252,"ok",13,3,0.468495796876808,FALSE,0,2,FALSE,FALSE,FALSE,NA,NA,NA,NA,0
"GISAID_US","Theta","cumulative_1m","entropy",8,10,8,12,"ok",6,31197,"ok",20,3,0.41686368908083,FALSE,0,4,FALSE,FALSE,FALSE,NA,NA,NA,NA,0
"GISAID_US","Theta","cumulative_1m","entropy",9,11,9,13,"ok",6,45150,"ok",28,5,0.445419867282766,FALSE,0,4,FALSE,FALSE,FALSE,NA,NA,NA,NA,0
"GISAID_US","Theta","cumulative_1m","entropy",10,12,10,14,"ok",6,63186,"ok",33,3,0.457071684838506,FALSE,0,4,FALSE,FALSE,FALSE,NA,NA,NA,NA,0
"GISAID_US","Theta","cumulative_1m","entropy",11,13,11,15,"ok",8,82955,"ok",33,4,0.500022836592888,FALSE,0,3,FALSE,FALSE,FALSE,NA,NA,NA,NA,0
"GISAID_US","Theta","cumulative_1m","entropy",12,14,12,16,"ok",9,101225,"ok",19,2,0.463830758173919,FALSE,0,3,FALSE,FALSE,FALSE,NA,NA,NA,NA,0
"GISAID_US","Theta","cumulative_1m","entropy",13,15,13,17,"ok",6,121084,"ok",50,2,0.481055314488762,FALSE,0,3,FALSE,TRUE,TRUE,NA,2,2,NA,1
"GISAID_US","Theta","cumulative_1m","entropy",14,16,14,18,"ok",7,144487,"ok",48,2,0.475305912175751,FALSE,0,3,FALSE,TRUE,TRUE,NA,2,2,NA,1
"GISAID_US","Theta","cumulative_1m","entropy",15,17,15,19,"ok",7,171384,"ok",43,2,0.462071555113171,FALSE,0,3,FALSE,TRUE,TRUE,NA,2,2,NA,1
"GISAID_US","Theta","cumulative_1m","entropy",16,18,16,20,"ok",7,202418,"ok",43,2,0.458946403750323,FALSE,0,3,FALSE,TRUE,TRUE,NA,2,2,NA,1
"GISAID_US","Theta","cumulative_1m","hellinger_T1",1,3,1,5,"ok",5,3368,"ok",16,2,0.726637909415774,FALSE,0,1,FALSE,TRUE,FALSE,NA,2,NA,1,0
"GISAID_US","Theta","cumulative_1m","hellinger_T1",2,4,2,6,"ok",2,4843,"ok",114,2,0.780099112021438,FALSE,0,4,FALSE,TRUE,TRUE,NA,2,2,1,1
"GISAID_US","Theta","cumulative_1m","hellinger_T1",3,5,3,7,"ok",4,6369,"ok",95,2,0.756277022651861,FALSE,0,4,FALSE,TRUE,TRUE,NA,2,2,1,1
"GISAID_US","Theta","cumulative_1m","hellinger_T1",4,6,4,8,"ok",4,8152,"ok",17,2,0.676775821240588,FALSE,0,2,FALSE,TRUE,FALSE,NA,2,NA,1,0
"GISAID_US","Theta","cumulative_1m","hellinger_T1",5,7,5,9,"ok",4,10652,"ok",68,2,0.725563910117506,FALSE,0,4,FALSE,TRUE,TRUE,NA,2,2,1,1
"GISAID_US","Theta","cumulative_1m","hellinger_T1",6,8,6,10,"ok",4,14397,"ok",87,2,0.735889849169001,FALSE,0,4,FALSE,TRUE,TRUE,NA,2,2,1,1
"GISAID_US","Theta","cumulative_1m","hellinger_T1",7,9,7,11,"ok",4,21252,"ok",13,2,0.592437942986598,FALSE,0,2,FALSE,TRUE,FALSE,NA,2,NA,1,0
"GISAID_US","Theta","cumulative_1m","hellinger_T1",8,10,8,12,"ok",6,31197,"ok",20,2,0.524376708681695,FALSE,0,4,FALSE,FALSE,FALSE,NA,NA,NA,1,0
"GISAID_US","Theta","cumulative_1m","hellinger_T1",9,11,9,13,"ok",6,45150,"ok",28,2,0.638638729756547,FALSE,0,4,FALSE,FALSE,FALSE,NA,NA,NA,1,0
"GISAID_US","Theta","cumulative_1m","hellinger_T1",10,12,10,14,"ok",6,63186,"ok",33,2,0.646897194428733,FALSE,0,4,FALSE,FALSE,FALSE,NA,NA,NA,1,0
"GISAID_US","Theta","cumulative_1m","hellinger_T1",11,13,11,15,"ok",8,82955,"ok",33,4,0.563827900840692,FALSE,0,3,FALSE,FALSE,FALSE,NA,NA,NA,1,0
"GISAID_US","Theta","cumulative_1m","hellinger_T1",12,14,12,16,"ok",9,101225,"ok",19,4,0.508250179298877,FALSE,0,3,FALSE,FALSE,FALSE,NA,NA,NA,1,0
"GISAID_US","Theta","cumulative_1m","hellinger_T1",13,15,13,17,"ok",6,121084,"ok",50,3,0.590414484315955,FALSE,0,3,FALSE,FALSE,FALSE,NA,NA,NA,1,0
"GISAID_US","Theta","cumulative_1m","hellinger_T1",14,16,14,18,"ok",7,144487,"ok",48,3,0.590031109098992,FALSE,0,3,FALSE,FALSE,FALSE,NA,NA,NA,1,0
"GISAID_US","Theta","cumulative_1m","hellinger_T1",15,17,15,19,"ok",7,171384,"ok",43,4,0.585980378597764,FALSE,0,3,FALSE,FALSE,FALSE,NA,NA,NA,1,0
"GISAID_US","Theta","cumulative_1m","hellinger_T1",16,18,16,20,"ok",7,202418,"ok",43,4,0.576053902757667,FALSE,0,3,FALSE,FALSE,FALSE,NA,NA,NA,1,0
"GISAID_US","Theta","cumulative_1m","hellinger_Tpred",1,3,1,5,"ok",5,3368,"ok",16,3,0.708033678945593,FALSE,0,1,FALSE,TRUE,FALSE,NA,3,NA,10,0
"GISAID_US","Theta","cumulative_1m","hellinger_Tpred",2,4,2,6,"ok",2,4843,"ok",114,2,0.779799740024357,FALSE,0,4,FALSE,TRUE,TRUE,NA,2,2,10,1
"GISAID_US","Theta","cumulative_1m","hellinger_Tpred",3,5,3,7,"ok",4,6369,"ok",95,2,0.753986549140952,FALSE,0,4,FALSE,TRUE,TRUE,NA,2,2,10,1
"GISAID_US","Theta","cumulative_1m","hellinger_Tpred",4,6,4,8,"ok",4,8152,"ok",17,2,0.675968318563462,FALSE,0,2,FALSE,FALSE,FALSE,NA,NA,NA,10,0
"GISAID_US","Theta","cumulative_1m","hellinger_Tpred",5,7,5,9,"ok",4,10652,"ok",68,2,0.717228362886904,FALSE,0,4,FALSE,TRUE,TRUE,NA,2,2,10,1
"GISAID_US","Theta","cumulative_1m","hellinger_Tpred",6,8,6,10,"ok",4,14397,"ok",87,2,0.719360607174238,FALSE,0,4,FALSE,TRUE,TRUE,NA,2,2,10,1
"GISAID_US","Theta","cumulative_1m","hellinger_Tpred",7,9,7,11,"ok",4,21252,"ok",13,2,0.612072479858079,FALSE,0,2,FALSE,FALSE,FALSE,NA,NA,NA,10,0
"GISAID_US","Theta","cumulative_1m","hellinger_Tpred",8,10,8,12,"ok",6,31197,"ok",20,2,0.496525479368344,FALSE,0,4,FALSE,FALSE,FALSE,NA,NA,NA,10,0
"GISAID_US","Theta","cumulative_1m","hellinger_Tpred",9,11,9,13,"ok",6,45150,"ok",28,5,0.538522544409396,FALSE,0,4,FALSE,FALSE,FALSE,NA,NA,NA,10,0
"GISAID_US","Theta","cumulative_1m","hellinger_Tpred",10,12,10,14,"ok",6,63186,"ok",33,5,0.556101817176259,FALSE,0,4,FALSE,FALSE,FALSE,NA,NA,NA,10,0
"GISAID_US","Theta","cumulative_1m","hellinger_Tpred",11,13,11,15,"ok",8,82955,"ok",33,4,0.584441479190084,FALSE,0,3,FALSE,FALSE,FALSE,NA,NA,NA,10,0
"GISAID_US","Theta","cumulative_1m","hellinger_Tpred",12,14,12,16,"ok",9,101225,"ok",19,3,0.58887271859067,FALSE,0,3,FALSE,FALSE,FALSE,NA,NA,NA,10,0
"GISAID_US","Theta","cumulative_1m","hellinger_Tpred",13,15,13,17,"ok",6,121084,"ok",50,4,0.619792913604081,FALSE,0,3,FALSE,FALSE,FALSE,NA,NA,NA,10,0
"GISAID_US","Theta","cumulative_1m","hellinger_Tpred",14,16,14,18,"ok",7,144487,"ok",48,4,0.611647147528901,FALSE,0,3,FALSE,FALSE,FALSE,NA,NA,NA,10,0
"GISAID_US","Theta","cumulative_1m","hellinger_Tpred",15,17,15,19,"ok",7,171384,"ok",43,4,0.593139746866135,FALSE,0,3,FALSE,FALSE,FALSE,NA,NA,NA,10,0
"GISAID_US","Theta","cumulative_1m","hellinger_Tpred",16,18,16,20,"ok",7,202418,"ok",43,4,0.588700228030774,FALSE,0,3,FALSE,FALSE,FALSE,NA,NA,NA,10,0
"GISAID_US","Theta","disjoint_2m","entropy",1,3,1,5,"ok",8,5064,"ok",15,6,0.275678701281742,FALSE,0,2,FALSE,FALSE,FALSE,NA,NA,NA,NA,0
"GISAID_US","Theta","disjoint_2m","entropy",2,4,2,6,"ok",12,11471,"ok",24,3,0.411206623969119,FALSE,0,3,FALSE,TRUE,FALSE,NA,2,NA,NA,0
"GISAID_US","Theta","disjoint_2m","entropy",3,5,3,7,"ok",10,20536,"ok",41,3,0.413344765765297,FALSE,0,3,FALSE,TRUE,FALSE,NA,2,NA,NA,0
"GISAID_US","Theta","disjoint_2m","entropy",4,6,4,8,"ok",10,25125,"ok",52,2,0.376520919525632,FALSE,0,3,FALSE,TRUE,TRUE,NA,2,2,NA,1
"GISAID_US","Theta","disjoint_2m","entropy",5,7,5,9,"ok",13,37356,"ok",44,5,0.386748575204107,FALSE,0,3,FALSE,TRUE,FALSE,NA,3,NA,NA,0
"GISAID_US","Theta","disjoint_2m","entropy",6,8,6,10,"ok",14,50803,"ok",44,5,0.401847239097204,FALSE,0,3,FALSE,TRUE,FALSE,NA,3,NA,NA,0
"GISAID_US","Theta","disjoint_2m","hellinger_T1",1,3,1,5,"ok",8,5064,"ok",15,2,0.656028134770397,FALSE,0,2,FALSE,TRUE,FALSE,NA,2,NA,1,0
"GISAID_US","Theta","disjoint_2m","hellinger_T1",2,4,2,6,"ok",12,11471,"ok",24,2,0.607696016457214,FALSE,0,3,FALSE,FALSE,FALSE,NA,NA,NA,1,0
"GISAID_US","Theta","disjoint_2m","hellinger_T1",3,5,3,7,"ok",10,20536,"ok",41,2,0.674104677292126,FALSE,0,3,FALSE,TRUE,TRUE,NA,2,2,1,1
"GISAID_US","Theta","disjoint_2m","hellinger_T1",4,6,4,8,"ok",10,25125,"ok",52,2,0.698298682427123,FALSE,0,3,FALSE,TRUE,TRUE,NA,2,2,1,1
"GISAID_US","Theta","disjoint_2m","hellinger_T1",5,7,5,9,"ok",13,37356,"ok",44,2,0.670939622996269,FALSE,0,3,FALSE,TRUE,TRUE,NA,2,2,1,1
"GISAID_US","Theta","disjoint_2m","hellinger_T1",6,8,6,10,"ok",14,50803,"ok",44,2,0.667709998494719,FALSE,0,3,FALSE,TRUE,TRUE,NA,2,2,1,1
"GISAID_US","Theta","disjoint_2m","hellinger_Tpred",1,3,1,5,"ok",8,5064,"ok",15,2,0.706503033108566,FALSE,0,2,FALSE,FALSE,FALSE,NA,NA,NA,5,0
"GISAID_US","Theta","disjoint_2m","hellinger_Tpred",2,4,2,6,"ok",12,11471,"ok",24,2,0.602970620722382,FALSE,0,3,FALSE,FALSE,FALSE,NA,NA,NA,5,0
"GISAID_US","Theta","disjoint_2m","hellinger_Tpred",3,5,3,7,"ok",10,20536,"ok",41,2,0.679432798310048,FALSE,0,3,FALSE,TRUE,TRUE,NA,2,2,5,1
"GISAID_US","Theta","disjoint_2m","hellinger_Tpred",4,6,4,8,"ok",10,25125,"ok",52,2,0.702427113700452,FALSE,0,3,FALSE,TRUE,TRUE,NA,2,2,5,1
"GISAID_US","Theta","disjoint_2m","hellinger_Tpred",5,7,5,9,"ok",13,37356,"ok",44,2,0.674249996028611,FALSE,0,3,FALSE,TRUE,TRUE,NA,2,2,5,1
"GISAID_US","Theta","disjoint_2m","hellinger_Tpred",6,8,6,10,"ok",14,50803,"ok",44,2,0.671721689223066,FALSE,0,3,FALSE,TRUE,TRUE,NA,2,2,5,1
"GISAID_US","Theta","sliding_2m","entropy",1,3,1,5,"ok",12,2794,"ok",4,3,0.224539757491783,TRUE,0,1,FALSE,FALSE,FALSE,NA,NA,NA,NA,0
"GISAID_US","Theta","sliding_2m","entropy",2,4,2,6,"ok",2,3001,"ok",292,2,0.763934640707659,FALSE,0,4,FALSE,TRUE,TRUE,NA,1,1,NA,1
"GISAID_US","Theta","sliding_2m","entropy",3,5,3,7,"ok",2,3309,"ok",279,2,0.753328858862366,FALSE,0,4,FALSE,TRUE,TRUE,NA,1,1,NA,1
"GISAID_US","Theta","sliding_2m","entropy",4,6,4,8,"ok",3,4283,"ok",102,2,0.586116178362539,FALSE,0,4,FALSE,TRUE,TRUE,NA,1,1,NA,1
"GISAID_US","Theta","sliding_2m","entropy",5,7,5,9,"ok",4,6245,"ok",112,2,0.648962859548091,FALSE,0,3,FALSE,TRUE,TRUE,NA,1,1,NA,1
"GISAID_US","Theta","sliding_2m","entropy",6,8,6,10,"ok",3,10600,"ok",144,3,0.68639424901342,FALSE,0,3,FALSE,TRUE,FALSE,NA,1,NA,NA,1
"GISAID_US","Theta","sliding_2m","entropy",7,9,7,11,"ok",15,16800,"ok",17,2,0.392316840641069,FALSE,0,3,FALSE,TRUE,FALSE,NA,1,NA,NA,0
"GISAID_US","Theta","sliding_2m","entropy",8,10,8,12,"ok",14,23898,"ok",29,2,0.400511616310628,FALSE,0,3,FALSE,TRUE,FALSE,NA,1,NA,NA,0
"GISAID_US","Theta","sliding_2m","entropy",9,11,9,13,"ok",6,31989,"ok",44,3,0.400523189340561,FALSE,0,3,FALSE,TRUE,FALSE,NA,1,NA,NA,0
"GISAID_US","Theta","sliding_2m","entropy",10,12,10,14,"ok",6,37805,"ok",57,3,0.457390402493869,FALSE,0,3,FALSE,TRUE,FALSE,NA,3,NA,NA,1
"GISAID_US","Theta","sliding_2m","entropy",11,13,11,15,"ok",6,38039,"ok",56,5,0.360047476859183,FALSE,0,3,FALSE,TRUE,FALSE,NA,4,NA,NA,0
"GISAID_US","Theta","sliding_2m","entropy",12,14,12,16,"ok",5,38129,"ok",53,3,0.439370015541573,FALSE,0,3,FALSE,TRUE,FALSE,NA,3,NA,NA,0
"GISAID_US","Theta","sliding_2m","entropy",13,15,13,17,"ok",8,43262,"ok",58,3,0.421309110019231,FALSE,0,3,FALSE,TRUE,FALSE,NA,3,NA,NA,1
"GISAID_US","Theta","sliding_2m","entropy",14,16,14,18,"ok",8,50300,"ok",43,3,0.375686626803092,FALSE,0,3,FALSE,TRUE,FALSE,NA,1,NA,NA,0
"GISAID_US","Theta","sliding_2m","entropy",15,17,15,19,"ok",7,57931,"ok",35,4,0.419518635228671,FALSE,0,3,FALSE,TRUE,FALSE,NA,1,NA,NA,0
"GISAID_US","Theta","sliding_2m","hellinger_T1",1,3,1,5,"ok",12,2794,"ok",4,3,0.379628695891074,FALSE,0,1,FALSE,TRUE,FALSE,NA,3,NA,1,0
"GISAID_US","Theta","sliding_2m","hellinger_T1",2,4,2,6,"ok",2,3001,"ok",292,2,0.84456448095265,FALSE,0,4,FALSE,TRUE,TRUE,NA,2,2,1,1
"GISAID_US","Theta","sliding_2m","hellinger_T1",3,5,3,7,"ok",2,3309,"ok",279,2,0.839863859596623,FALSE,0,4,FALSE,TRUE,TRUE,NA,2,2,1,1
"GISAID_US","Theta","sliding_2m","hellinger_T1",4,6,4,8,"ok",3,4283,"ok",102,2,0.764053155212398,FALSE,0,4,FALSE,TRUE,TRUE,NA,2,2,1,1
"GISAID_US","Theta","sliding_2m","hellinger_T1",5,7,5,9,"ok",4,6245,"ok",112,2,0.776497242950487,FALSE,0,3,FALSE,TRUE,TRUE,NA,2,2,1,1
"GISAID_US","Theta","sliding_2m","hellinger_T1",6,8,6,10,"ok",3,10600,"ok",144,2,0.788710644479893,FALSE,0,3,FALSE,TRUE,TRUE,NA,2,2,1,1
"GISAID_US","Theta","sliding_2m","hellinger_T1",7,9,7,11,"ok",15,16800,"ok",17,2,0.642045017085925,FALSE,0,3,FALSE,FALSE,FALSE,NA,NA,NA,1,0
"GISAID_US","Theta","sliding_2m","hellinger_T1",8,10,8,12,"ok",14,23898,"ok",29,2,0.683923182209393,FALSE,0,3,FALSE,FALSE,FALSE,NA,NA,NA,1,0
"GISAID_US","Theta","sliding_2m","hellinger_T1",9,11,9,13,"ok",6,31989,"ok",44,2,0.665522418095275,FALSE,0,3,FALSE,TRUE,TRUE,NA,2,2,1,1
"GISAID_US","Theta","sliding_2m","hellinger_T1",10,12,10,14,"ok",6,37805,"ok",57,2,0.692956879492577,FALSE,0,3,FALSE,TRUE,TRUE,NA,2,2,1,1
"GISAID_US","Theta","sliding_2m","hellinger_T1",11,13,11,15,"ok",6,38039,"ok",56,2,0.691660609364361,FALSE,0,3,FALSE,TRUE,TRUE,NA,2,2,1,1
"GISAID_US","Theta","sliding_2m","hellinger_T1",12,14,12,16,"ok",5,38129,"ok",53,2,0.687400720273595,FALSE,0,3,FALSE,TRUE,TRUE,NA,2,2,1,1
"GISAID_US","Theta","sliding_2m","hellinger_T1",13,15,13,17,"ok",8,43262,"ok",58,2,0.682478161661351,FALSE,0,3,FALSE,TRUE,TRUE,NA,2,2,1,1
"GISAID_US","Theta","sliding_2m","hellinger_T1",14,16,14,18,"ok",8,50300,"ok",43,2,0.659875386542786,FALSE,0,3,FALSE,TRUE,TRUE,NA,2,2,1,1
"GISAID_US","Theta","sliding_2m","hellinger_T1",15,17,15,19,"ok",7,57931,"ok",35,2,0.635900128147844,FALSE,0,3,FALSE,FALSE,FALSE,NA,NA,NA,1,0
"GISAID_US","Theta","sliding_2m","hellinger_Tpred",1,3,1,5,"ok",12,2794,"ok",4,2,0.44866201416282,FALSE,0,1,FALSE,TRUE,FALSE,NA,1,NA,9,0
"GISAID_US","Theta","sliding_2m","hellinger_Tpred",2,4,2,6,"ok",2,3001,"ok",292,2,0.868935656346597,FALSE,0,4,FALSE,TRUE,TRUE,NA,2,2,9,1
"GISAID_US","Theta","sliding_2m","hellinger_Tpred",3,5,3,7,"ok",2,3309,"ok",279,2,0.864518470454606,FALSE,0,4,FALSE,TRUE,TRUE,NA,2,2,9,1
"GISAID_US","Theta","sliding_2m","hellinger_Tpred",4,6,4,8,"ok",3,4283,"ok",102,2,0.795132409908384,FALSE,0,4,FALSE,TRUE,TRUE,NA,2,2,9,1
"GISAID_US","Theta","sliding_2m","hellinger_Tpred",5,7,5,9,"ok",4,6245,"ok",112,2,0.79401984951489,FALSE,0,3,FALSE,TRUE,TRUE,NA,2,2,9,1
"GISAID_US","Theta","sliding_2m","hellinger_Tpred",6,8,6,10,"ok",3,10600,"ok",144,2,0.80718370341505,FALSE,0,3,FALSE,TRUE,TRUE,NA,2,2,9,1
"GISAID_US","Theta","sliding_2m","hellinger_Tpred",7,9,7,11,"ok",15,16800,"ok",17,2,0.594819909080724,FALSE,0,3,FALSE,FALSE,FALSE,NA,NA,NA,9,0
"GISAID_US","Theta","sliding_2m","hellinger_Tpred",8,10,8,12,"ok",14,23898,"ok",29,2,0.647410453752526,FALSE,0,3,FALSE,FALSE,FALSE,NA,NA,NA,9,0
"GISAID_US","Theta","sliding_2m","hellinger_Tpred",9,11,9,13,"ok",6,31989,"ok",44,2,0.673732781360891,FALSE,0,3,FALSE,TRUE,TRUE,NA,2,2,9,1
"GISAID_US","Theta","sliding_2m","hellinger_Tpred",10,12,10,14,"ok",6,37805,"ok",57,2,0.698712022133251,FALSE,0,3,FALSE,TRUE,TRUE,NA,2,2,9,1
"GISAID_US","Theta","sliding_2m","hellinger_Tpred",11,13,11,15,"ok",6,38039,"ok",56,2,0.697599246881044,FALSE,0,3,FALSE,TRUE,TRUE,NA,2,2,9,1
"GISAID_US","Theta","sliding_2m","hellinger_Tpred",12,14,12,16,"ok",5,38129,"ok",53,2,0.692513320058173,FALSE,0,3,FALSE,TRUE,TRUE,NA,2,2,9,1
"GISAID_US","Theta","sliding_2m","hellinger_Tpred",13,15,13,17,"ok",8,43262,"ok",58,2,0.692206849027918,FALSE,0,3,FALSE,TRUE,TRUE,NA,2,2,9,1
"GISAID_US","Theta","sliding_2m","hellinger_Tpred",14,16,14,18,"ok",8,50300,"ok",43,2,0.673451802549188,FALSE,0,3,FALSE,TRUE,TRUE,NA,2,2,9,1
"GISAID_US","Theta","sliding_2m","hellinger_Tpred",15,17,15,19,"ok",7,57931,"ok",35,2,0.660010918374551,FALSE,0,3,FALSE,FALSE,FALSE,NA,NA,NA,9,0
"NCBI_US","Alpha","cumulative_1m","entropy",1,3,1,5,"ok",4,46875,"ok",13,3,0.80154400407103,FALSE,1,2,TRUE,FALSE,FALSE,1,NA,NA,NA,0
"NCBI_US","Alpha","cumulative_1m","entropy",2,4,2,6,"ok",4,65038,"ok",12,3,0.790770218879231,FALSE,1,2,TRUE,FALSE,FALSE,1,NA,NA,NA,0
"NCBI_US","Alpha","cumulative_1m","entropy",3,5,3,7,"ok",6,78633,"ok",11,3,0.778703440394105,FALSE,1,2,TRUE,FALSE,FALSE,1,NA,NA,NA,0
"NCBI_US","Alpha","cumulative_1m","entropy",4,6,4,8,"ok",4,90022,"ok",11,3,0.778703440394105,FALSE,1,2,TRUE,FALSE,FALSE,1,NA,NA,NA,0
"NCBI_US","Alpha","cumulative_1m","entropy",5,7,5,9,"ok",4,100964,"ok",11,3,0.784208893155747,FALSE,1,2,TRUE,FALSE,FALSE,1,NA,NA,NA,0
"NCBI_US","Alpha","cumulative_1m","entropy",6,8,6,10,"ok",4,113603,"ok",14,3,0.686687611486346,FALSE,1,2,TRUE,FALSE,FALSE,1,NA,NA,NA,0
"NCBI_US","Alpha","cumulative_1m","entropy",7,9,7,11,"ok",4,130727,"ok",17,3,0.703047227692522,FALSE,1,3,TRUE,FALSE,FALSE,1,NA,NA,NA,0
"NCBI_US","Alpha","cumulative_1m","entropy",8,10,8,12,"ok",10,158513,"ok",18,3,0.670151747717792,FALSE,2,4,TRUE,FALSE,FALSE,1,NA,NA,NA,0
"NCBI_US","Alpha","cumulative_1m","entropy",9,11,9,13,"ok",9,200027,"ok",24,2,0.634500940505659,FALSE,2,5,TRUE,FALSE,FALSE,1,NA,NA,NA,0
"NCBI_US","Alpha","cumulative_1m","entropy",10,12,10,14,"ok",6,258999,"ok",29,2,0.649013129250056,FALSE,2,6,TRUE,FALSE,FALSE,1,NA,NA,NA,0
"NCBI_US","Alpha","cumulative_1m","entropy",11,13,11,15,"ok",7,329462,"ok",32,2,0.677153038254967,FALSE,2,6,TRUE,FALSE,FALSE,1,NA,NA,NA,0
"NCBI_US","Alpha","cumulative_1m","entropy",12,14,12,16,"ok",9,399624,"ok",26,2,0.733940074588565,FALSE,2,6,TRUE,FALSE,FALSE,1,NA,NA,NA,0
"NCBI_US","Alpha","cumulative_1m","entropy",13,15,13,17,"ok",6,459422,"ok",44,5,0.682661806414688,FALSE,3,7,FALSE,FALSE,FALSE,NA,NA,NA,NA,0
"NCBI_US","Alpha","cumulative_1m","entropy",14,16,14,18,"ok",4,505082,"ok",42,5,0.678958524432005,FALSE,3,7,FALSE,FALSE,FALSE,NA,NA,NA,NA,0
"NCBI_US","Alpha","cumulative_1m","entropy",15,17,15,19,"ok",4,531253,"ok",43,5,0.67786324949107,FALSE,3,7,FALSE,FALSE,FALSE,NA,NA,NA,NA,0
"NCBI_US","Alpha","cumulative_1m","entropy",16,18,16,20,"ok",4,541657,"ok",41,5,0.668190495115426,FALSE,3,7,FALSE,FALSE,FALSE,NA,NA,NA,NA,0
"NCBI_US","Alpha","cumulative_1m","hellinger_T1",1,3,1,5,"ok",4,46875,"ok",13,2,0.787511538161432,FALSE,1,2,TRUE,FALSE,FALSE,1,NA,NA,1,0
"NCBI_US","Alpha","cumulative_1m","hellinger_T1",2,4,2,6,"ok",4,65038,"ok",12,2,0.775191120305592,FALSE,1,2,TRUE,FALSE,FALSE,1,NA,NA,1,0
"NCBI_US","Alpha","cumulative_1m","hellinger_T1",3,5,3,7,"ok",6,78633,"ok",11,2,0.763052526010072,FALSE,1,2,TRUE,FALSE,FALSE,1,NA,NA,1,0
"NCBI_US","Alpha","cumulative_1m","hellinger_T1",4,6,4,8,"ok",4,90022,"ok",11,2,0.763052526010072,FALSE,1,2,TRUE,FALSE,FALSE,1,NA,NA,1,0
"NCBI_US","Alpha","cumulative_1m","hellinger_T1",5,7,5,9,"ok",4,100964,"ok",11,2,0.764476021895982,FALSE,1,2,TRUE,FALSE,FALSE,1,NA,NA,1,0
"NCBI_US","Alpha","cumulative_1m","hellinger_T1",6,8,6,10,"ok",4,113603,"ok",14,2,0.783882745133745,FALSE,1,2,TRUE,FALSE,FALSE,1,NA,NA,1,0
"NCBI_US","Alpha","cumulative_1m","hellinger_T1",7,9,7,11,"ok",4,130727,"ok",17,2,0.796764029810286,FALSE,1,3,TRUE,FALSE,FALSE,1,NA,NA,1,0
"NCBI_US","Alpha","cumulative_1m","hellinger_T1",8,10,8,12,"ok",10,158513,"ok",18,2,0.80481924667949,FALSE,2,4,TRUE,FALSE,FALSE,1,NA,NA,1,0
"NCBI_US","Alpha","cumulative_1m","hellinger_T1",9,11,9,13,"ok",9,200027,"ok",24,2,0.824824500924316,FALSE,2,5,TRUE,FALSE,FALSE,1,NA,NA,1,0
"NCBI_US","Alpha","cumulative_1m","hellinger_T1",10,12,10,14,"ok",6,258999,"ok",29,2,0.835952793872278,FALSE,2,6,TRUE,FALSE,FALSE,1,NA,NA,1,0
"NCBI_US","Alpha","cumulative_1m","hellinger_T1",11,13,11,15,"ok",7,329462,"ok",32,2,0.84769345832972,FALSE,2,6,TRUE,FALSE,FALSE,1,NA,NA,1,0
"NCBI_US","Alpha","cumulative_1m","hellinger_T1",12,14,12,16,"ok",9,399624,"ok",26,2,0.861705315644038,FALSE,2,6,TRUE,FALSE,FALSE,1,NA,NA,1,0
"NCBI_US","Alpha","cumulative_1m","hellinger_T1",13,15,13,17,"ok",6,459422,"ok",44,2,0.849595055239316,FALSE,3,7,FALSE,TRUE,TRUE,NA,2,2,1,1
"NCBI_US","Alpha","cumulative_1m","hellinger_T1",14,16,14,18,"ok",4,505082,"ok",42,2,0.849333296851469,FALSE,3,7,FALSE,TRUE,TRUE,NA,2,2,1,1
"NCBI_US","Alpha","cumulative_1m","hellinger_T1",15,17,15,19,"ok",4,531253,"ok",43,2,0.84885735538419,FALSE,3,7,FALSE,TRUE,TRUE,NA,2,2,1,1
"NCBI_US","Alpha","cumulative_1m","hellinger_T1",16,18,16,20,"ok",4,541657,"ok",41,2,0.847908576018132,FALSE,3,7,FALSE,TRUE,TRUE,NA,2,2,1,1
"NCBI_US","Alpha","cumulative_1m","hellinger_Tpred",1,3,1,5,"ok",4,46875,"ok",13,2,0.745336048975785,FALSE,1,2,TRUE,TRUE,FALSE,1,1,NA,3,0
"NCBI_US","Alpha","cumulative_1m","hellinger_Tpred",2,4,2,6,"ok",4,65038,"ok",12,3,0.731218973376963,FALSE,1,2,TRUE,FALSE,FALSE,1,NA,NA,3,0
"NCBI_US","Alpha","cumulative_1m","hellinger_Tpred",3,5,3,7,"ok",6,78633,"ok",11,3,0.720279585219822,FALSE,1,2,TRUE,FALSE,FALSE,1,NA,NA,3,0
"NCBI_US","Alpha","cumulative_1m","hellinger_Tpred",4,6,4,8,"ok",4,90022,"ok",11,3,0.720279585219822,FALSE,1,2,TRUE,FALSE,FALSE,1,NA,NA,3,0
"NCBI_US","Alpha","cumulative_1m","hellinger_Tpred",5,7,5,9,"ok",4,100964,"ok",11,3,0.691404034219022,FALSE,1,2,TRUE,FALSE,FALSE,1,NA,NA,3,0
"NCBI_US","Alpha","cumulative_1m","hellinger_Tpred",6,8,6,10,"ok",4,113603,"ok",14,3,0.636786610120672,FALSE,1,2,TRUE,FALSE,FALSE,1,NA,NA,3,0
"NCBI_US","Alpha","cumulative_1m","hellinger_Tpred",7,9,7,11,"ok",4,130727,"ok",17,3,0.661236020353679,FALSE,1,3,TRUE,FALSE,FALSE,1,NA,NA,3,0
"NCBI_US","Alpha","cumulative_1m","hellinger_Tpred",8,10,8,12,"ok",10,158513,"ok",18,3,0.639013655729236,FALSE,2,4,TRUE,FALSE,FALSE,1,NA,NA,3,0
"NCBI_US","Alpha","cumulative_1m","hellinger_Tpred",9,11,9,13,"ok",9,200027,"ok",24,3,0.612417834666426,FALSE,2,5,TRUE,FALSE,FALSE,1,NA,NA,3,0
"NCBI_US","Alpha","cumulative_1m","hellinger_Tpred",10,12,10,14,"ok",6,258999,"ok",29,3,0.585419989918502,FALSE,2,6,TRUE,FALSE,FALSE,1,NA,NA,3,0
"NCBI_US","Alpha","cumulative_1m","hellinger_Tpred",11,13,11,15,"ok",7,329462,"ok",32,2,0.5821883215266,FALSE,2,6,TRUE,FALSE,FALSE,1,NA,NA,3,0
"NCBI_US","Alpha","cumulative_1m","hellinger_Tpred",12,14,12,16,"ok",9,399624,"ok",26,2,0.650742304039016,FALSE,2,6,TRUE,FALSE,FALSE,1,NA,NA,3,0
"NCBI_US","Alpha","cumulative_1m","hellinger_Tpred",13,15,13,17,"ok",6,459422,"ok",44,3,0.640652554607514,FALSE,3,7,FALSE,FALSE,FALSE,NA,NA,NA,3,0
"NCBI_US","Alpha","cumulative_1m","hellinger_Tpred",14,16,14,18,"ok",4,505082,"ok",42,3,0.632499280628035,FALSE,3,7,FALSE,FALSE,FALSE,NA,NA,NA,3,0
"NCBI_US","Alpha","cumulative_1m","hellinger_Tpred",15,17,15,19,"ok",4,531253,"ok",43,3,0.634202978470618,FALSE,3,7,FALSE,FALSE,FALSE,NA,NA,NA,3,0
"NCBI_US","Alpha","cumulative_1m","hellinger_Tpred",16,18,16,20,"ok",4,541657,"ok",41,3,0.621341655145179,FALSE,3,7,FALSE,FALSE,FALSE,NA,NA,NA,3,0
"NCBI_US","Alpha","disjoint_2m","entropy",1,3,1,5,"ok",6,28644,"ok",17,4,0.500933262298209,FALSE,1,3,TRUE,FALSE,FALSE,1,NA,NA,NA,0
"NCBI_US","Alpha","disjoint_2m","entropy",2,4,2,6,"ok",13,41381,"ok",11,2,0.467255705235198,FALSE,1,3,TRUE,FALSE,FALSE,1,NA,NA,NA,0
"NCBI_US","Alpha","disjoint_2m","entropy",3,5,3,7,"ok",8,69914,"ok",32,6,0.552293782327177,FALSE,3,6,FALSE,FALSE,FALSE,NA,NA,NA,NA,0
"NCBI_US","Alpha","disjoint_2m","entropy",4,6,4,8,"ok",10,87286,"ok",25,6,0.475163373898438,FALSE,2,5,FALSE,FALSE,FALSE,NA,NA,NA,NA,0
"NCBI_US","Alpha","disjoint_2m","entropy",5,7,5,9,"ok",7,87174,"ok",28,6,0.521180841013914,FALSE,3,6,FALSE,FALSE,FALSE,NA,NA,NA,NA,0
"NCBI_US","Alpha","disjoint_2m","entropy",6,8,6,10,"ok",7,80867,"ok",28,6,0.521180841013914,FALSE,3,6,FALSE,FALSE,FALSE,NA,NA,NA,NA,0
"NCBI_US","Alpha","disjoint_2m","hellinger_T1",1,3,1,5,"ok",6,28644,"ok",17,6,0.45498671940057,FALSE,1,3,TRUE,FALSE,FALSE,5,NA,NA,1,0
"NCBI_US","Alpha","disjoint_2m","hellinger_T1",2,4,2,6,"ok",13,41381,"ok",11,5,0.455420420883608,FALSE,1,3,TRUE,FALSE,FALSE,4,NA,NA,1,0
"NCBI_US","Alpha","disjoint_2m","hellinger_T1",3,5,3,7,"ok",8,69914,"ok",32,2,0.647040418925471,FALSE,3,6,FALSE,FALSE,FALSE,NA,NA,NA,1,0
"NCBI_US","Alpha","disjoint_2m","hellinger_T1",4,6,4,8,"ok",10,87286,"ok",25,2,0.683577786062494,FALSE,2,5,FALSE,FALSE,FALSE,NA,NA,NA,1,0
"NCBI_US","Alpha","disjoint_2m","hellinger_T1",5,7,5,9,"ok",7,87174,"ok",28,2,0.664479647504214,FALSE,3,6,FALSE,FALSE,FALSE,NA,NA,NA,1,0
"NCBI_US","Alpha","disjoint_2m","hellinger_T1",6,8,6,10,"ok",7,80867,"ok",28,2,0.664479647504214,FALSE,3,6,FALSE,FALSE,FALSE,NA,NA,NA,1,0
"NCBI_US","Alpha","disjoint_2m","hellinger_Tpred",1,3,1,5,"ok",6,28644,"ok",17,2,0.498145821957136,FALSE,1,3,TRUE,TRUE,FALSE,1,1,NA,2,0
"NCBI_US","Alpha","disjoint_2m","hellinger_Tpred",2,4,2,6,"ok",13,41381,"ok",11,2,0.612414461180594,FALSE,1,3,TRUE,TRUE,FALSE,1,1,NA,2,0
"NCBI_US","Alpha","disjoint_2m","hellinger_Tpred",3,5,3,7,"ok",8,69914,"ok",32,2,0.661949775123722,FALSE,3,6,FALSE,FALSE,FALSE,NA,NA,NA,2,0
"NCBI_US","Alpha","disjoint_2m","hellinger_Tpred",4,6,4,8,"ok",10,87286,"ok",25,2,0.701559830608937,FALSE,2,5,FALSE,FALSE,FALSE,NA,NA,NA,2,0
"NCBI_US","Alpha","disjoint_2m","hellinger_Tpred",5,7,5,9,"ok",7,87174,"ok",28,2,0.683047148543409,FALSE,3,6,FALSE,FALSE,FALSE,NA,NA,NA,2,0
"NCBI_US","Alpha","disjoint_2m","hellinger_Tpred",6,8,6,10,"ok",7,80867,"ok",28,2,0.683047148543409,FALSE,3,6,FALSE,FALSE,FALSE,NA,NA,NA,2,0
"NCBI_US","Alpha","sliding_2m","entropy",1,3,1,5,"ok",2,34168,"ok",50,2,0.798233426896492,FALSE,1,2,TRUE,TRUE,TRUE,1,1,1,NA,1
"NCBI_US","Alpha","sliding_2m","entropy",2,4,2,6,"ok",2,31758,"ok",65,2,0.794348888471752,FALSE,1,3,TRUE,TRUE,TRUE,1,1,1,NA,1
"NCBI_US","Alpha","sliding_2m","entropy",3,5,3,7,"ok",2,24984,"ok",78,2,0.788727071948674,FALSE,2,5,TRUE,TRUE,TRUE,1,1,1,NA,1
"NCBI_US","Alpha","sliding_2m","entropy",4,6,4,8,"ok",8,22331,"ok",9,2,0.508689696915479,FALSE,1,2,TRUE,FALSE,FALSE,1,NA,NA,NA,0
"NCBI_US","Alpha","sliding_2m","entropy",5,7,5,9,"ok",2,23581,"ok",130,2,0.802913799959839,FALSE,3,8,TRUE,TRUE,TRUE,1,1,1,NA,1
"NCBI_US","Alpha","sliding_2m","entropy",6,8,6,10,"ok",3,29763,"ok",63,2,0.720738081386275,FALSE,2,6,TRUE,TRUE,TRUE,1,1,1,NA,1
"NCBI_US","Alpha","sliding_2m","entropy",7,9,7,11,"ok",3,44910,"ok",34,6,0.605473296231061,FALSE,2,5,FALSE,FALSE,FALSE,NA,NA,NA,NA,0
"NCBI_US","Alpha","sliding_2m","entropy",8,10,8,12,"ok",13,69300,"ok",18,2,0.423529131846515,FALSE,2,4,TRUE,TRUE,FALSE,1,1,NA,NA,0
"NCBI_US","Alpha","sliding_2m","entropy",9,11,9,13,"ok",4,100486,"ok",56,6,0.63328037179519,FALSE,3,6,FALSE,FALSE,FALSE,NA,NA,NA,NA,0
"NCBI_US","Alpha","sliding_2m","entropy",10,12,10,14,"ok",4,129435,"ok",57,2,0.632019931929704,FALSE,3,6,TRUE,TRUE,TRUE,1,1,1,NA,1
"NCBI_US","Alpha","sliding_2m","entropy",11,13,11,15,"ok",14,140625,"ok",27,6,0.534097465412731,FALSE,3,6,FALSE,FALSE,FALSE,NA,NA,NA,NA,0
"NCBI_US","Alpha","sliding_2m","entropy",12,14,12,16,"ok",13,129960,"ok",26,6,0.518844911733096,FALSE,3,6,FALSE,FALSE,FALSE,NA,NA,NA,NA,0
"NCBI_US","Alpha","sliding_2m","entropy",13,15,13,17,"ok",12,105458,"ok",32,6,0.514103366623902,FALSE,3,6,FALSE,FALSE,FALSE,NA,NA,NA,NA,0
"NCBI_US","Alpha","sliding_2m","entropy",14,16,14,18,"ok",14,71831,"ok",40,3,0.496162787514861,FALSE,3,6,FALSE,FALSE,FALSE,NA,NA,NA,NA,0
"NCBI_US","Alpha","sliding_2m","entropy",15,17,15,19,"ok",15,36575,"ok",26,6,0.492328069916615,FALSE,2,4,FALSE,FALSE,FALSE,NA,NA,NA,NA,0
"NCBI_US","Alpha","sliding_2m","hellinger_T1",1,3,1,5,"ok",2,34168,"ok",50,2,0.775424057621746,FALSE,1,2,TRUE,TRUE,TRUE,1,1,1,1,1
"NCBI_US","Alpha","sliding_2m","hellinger_T1",2,4,2,6,"ok",2,31758,"ok",65,2,0.778211001865511,FALSE,1,3,TRUE,TRUE,TRUE,1,1,1,1,1
"NCBI_US","Alpha","sliding_2m","hellinger_T1",3,5,3,7,"ok",2,24984,"ok",78,2,0.763735838292502,FALSE,2,5,TRUE,TRUE,TRUE,1,1,1,1,1
"NCBI_US","Alpha","sliding_2m","hellinger_T1",4,6,4,8,"ok",8,22331,"ok",9,2,0.456949727308476,FALSE,1,2,TRUE,TRUE,FALSE,1,1,NA,1,0
"NCBI_US","Alpha","sliding_2m","hellinger_T1",5,7,5,9,"ok",2,23581,"ok",130,2,0.774355890744595,FALSE,3,8,TRUE,TRUE,TRUE,1,1,1,1,1
"NCBI_US","Alpha","sliding_2m","hellinger_T1",6,8,6,10,"ok",3,29763,"ok",63,4,0.693851461016878,FALSE,2,6,FALSE,FALSE,FALSE,NA,NA,NA,1,1
"NCBI_US","Alpha","sliding_2m","hellinger_T1",7,9,7,11,"ok",3,44910,"ok",34,5,0.590661839560177,FALSE,2,5,FALSE,FALSE,FALSE,NA,NA,NA,1,0
"NCBI_US","Alpha","sliding_2m","hellinger_T1",8,10,8,12,"ok",13,69300,"ok",18,5,0.437376299908632,FALSE,2,4,FALSE,FALSE,FALSE,NA,NA,NA,1,0
"NCBI_US","Alpha","sliding_2m","hellinger_T1",9,11,9,13,"ok",4,100486,"ok",56,2,0.65064799316523,FALSE,3,6,TRUE,TRUE,TRUE,2,2,2,1,1
"NCBI_US","Alpha","sliding_2m","hellinger_T1",10,12,10,14,"ok",4,129435,"ok",57,2,0.652245448485253,FALSE,3,6,TRUE,TRUE,TRUE,2,2,2,1,1
"NCBI_US","Alpha","sliding_2m","hellinger_T1",11,13,11,15,"ok",14,140625,"ok",27,2,0.614084301871298,FALSE,3,6,FALSE,FALSE,FALSE,NA,NA,NA,1,0
"NCBI_US","Alpha","sliding_2m","hellinger_T1",12,14,12,16,"ok",13,129960,"ok",26,2,0.619311395994839,FALSE,3,6,FALSE,FALSE,FALSE,NA,NA,NA,1,0
"NCBI_US","Alpha","sliding_2m","hellinger_T1",13,15,13,17,"ok",12,105458,"ok",32,5,0.54761122391937,FALSE,3,6,FALSE,FALSE,FALSE,NA,NA,NA,1,0
"NCBI_US","Alpha","sliding_2m","hellinger_T1",14,16,14,18,"ok",14,71831,"ok",40,4,0.553470126065863,FALSE,3,6,FALSE,FALSE,FALSE,NA,NA,NA,1,0
"NCBI_US","Alpha","sliding_2m","hellinger_T1",15,17,15,19,"ok",15,36575,"ok",26,2,0.596045469425242,FALSE,2,4,FALSE,FALSE,FALSE,NA,NA,NA,1,0
"NCBI_US","Alpha","sliding_2m","hellinger_Tpred",1,3,1,5,"ok",2,34168,"ok",50,4,0.780140649659959,FALSE,1,2,TRUE,FALSE,FALSE,1,NA,NA,2,1
"NCBI_US","Alpha","sliding_2m","hellinger_Tpred",2,4,2,6,"ok",2,31758,"ok",65,2,0.780827108447773,FALSE,1,3,TRUE,TRUE,TRUE,1,1,1,2,1
"NCBI_US","Alpha","sliding_2m","hellinger_Tpred",3,5,3,7,"ok",2,24984,"ok",78,2,0.766904574828818,FALSE,2,5,TRUE,TRUE,TRUE,1,1,1,2,1
"NCBI_US","Alpha","sliding_2m","hellinger_Tpred",4,6,4,8,"ok",8,22331,"ok",9,2,0.444158506900255,FALSE,1,2,TRUE,TRUE,FALSE,1,1,NA,2,0
"NCBI_US","Alpha","sliding_2m","hellinger_Tpred",5,7,5,9,"ok",2,23581,"ok",130,2,0.784656122172245,FALSE,3,8,TRUE,TRUE,TRUE,1,1,1,2,1
"NCBI_US","Alpha","sliding_2m","hellinger_Tpred",6,8,6,10,"ok",3,29763,"ok",63,2,0.699796591890207,FALSE,2,6,TRUE,TRUE,TRUE,1,1,1,2,1
"NCBI_US","Alpha","sliding_2m","hellinger_Tpred",7,9,7,11,"ok",3,44910,"ok",34,5,0.592764661670561,FALSE,2,5,FALSE,FALSE,FALSE,NA,NA,NA,2,0
"NCBI_US","Alpha","sliding_2m","hellinger_Tpred",8,10,8,12,"ok",13,69300,"ok",18,3,0.465497968836561,FALSE,2,4,FALSE,FALSE,FALSE,NA,NA,NA,2,0
"NCBI_US","Alpha","sliding_2m","hellinger_Tpred",9,11,9,13,"ok",4,100486,"ok",56,3,0.623163152070138,FALSE,3,6,FALSE,FALSE,FALSE,NA,NA,NA,2,1
"NCBI_US","Alpha","sliding_2m","hellinger_Tpred",10,12,10,14,"ok",4,129435,"ok",57,3,0.61961946178202,FALSE,3,6,FALSE,FALSE,FALSE,NA,NA,NA,2,1
"NCBI_US","Alpha","sliding_2m","hellinger_Tpred",11,13,11,15,"ok",14,140625,"ok",27,2,0.626217179692823,FALSE,3,6,FALSE,FALSE,FALSE,NA,NA,NA,2,0
"NCBI_US","Alpha","sliding_2m","hellinger_Tpred",12,14,12,16,"ok",13,129960,"ok",26,2,0.631669861186427,FALSE,3,6,FALSE,FALSE,FALSE,NA,NA,NA,2,0
"NCBI_US","Alpha","sliding_2m","hellinger_Tpred",13,15,13,17,"ok",12,105458,"ok",32,2,0.60281752216374,FALSE,3,6,FALSE,FALSE,FALSE,NA,NA,NA,2,0
"NCBI_US","Alpha","sliding_2m","hellinger_Tpred",14,16,14,18,"ok",14,71831,"ok",40,2,0.593826054281748,FALSE,3,6,FALSE,FALSE,FALSE,NA,NA,NA,2,0
"NCBI_US","Alpha","sliding_2m","hellinger_Tpred",15,17,15,19,"ok",15,36575,"ok",26,2,0.608820236481457,FALSE,2,4,FALSE,FALSE,FALSE,NA,NA,NA,2,0
"NCBI_US","Beta","cumulative_1m","entropy",1,3,1,5,"ok",4,64563,"ok",12,3,0.801315014749528,FALSE,0,1,FALSE,TRUE,FALSE,NA,3,NA,NA,0
"NCBI_US","Beta","cumulative_1m","entropy",2,4,2,6,"ok",6,78158,"ok",11,3,0.789434508370157,FALSE,0,1,FALSE,TRUE,FALSE,NA,3,NA,NA,0
"NCBI_US","Beta","cumulative_1m","entropy",3,5,3,7,"ok",4,89547,"ok",10,3,0.777301579394775,FALSE,0,1,FALSE,TRUE,FALSE,NA,3,NA,NA,0
"NCBI_US","Beta","cumulative_1m","entropy",4,6,4,8,"ok",4,100489,"ok",11,3,0.784012875545859,FALSE,0,1,FALSE,TRUE,FALSE,NA,3,NA,NA,0
"NCBI_US","Beta","cumulative_1m","entropy",5,7,5,9,"ok",4,113128,"ok",14,3,0.686508086967317,FALSE,0,1,FALSE,TRUE,FALSE,NA,3,NA,NA,0
"NCBI_US","Beta","cumulative_1m","entropy",6,8,6,10,"ok",4,130252,"ok",17,3,0.702847953481505,FALSE,0,1,FALSE,TRUE,FALSE,NA,3,NA,NA,0
"NCBI_US","Beta","cumulative_1m","entropy",7,9,7,11,"ok",10,158038,"ok",18,3,0.669948753987424,FALSE,1,2,TRUE,FALSE,FALSE,1,NA,NA,NA,0
"NCBI_US","Beta","cumulative_1m","entropy",8,10,8,12,"ok",10,199552,"ok",24,2,0.62640024073112,FALSE,3,4,TRUE,FALSE,FALSE,1,NA,NA,NA,0
"NCBI_US","Beta","cumulative_1m","entropy",9,11,9,13,"ok",6,258524,"ok",29,2,0.641100489178026,FALSE,3,4,TRUE,FALSE,FALSE,1,NA,NA,NA,0
"NCBI_US","Beta","cumulative_1m","entropy",10,12,10,14,"ok",6,328987,"ok",34,2,0.663394009208718,FALSE,4,5,TRUE,FALSE,FALSE,1,NA,NA,NA,0
"NCBI_US","Beta","cumulative_1m","entropy",11,13,11,15,"ok",9,399149,"ok",26,2,0.728533916336262,FALSE,4,5,TRUE,FALSE,FALSE,1,NA,NA,NA,0
"NCBI_US","Beta","cumulative_1m","entropy",12,14,12,16,"ok",6,458947,"ok",44,5,0.682431219449946,FALSE,4,5,FALSE,FALSE,FALSE,NA,NA,NA,NA,0
"NCBI_US","Beta","cumulative_1m","entropy",13,15,13,17,"ok",4,504607,"ok",42,5,0.678745124454593,FALSE,4,5,FALSE,FALSE,FALSE,NA,NA,NA,NA,0
"NCBI_US","Beta","cumulative_1m","entropy",14,16,14,18,"ok",4,530778,"ok",43,5,0.679880507196741,FALSE,4,5,FALSE,FALSE,FALSE,NA,NA,NA,NA,0
"NCBI_US","Beta","cumulative_1m","entropy",15,17,15,19,"ok",4,541182,"ok",41,5,0.670157018783611,FALSE,4,5,FALSE,FALSE,FALSE,NA,NA,NA,NA,0
"NCBI_US","Beta","cumulative_1m","hellinger_T1",1,3,1,5,"ok",4,64563,"ok",12,2,0.763583694394256,FALSE,0,1,FALSE,TRUE,FALSE,NA,1,NA,1,0
"NCBI_US","Beta","cumulative_1m","hellinger_T1",2,4,2,6,"ok",6,78158,"ok",11,2,0.75818380558145,FALSE,0,1,FALSE,TRUE,FALSE,NA,1,NA,1,0
"NCBI_US","Beta","cumulative_1m","hellinger_T1",3,5,3,7,"ok",4,89547,"ok",10,2,0.744821774794345,FALSE,0,1,FALSE,TRUE,FALSE,NA,1,NA,1,0
"NCBI_US","Beta","cumulative_1m","hellinger_T1",4,6,4,8,"ok",4,100489,"ok",11,2,0.73662836491953,FALSE,0,1,FALSE,TRUE,FALSE,NA,1,NA,1,0
"NCBI_US","Beta","cumulative_1m","hellinger_T1",5,7,5,9,"ok",4,113128,"ok",14,2,0.660159328142712,FALSE,0,1,FALSE,TRUE,FALSE,NA,1,NA,1,0
"NCBI_US","Beta","cumulative_1m","hellinger_T1",6,8,6,10,"ok",4,130252,"ok",17,2,0.678837965625935,FALSE,0,1,FALSE,TRUE,FALSE,NA,1,NA,1,0
"NCBI_US","Beta","cumulative_1m","hellinger_T1",7,9,7,11,"ok",10,158038,"ok",18,2,0.654182364100135,FALSE,1,2,TRUE,TRUE,FALSE,1,1,NA,1,0
"NCBI_US","Beta","cumulative_1m","hellinger_T1",8,10,8,12,"ok",10,199552,"ok",24,2,0.607882431213762,FALSE,3,4,TRUE,TRUE,FALSE,1,1,NA,1,0
"NCBI_US","Beta","cumulative_1m","hellinger_T1",9,11,9,13,"ok",6,258524,"ok",29,2,0.576572169285094,FALSE,3,4,TRUE,TRUE,FALSE,1,1,NA,1,0
"NCBI_US","Beta","cumulative_1m","hellinger_T1",10,12,10,14,"ok",6,328987,"ok",34,5,0.566954004162835,FALSE,4,5,FALSE,FALSE,FALSE,NA,NA,NA,1,0
"NCBI_US","Beta","cumulative_1m","hellinger_T1",11,13,11,15,"ok",9,399149,"ok",26,5,0.472932541121701,FALSE,4,5,FALSE,FALSE,FALSE,NA,NA,NA,1,0
"NCBI_US","Beta","cumulative_1m","hellinger_T1",12,14,12,16,"ok",6,458947,"ok",44,2,0.629314175045974,FALSE,4,5,TRUE,TRUE,FALSE,1,1,NA,1,0
"NCBI_US","Beta","cumulative_1m","hellinger_T1",13,15,13,17,"ok",4,504607,"ok",42,2,0.620511254558173,FALSE,4,5,TRUE,TRUE,FALSE,1,1,NA,1,0
"NCBI_US","Beta","cumulative_1m","hellinger_T1",14,16,14,18,"ok",4,530778,"ok",43,5,0.623292386893807,FALSE,4,5,FALSE,FALSE,FALSE,NA,NA,NA,1,0
"NCBI_US","Beta","cumulative_1m","hellinger_T1",15,17,15,19,"ok",4,541182,"ok",41,5,0.611729317191212,FALSE,4,5,FALSE,FALSE,FALSE,NA,NA,NA,1,0
"NCBI_US","Beta","cumulative_1m","hellinger_Tpred",1,3,1,5,"ok",4,64563,"ok",12,3,0.79441397542694,FALSE,0,1,FALSE,TRUE,FALSE,NA,3,NA,10,0
"NCBI_US","Beta","cumulative_1m","hellinger_Tpred",2,4,2,6,"ok",6,78158,"ok",11,3,0.789169059636926,FALSE,0,1,FALSE,TRUE,FALSE,NA,3,NA,10,0
"NCBI_US","Beta","cumulative_1m","hellinger_Tpred",3,5,3,7,"ok",4,89547,"ok",10,3,0.772214708338113,FALSE,0,1,FALSE,TRUE,FALSE,NA,3,NA,10,0
"NCBI_US","Beta","cumulative_1m","hellinger_Tpred",4,6,4,8,"ok",4,100489,"ok",11,3,0.754837967624659,FALSE,0,1,FALSE,TRUE,FALSE,NA,3,NA,10,0
"NCBI_US","Beta","cumulative_1m","hellinger_Tpred",5,7,5,9,"ok",4,113128,"ok",14,3,0.648892082702119,FALSE,0,1,FALSE,TRUE,FALSE,NA,3,NA,10,0
"NCBI_US","Beta","cumulative_1m","hellinger_Tpred",6,8,6,10,"ok",4,130252,"ok",17,3,0.656223753018776,FALSE,0,1,FALSE,TRUE,FALSE,NA,2,NA,10,0
"NCBI_US","Beta","cumulative_1m","hellinger_Tpred",7,9,7,11,"ok",10,158038,"ok",18,3,0.600703842410374,FALSE,1,2,TRUE,FALSE,FALSE,1,NA,NA,10,0
"NCBI_US","Beta","cumulative_1m","hellinger_Tpred",8,10,8,12,"ok",10,199552,"ok",24,4,0.57979950642996,FALSE,3,4,FALSE,FALSE,FALSE,NA,NA,NA,10,0
"NCBI_US","Beta","cumulative_1m","hellinger_Tpred",9,11,9,13,"ok",6,258524,"ok",29,4,0.550393867706337,FALSE,3,4,FALSE,FALSE,FALSE,NA,NA,NA,10,0
"NCBI_US","Beta","cumulative_1m","hellinger_Tpred",10,12,10,14,"ok",6,328987,"ok",34,3,0.595342470170137,FALSE,4,5,TRUE,FALSE,FALSE,1,NA,NA,10,0
"NCBI_US","Beta","cumulative_1m","hellinger_Tpred",11,13,11,15,"ok",9,399149,"ok",26,4,0.492971571040587,FALSE,4,5,FALSE,FALSE,FALSE,NA,NA,NA,10,0
"NCBI_US","Beta","cumulative_1m","hellinger_Tpred",12,14,12,16,"ok",6,458947,"ok",44,3,0.646162971954082,FALSE,4,5,TRUE,FALSE,FALSE,1,NA,NA,10,0
"NCBI_US","Beta","cumulative_1m","hellinger_Tpred",13,15,13,17,"ok",4,504607,"ok",42,3,0.636445317520704,FALSE,4,5,TRUE,FALSE,FALSE,1,NA,NA,10,0
"NCBI_US","Beta","cumulative_1m","hellinger_Tpred",14,16,14,18,"ok",4,530778,"ok",43,3,0.64059856459215,FALSE,4,5,TRUE,FALSE,FALSE,1,NA,NA,10,0
"NCBI_US","Beta","cumulative_1m","hellinger_Tpred",15,17,15,19,"ok",4,541182,"ok",41,3,0.6323254772606,FALSE,4,5,TRUE,FALSE,FALSE,1,NA,NA,10,0
"NCBI_US","Beta","disjoint_2m","entropy",1,3,1,5,"ok",11,35287,"ok",13,6,0.507950256479901,FALSE,0,1,FALSE,TRUE,FALSE,NA,6,NA,NA,0
"NCBI_US","Beta","disjoint_2m","entropy",2,4,2,6,"ok",8,52903,"ok",15,4,0.435864088729102,FALSE,3,3,FALSE,FALSE,FALSE,NA,NA,NA,NA,0
"NCBI_US","Beta","disjoint_2m","entropy",3,5,3,7,"ok",12,83102,"ok",27,6,0.53241711181183,FALSE,4,4,TRUE,TRUE,FALSE,3,3,NA,NA,0
"NCBI_US","Beta","disjoint_2m","entropy",4,6,4,8,"ok",12,87584,"ok",24,5,0.505929736971142,FALSE,4,4,TRUE,TRUE,FALSE,3,3,NA,NA,0
"NCBI_US","Beta","disjoint_2m","entropy",5,7,5,9,"ok",7,85143,"ok",28,6,0.529778009965093,FALSE,4,4,TRUE,TRUE,FALSE,3,3,NA,NA,0
"NCBI_US","Beta","disjoint_2m","hellinger_T1",1,3,1,5,"ok",11,35287,"ok",13,6,0.525770638138458,FALSE,0,1,FALSE,TRUE,FALSE,NA,6,NA,1,0
"NCBI_US","Beta","disjoint_2m","hellinger_T1",2,4,2,6,"ok",8,52903,"ok",15,4,0.556861176828785,FALSE,3,3,FALSE,FALSE,FALSE,NA,NA,NA,1,0
"NCBI_US","Beta","disjoint_2m","hellinger_T1",3,5,3,7,"ok",12,83102,"ok",27,6,0.553146535952497,FALSE,4,4,FALSE,FALSE,FALSE,NA,NA,NA,1,0
"NCBI_US","Beta","disjoint_2m","hellinger_T1",4,6,4,8,"ok",12,87584,"ok",24,5,0.543846242539115,FALSE,4,4,FALSE,FALSE,FALSE,NA,NA,NA,1,0
"NCBI_US","Beta","disjoint_2m","hellinger_T1",5,7,5,9,"ok",7,85143,"ok",28,6,0.551487559899336,FALSE,4,4,FALSE,FALSE,FALSE,NA,NA,NA,1,0
"NCBI_US","Beta","disjoint_2m","hellinger_Tpred",1,3,1,5,"ok",11,35287,"ok",13,6,0.488600856688877,FALSE,0,1,FALSE,TRUE,FALSE,NA,5,NA,5,0
"NCBI_US","Beta","disjoint_2m","hellinger_Tpred",2,4,2,6,"ok",8,52903,"ok",15,3,0.57099312727571,FALSE,3,3,FALSE,FALSE,FALSE,NA,NA,NA,5,0
"NCBI_US","Beta","disjoint_2m","hellinger_Tpred",3,5,3,7,"ok",12,83102,"ok",27,4,0.587929346247133,FALSE,4,4,FALSE,FALSE,FALSE,NA,NA,NA,5,0
"NCBI_US","Beta","disjoint_2m","hellinger_Tpred",4,6,4,8,"ok",12,87584,"ok",24,3,0.622466227592591,FALSE,4,4,FALSE,FALSE,FALSE,NA,NA,NA,5,0
"NCBI_US","Beta","disjoint_2m","hellinger_Tpred",5,7,5,9,"ok",7,85143,"ok",28,4,0.590975670905561,FALSE,4,4,FALSE,FALSE,FALSE,NA,NA,NA,5,0
"NCBI_US","Beta","sliding_2m","entropy",1,3,1,5,"ok",2,31758,"ok",65,2,0.798542070473348,FALSE,1,2,FALSE,FALSE,TRUE,NA,NA,1,NA,1
"NCBI_US","Beta","sliding_2m","entropy",2,4,2,6,"ok",2,24984,"ok",78,2,0.792300257735049,FALSE,4,5,TRUE,TRUE,TRUE,1,1,1,NA,1
"NCBI_US","Beta","sliding_2m","entropy",3,5,3,7,"ok",8,22331,"ok",9,2,0.532308035633215,FALSE,0,1,FALSE,TRUE,FALSE,NA,2,NA,NA,0
"NCBI_US","Beta","sliding_2m","entropy",4,6,4,8,"ok",2,23581,"ok",130,2,0.804987397027346,FALSE,5,8,TRUE,TRUE,TRUE,1,1,1,NA,1
"NCBI_US","Beta","sliding_2m","entropy",5,7,5,9,"ok",3,29763,"ok",63,2,0.720868574122125,FALSE,3,3,TRUE,TRUE,TRUE,1,1,1,NA,1
"NCBI_US","Beta","sliding_2m","entropy",6,8,6,10,"ok",3,44910,"ok",34,6,0.605916107094285,FALSE,2,2,FALSE,FALSE,FALSE,NA,NA,NA,NA,0
"NCBI_US","Beta","sliding_2m","entropy",7,9,7,11,"ok",13,69300,"ok",18,2,0.42378449883572,FALSE,3,3,TRUE,TRUE,FALSE,1,1,NA,NA,0
"NCBI_US","Beta","sliding_2m","entropy",8,10,8,12,"ok",4,100486,"ok",56,6,0.633576780027246,FALSE,4,4,FALSE,FALSE,FALSE,NA,NA,NA,NA,0
"NCBI_US","Beta","sliding_2m","entropy",9,11,9,13,"ok",4,129435,"ok",57,2,0.632139360423961,FALSE,4,4,TRUE,TRUE,TRUE,1,1,1,NA,1
"NCBI_US","Beta","sliding_2m","entropy",10,12,10,14,"ok",14,140625,"ok",27,6,0.53454258409142,FALSE,4,4,FALSE,FALSE,FALSE,NA,NA,NA,NA,0
"NCBI_US","Beta","sliding_2m","entropy",11,13,11,15,"ok",13,129960,"ok",26,6,0.519305458576294,FALSE,4,4,FALSE,FALSE,FALSE,NA,NA,NA,NA,0
"NCBI_US","Beta","sliding_2m","entropy",12,14,12,16,"ok",12,105458,"ok",32,6,0.514499226994973,FALSE,4,4,FALSE,FALSE,FALSE,NA,NA,NA,NA,0
"NCBI_US","Beta","sliding_2m","entropy",13,15,13,17,"ok",14,71831,"ok",40,3,0.496313493590511,FALSE,4,4,TRUE,TRUE,FALSE,1,1,NA,NA,0
"NCBI_US","Beta","sliding_2m","entropy",14,16,14,18,"ok",15,36575,"ok",26,6,0.492778912010694,FALSE,4,4,FALSE,FALSE,FALSE,NA,NA,NA,NA,0
"NCBI_US","Beta","sliding_2m","hellinger_T1",1,3,1,5,"ok",2,31758,"ok",65,2,0.781672833532339,FALSE,1,2,FALSE,TRUE,TRUE,NA,1,1,1,1
"NCBI_US","Beta","sliding_2m","hellinger_T1",2,4,2,6,"ok",2,24984,"ok",78,2,0.767650157274812,FALSE,4,5,TRUE,TRUE,TRUE,1,1,1,1,1
"NCBI_US","Beta","sliding_2m","hellinger_T1",3,5,3,7,"ok",8,22331,"ok",9,2,0.444466292633811,FALSE,0,1,FALSE,TRUE,FALSE,NA,1,NA,1,0
"NCBI_US","Beta","sliding_2m","hellinger_T1",4,6,4,8,"ok",2,23581,"ok",130,3,0.771668252679463,FALSE,5,8,FALSE,FALSE,FALSE,NA,NA,NA,1,1
"NCBI_US","Beta","sliding_2m","hellinger_T1",5,7,5,9,"ok",3,29763,"ok",63,3,0.708063162430222,FALSE,3,3,FALSE,FALSE,FALSE,NA,NA,NA,1,1
"NCBI_US","Beta","sliding_2m","hellinger_T1",6,8,6,10,"ok",3,44910,"ok",34,5,0.593924068345495,FALSE,2,2,TRUE,TRUE,FALSE,3,3,NA,1,0
"NCBI_US","Beta","sliding_2m","hellinger_T1",7,9,7,11,"ok",13,69300,"ok",18,5,0.45728779053172,FALSE,3,3,FALSE,FALSE,FALSE,NA,NA,NA,1,0
"NCBI_US","Beta","sliding_2m","hellinger_T1",8,10,8,12,"ok",4,100486,"ok",56,2,0.655471724018457,FALSE,4,4,TRUE,TRUE,TRUE,2,2,2,1,1
"NCBI_US","Beta","sliding_2m","hellinger_T1",9,11,9,13,"ok",4,129435,"ok",57,2,0.656942390140693,FALSE,4,4,TRUE,TRUE,TRUE,2,2,2,1,1
"NCBI_US","Beta","sliding_2m","hellinger_T1",10,12,10,14,"ok",14,140625,"ok",27,2,0.626693110535893,FALSE,4,4,FALSE,FALSE,FALSE,NA,NA,NA,1,0
"NCBI_US","Beta","sliding_2m","hellinger_T1",11,13,11,15,"ok",13,129960,"ok",26,2,0.632177970750024,FALSE,4,4,FALSE,FALSE,FALSE,NA,NA,NA,1,0
"NCBI_US","Beta","sliding_2m","hellinger_T1",12,14,12,16,"ok",12,105458,"ok",32,2,0.603192594949364,FALSE,4,4,FALSE,FALSE,FALSE,NA,NA,NA,1,0
"NCBI_US","Beta","sliding_2m","hellinger_T1",13,15,13,17,"ok",14,71831,"ok",40,2,0.594215885427408,FALSE,4,4,FALSE,FALSE,FALSE,NA,NA,NA,1,0
"NCBI_US","Beta","sliding_2m","hellinger_T1",14,16,14,18,"ok",15,36575,"ok",26,2,0.609348799017465,FALSE,4,4,FALSE,FALSE,FALSE,NA,NA,NA,1,0
"NCBI_US","Beta","sliding_2m","hellinger_Tpred",1,3,1,5,"ok",2,31758,"ok",65,3,0.794277736317535,FALSE,1,2,FALSE,FALSE,FALSE,NA,NA,NA,9,1
"NCBI_US","Beta","sliding_2m","hellinger_Tpred",2,4,2,6,"ok",2,24984,"ok",78,3,0.771894843375502,FALSE,4,5,FALSE,FALSE,FALSE,NA,NA,NA,9,1
"NCBI_US","Beta","sliding_2m","hellinger_Tpred",3,5,3,7,"ok",8,22331,"ok",9,3,0.500096657835953,FALSE,0,1,FALSE,TRUE,FALSE,NA,2,NA,9,0
"NCBI_US","Beta","sliding_2m","hellinger_Tpred",4,6,4,8,"ok",2,23581,"ok",130,2,0.790599901643563,FALSE,5,8,TRUE,TRUE,TRUE,1,1,1,9,1
"NCBI_US","Beta","sliding_2m","hellinger_Tpred",5,7,5,9,"ok",3,29763,"ok",63,3,0.703753792924687,FALSE,3,3,FALSE,FALSE,FALSE,NA,NA,NA,9,1
"NCBI_US","Beta","sliding_2m","hellinger_Tpred",6,8,6,10,"ok",3,44910,"ok",34,3,0.59651885738367,FALSE,2,2,TRUE,TRUE,FALSE,3,3,NA,9,0
"NCBI_US","Beta","sliding_2m","hellinger_Tpred",7,9,7,11,"ok",13,69300,"ok",18,2,0.517663310731139,FALSE,3,3,FALSE,FALSE,FALSE,NA,NA,NA,9,0
"NCBI_US","Beta","sliding_2m","hellinger_Tpred",8,10,8,12,"ok",4,100486,"ok",56,4,0.654242147286218,FALSE,4,4,FALSE,FALSE,FALSE,NA,NA,NA,9,0
"NCBI_US","Beta","sliding_2m","hellinger_Tpred",9,11,9,13,"ok",4,129435,"ok",57,4,0.644915231151089,FALSE,4,4,FALSE,FALSE,FALSE,NA,NA,NA,9,0
"NCBI_US","Beta","sliding_2m","hellinger_Tpred",10,12,10,14,"ok",14,140625,"ok",27,2,0.606315052890246,FALSE,4,4,FALSE,FALSE,FALSE,NA,NA,NA,9,0
"NCBI_US","Beta","sliding_2m","hellinger_Tpred",11,13,11,15,"ok",13,129960,"ok",26,2,0.608582102874718,FALSE,4,4,FALSE,FALSE,FALSE,NA,NA,NA,9,0
"NCBI_US","Beta","sliding_2m","hellinger_Tpred",12,14,12,16,"ok",12,105458,"ok",32,2,0.602108789137989,FALSE,4,4,FALSE,FALSE,FALSE,NA,NA,NA,9,0
"NCBI_US","Beta","sliding_2m","hellinger_Tpred",13,15,13,17,"ok",14,71831,"ok",40,2,0.606779184558977,FALSE,4,4,FALSE,FALSE,FALSE,NA,NA,NA,9,0
"NCBI_US","Beta","sliding_2m","hellinger_Tpred",14,16,14,18,"ok",15,36575,"ok",26,4,0.594330938486457,FALSE,4,4,FALSE,FALSE,FALSE,NA,NA,NA,9,0
"NCBI_US","Delta","cumulative_1m","entropy",1,3,1,5,"ok",4,36462,"ok",11,2,0.786687729596083,FALSE,1,2,TRUE,FALSE,FALSE,1,NA,NA,NA,0
"NCBI_US","Delta","cumulative_1m","entropy",2,4,2,6,"ok",6,47404,"ok",8,2,0.752685784470154,FALSE,1,2,TRUE,FALSE,FALSE,1,NA,NA,NA,0
"NCBI_US","Delta","cumulative_1m","entropy",3,5,3,7,"ok",7,60043,"ok",18,2,0.717630014860783,FALSE,1,2,TRUE,FALSE,FALSE,1,NA,NA,NA,0
"NCBI_US","Delta","cumulative_1m","entropy",4,6,4,8,"ok",7,77167,"ok",16,2,0.685388529910253,FALSE,2,3,TRUE,FALSE,FALSE,1,NA,NA,NA,0
"NCBI_US","Delta","cumulative_1m","entropy",5,7,5,9,"ok",8,104953,"ok",18,2,0.650367363591329,FALSE,2,4,TRUE,FALSE,FALSE,1,NA,NA,NA,0
"NCBI_US","Delta","cumulative_1m","entropy",6,8,6,10,"ok",5,146467,"ok",29,2,0.640047557540429,FALSE,3,5,TRUE,FALSE,FALSE,1,NA,NA,NA,0
"NCBI_US","Delta","cumulative_1m","entropy",7,9,7,11,"ok",10,205439,"ok",17,4,0.463405324543504,FALSE,3,4,FALSE,FALSE,FALSE,NA,NA,NA,NA,0
"NCBI_US","Delta","cumulative_1m","entropy",8,10,8,12,"ok",7,275902,"ok",28,4,0.583683890501873,FALSE,3,5,FALSE,FALSE,FALSE,NA,NA,NA,NA,0
"NCBI_US","Delta","cumulative_1m","entropy",9,11,9,13,"ok",8,346064,"ok",25,4,0.515054087241177,FALSE,3,5,FALSE,FALSE,FALSE,NA,NA,NA,NA,0
"NCBI_US","Delta","cumulative_1m","entropy",10,12,10,14,"ok",9,405862,"ok",25,4,0.515054087241177,FALSE,3,5,FALSE,FALSE,FALSE,NA,NA,NA,NA,0
"NCBI_US","Delta","cumulative_1m","entropy",11,13,11,15,"ok",4,451522,"ok",41,4,0.67137465613799,FALSE,3,8,FALSE,FALSE,FALSE,NA,NA,NA,NA,0
"NCBI_US","Delta","cumulative_1m","entropy",12,14,12,16,"ok",4,477693,"ok",41,4,0.668936991544145,FALSE,3,9,FALSE,FALSE,FALSE,NA,NA,NA,NA,0
"NCBI_US","Delta","cumulative_1m","entropy",13,15,13,17,"ok",4,488097,"ok",38,4,0.650457347609319,FALSE,3,8,FALSE,FALSE,FALSE,NA,NA,NA,NA,0
"NCBI_US","Delta","cumulative_1m","hellinger_T1",1,3,1,5,"ok",4,36462,"ok",11,2,0.538340020159671,FALSE,1,2,TRUE,TRUE,FALSE,1,1,NA,1,0
"NCBI_US","Delta","cumulative_1m","hellinger_T1",2,4,2,6,"ok",6,47404,"ok",8,2,0.454146387138164,FALSE,1,2,TRUE,TRUE,FALSE,1,1,NA,1,0
"NCBI_US","Delta","cumulative_1m","hellinger_T1",3,5,3,7,"ok",7,60043,"ok",18,2,0.594756225199749,FALSE,1,2,TRUE,TRUE,FALSE,1,1,NA,1,0
"NCBI_US","Delta","cumulative_1m","hellinger_T1",4,6,4,8,"ok",7,77167,"ok",16,2,0.554987623100222,FALSE,2,3,TRUE,TRUE,FALSE,1,1,NA,1,0
"NCBI_US","Delta","cumulative_1m","hellinger_T1",5,7,5,9,"ok",8,104953,"ok",18,2,0.583361157875021,FALSE,2,4,TRUE,TRUE,FALSE,1,1,NA,1,0
"NCBI_US","Delta","cumulative_1m","hellinger_T1",6,8,6,10,"ok",5,146467,"ok",29,2,0.594028071667225,FALSE,3,5,TRUE,TRUE,FALSE,1,1,NA,1,0
"NCBI_US","Delta","cumulative_1m","hellinger_T1",7,9,7,11,"ok",10,205439,"ok",17,5,0.471441231815473,FALSE,3,4,FALSE,FALSE,FALSE,NA,NA,NA,1,0
"NCBI_US","Delta","cumulative_1m","hellinger_T1",8,10,8,12,"ok",7,275902,"ok",28,4,0.521402245161067,FALSE,3,5,FALSE,FALSE,FALSE,NA,NA,NA,1,0
"NCBI_US","Delta","cumulative_1m","hellinger_T1",9,11,9,13,"ok",8,346064,"ok",25,3,0.476139824931497,FALSE,3,5,FALSE,FALSE,FALSE,NA,NA,NA,1,0
"NCBI_US","Delta","cumulative_1m","hellinger_T1",10,12,10,14,"ok",9,405862,"ok",25,3,0.476139824931497,FALSE,3,5,FALSE,FALSE,FALSE,NA,NA,NA,1,0
"NCBI_US","Delta","cumulative_1m","hellinger_T1",11,13,11,15,"ok",4,451522,"ok",41,2,0.601738421816154,FALSE,3,8,TRUE,FALSE,FALSE,1,NA,NA,1,0
"NCBI_US","Delta","cumulative_1m","hellinger_T1",12,14,12,16,"ok",4,477693,"ok",41,2,0.600595465737844,FALSE,3,9,TRUE,FALSE,FALSE,1,NA,NA,1,0
"NCBI_US","Delta","cumulative_1m","hellinger_T1",13,15,13,17,"ok",4,488097,"ok",38,2,0.578639125590768,FALSE,3,8,TRUE,FALSE,FALSE,1,NA,NA,1,0
"NCBI_US","Delta","cumulative_1m","hellinger_Tpred",1,3,1,5,"ok",4,36462,"ok",11,2,0.760456683951334,FALSE,1,2,TRUE,TRUE,FALSE,2,2,NA,9,0
"NCBI_US","Delta","cumulative_1m","hellinger_Tpred",2,4,2,6,"ok",6,47404,"ok",8,2,0.725922368950148,FALSE,1,2,TRUE,TRUE,FALSE,2,2,NA,9,0
"NCBI_US","Delta","cumulative_1m","hellinger_Tpred",3,5,3,7,"ok",7,60043,"ok",18,4,0.636449871054228,FALSE,1,2,TRUE,FALSE,FALSE,3,NA,NA,9,0
"NCBI_US","Delta","cumulative_1m","hellinger_Tpred",4,6,4,8,"ok",7,77167,"ok",16,4,0.635834485227799,FALSE,2,3,FALSE,FALSE,FALSE,NA,NA,NA,9,0
"NCBI_US","Delta","cumulative_1m","hellinger_Tpred",5,7,5,9,"ok",8,104953,"ok",18,5,0.590267125427241,FALSE,2,4,FALSE,FALSE,FALSE,NA,NA,NA,9,0
"NCBI_US","Delta","cumulative_1m","hellinger_Tpred",6,8,6,10,"ok",5,146467,"ok",29,4,0.609109521814684,FALSE,3,5,FALSE,FALSE,FALSE,NA,NA,NA,9,0
"NCBI_US","Delta","cumulative_1m","hellinger_Tpred",7,9,7,11,"ok",10,205439,"ok",17,2,0.551168287885438,FALSE,3,4,FALSE,FALSE,FALSE,NA,NA,NA,9,0
"NCBI_US","Delta","cumulative_1m","hellinger_Tpred",8,10,8,12,"ok",7,275902,"ok",28,5,0.549641429944621,FALSE,3,5,FALSE,FALSE,FALSE,NA,NA,NA,9,0
"NCBI_US","Delta","cumulative_1m","hellinger_Tpred",9,11,9,13,"ok",8,346064,"ok",25,2,0.513194180938128,FALSE,3,5,TRUE,FALSE,FALSE,2,NA,NA,9,0
"NCBI_US","Delta","cumulative_1m","hellinger_Tpred",10,12,10,14,"ok",9,405862,"ok",25,2,0.513194180938128,FALSE,3,5,TRUE,FALSE,FALSE,2,NA,NA,9,0
"NCBI_US","Delta","cumulative_1m","hellinger_Tpred",11,13,11,15,"ok",4,451522,"ok",41,3,0.614124295626164,FALSE,3,8,TRUE,FALSE,FALSE,2,NA,NA,9,0
"NCBI_US","Delta","cumulative_1m","hellinger_Tpred",12,14,12,16,"ok",4,477693,"ok",41,3,0.613341127508582,FALSE,3,9,TRUE,FALSE,FALSE,2,NA,NA,9,0
"NCBI_US","Delta","cumulative_1m","hellinger_Tpred",13,15,13,17,"ok",4,488097,"ok",38,3,0.597968653295417,FALSE,3,8,TRUE,FALSE,FALSE,2,NA,NA,9,0
"NCBI_US","Delta","disjoint_2m","entropy",1,3,1,5,"ok",8,52903,"ok",15,4,0.437982516604118,FALSE,3,4,TRUE,FALSE,FALSE,4,NA,NA,NA,0
"NCBI_US","Delta","disjoint_2m","entropy",2,4,2,6,"ok",12,83102,"ok",27,6,0.533624553746784,FALSE,3,5,TRUE,FALSE,FALSE,4,NA,NA,NA,0
"NCBI_US","Delta","disjoint_2m","entropy",3,5,3,7,"ok",12,87584,"ok",24,5,0.507258979346705,FALSE,3,5,TRUE,FALSE,FALSE,4,NA,NA,NA,0
"NCBI_US","Delta","disjoint_2m","entropy",4,6,4,8,"ok",7,85143,"ok",28,6,0.530942604911804,FALSE,3,5,TRUE,FALSE,FALSE,4,NA,NA,NA,0
"NCBI_US","Delta","disjoint_2m","hellinger_T1",1,3,1,5,"ok",8,52903,"ok",15,4,0.527597779482736,FALSE,3,4,TRUE,FALSE,FALSE,4,NA,NA,1,0
"NCBI_US","Delta","disjoint_2m","hellinger_T1",2,4,2,6,"ok",12,83102,"ok",27,5,0.566052204685228,FALSE,3,5,TRUE,FALSE,FALSE,4,NA,NA,1,0
"NCBI_US","Delta","disjoint_2m","hellinger_T1",3,5,3,7,"ok",12,87584,"ok",24,4,0.572286878362252,FALSE,3,5,TRUE,FALSE,FALSE,4,NA,NA,1,0
"NCBI_US","Delta","disjoint_2m","hellinger_T1",4,6,4,8,"ok",7,85143,"ok",28,5,0.569869527207416,FALSE,3,5,TRUE,FALSE,FALSE,4,NA,NA,1,0
"NCBI_US","Delta","disjoint_2m","hellinger_Tpred",1,3,1,5,"ok",8,52903,"ok",15,3,0.656953533467856,FALSE,3,4,TRUE,FALSE,FALSE,2,NA,NA,5,0
"NCBI_US","Delta","disjoint_2m","hellinger_Tpred",2,4,2,6,"ok",12,83102,"ok",27,4,0.66489700640219,FALSE,3,5,TRUE,FALSE,FALSE,2,NA,NA,5,0
"NCBI_US","Delta","disjoint_2m","hellinger_Tpred",3,5,3,7,"ok",12,87584,"ok",24,3,0.684961586387566,FALSE,3,5,TRUE,FALSE,FALSE,2,NA,NA,5,0
"NCBI_US","Delta","disjoint_2m","hellinger_Tpred",4,6,4,8,"ok",7,85143,"ok",28,4,0.659038956789379,FALSE,3,5,TRUE,FALSE,FALSE,2,NA,NA,5,0
"NCBI_US","Delta","sliding_2m","entropy",1,3,1,5,"ok",8,22331,"ok",9,2,0.594155435426749,FALSE,1,2,TRUE,FALSE,FALSE,1,NA,NA,NA,0
"NCBI_US","Delta","sliding_2m","entropy",2,4,2,6,"ok",2,23581,"ok",130,2,0.811561992289542,FALSE,2,7,TRUE,TRUE,TRUE,1,1,1,NA,1
"NCBI_US","Delta","sliding_2m","entropy",3,5,3,7,"ok",3,29763,"ok",63,2,0.722199005949598,FALSE,2,6,TRUE,TRUE,TRUE,1,1,1,NA,1
"NCBI_US","Delta","sliding_2m","entropy",4,6,4,8,"ok",3,44910,"ok",34,6,0.609997295705225,FALSE,3,6,FALSE,FALSE,FALSE,NA,NA,NA,NA,0
"NCBI_US","Delta","sliding_2m","entropy",5,7,5,9,"ok",13,69300,"ok",18,2,0.426214748216779,FALSE,3,4,TRUE,TRUE,FALSE,1,1,NA,NA,0
"NCBI_US","Delta","sliding_2m","entropy",6,8,6,10,"ok",4,100486,"ok",56,6,0.636326058121659,FALSE,3,8,FALSE,FALSE,FALSE,NA,NA,NA,NA,0
"NCBI_US","Delta","sliding_2m","entropy",7,9,7,11,"ok",4,129435,"ok",57,2,0.633434578369721,FALSE,3,8,TRUE,TRUE,TRUE,1,1,1,NA,1
"NCBI_US","Delta","sliding_2m","entropy",8,10,8,12,"ok",14,140625,"ok",27,6,0.537904435352821,FALSE,3,5,FALSE,FALSE,FALSE,NA,NA,NA,NA,0
"NCBI_US","Delta","sliding_2m","entropy",9,11,9,13,"ok",13,129960,"ok",26,6,0.522795980672862,FALSE,3,5,FALSE,FALSE,FALSE,NA,NA,NA,NA,0
"NCBI_US","Delta","sliding_2m","entropy",10,12,10,14,"ok",12,105458,"ok",32,3,0.482027359247139,FALSE,3,7,TRUE,FALSE,FALSE,1,NA,NA,NA,0
"NCBI_US","Delta","sliding_2m","entropy",11,13,11,15,"ok",14,71831,"ok",40,3,0.498179822724101,FALSE,5,11,FALSE,FALSE,FALSE,NA,NA,NA,NA,0
"NCBI_US","Delta","sliding_2m","entropy",12,14,12,16,"ok",15,36575,"ok",26,6,0.496261055445257,FALSE,3,7,FALSE,FALSE,FALSE,NA,NA,NA,NA,0
"NCBI_US","Delta","sliding_2m","hellinger_T1",1,3,1,5,"ok",8,22331,"ok",9,2,0.382135299373848,FALSE,1,2,TRUE,FALSE,FALSE,1,NA,NA,1,0
"NCBI_US","Delta","sliding_2m","hellinger_T1",2,4,2,6,"ok",2,23581,"ok",130,2,0.780339254212532,FALSE,2,7,TRUE,TRUE,TRUE,1,1,1,1,1
"NCBI_US","Delta","sliding_2m","hellinger_T1",3,5,3,7,"ok",3,29763,"ok",63,2,0.692068939606844,FALSE,2,6,TRUE,TRUE,TRUE,1,1,1,1,1
"NCBI_US","Delta","sliding_2m","hellinger_T1",4,6,4,8,"ok",3,44910,"ok",34,5,0.597510905578422,FALSE,3,6,TRUE,FALSE,FALSE,5,NA,NA,1,0
"NCBI_US","Delta","sliding_2m","hellinger_T1",5,7,5,9,"ok",13,69300,"ok",18,2,0.577838240237135,FALSE,3,4,TRUE,TRUE,FALSE,1,1,NA,1,0
"NCBI_US","Delta","sliding_2m","hellinger_T1",6,8,6,10,"ok",4,100486,"ok",56,5,0.628330203350665,FALSE,3,8,TRUE,FALSE,FALSE,5,NA,NA,1,0
"NCBI_US","Delta","sliding_2m","hellinger_T1",7,9,7,11,"ok",4,129435,"ok",57,5,0.624313858223219,FALSE,3,8,TRUE,FALSE,FALSE,5,NA,NA,1,0
"NCBI_US","Delta","sliding_2m","hellinger_T1",8,10,8,12,"ok",14,140625,"ok",27,2,0.634836033704879,FALSE,3,5,TRUE,FALSE,FALSE,1,NA,NA,1,0
"NCBI_US","Delta","sliding_2m","hellinger_T1",9,11,9,13,"ok",13,129960,"ok",26,2,0.64137573487501,FALSE,3,5,TRUE,FALSE,FALSE,1,NA,NA,1,0
"NCBI_US","Delta","sliding_2m","hellinger_T1",10,12,10,14,"ok",12,105458,"ok",32,2,0.609730521439215,FALSE,3,7,TRUE,FALSE,FALSE,1,NA,NA,1,0
"NCBI_US","Delta","sliding_2m","hellinger_T1",11,13,11,15,"ok",14,71831,"ok",40,2,0.600945610011633,FALSE,5,11,TRUE,FALSE,FALSE,1,NA,NA,1,0
"NCBI_US","Delta","sliding_2m","hellinger_T1",12,14,12,16,"ok",15,36575,"ok",26,2,0.61368862899368,FALSE,3,7,TRUE,FALSE,FALSE,1,NA,NA,1,0
"NCBI_US","Delta","sliding_2m","hellinger_Tpred",1,3,1,5,"ok",8,22331,"ok",9,4,0.577059409806943,FALSE,1,2,TRUE,FALSE,FALSE,4,NA,NA,8,0
"NCBI_US","Delta","sliding_2m","hellinger_Tpred",2,4,2,6,"ok",2,23581,"ok",130,2,0.800542727684215,FALSE,2,7,FALSE,TRUE,TRUE,NA,1,1,8,1
"NCBI_US","Delta","sliding_2m","hellinger_Tpred",3,5,3,7,"ok",3,29763,"ok",63,4,0.727540874841066,FALSE,2,6,TRUE,FALSE,FALSE,2,NA,NA,8,1
"NCBI_US","Delta","sliding_2m","hellinger_Tpred",4,6,4,8,"ok",3,44910,"ok",34,4,0.641697114878229,FALSE,3,6,TRUE,FALSE,FALSE,2,NA,NA,8,0
"NCBI_US","Delta","sliding_2m","hellinger_Tpred",5,7,5,9,"ok",13,69300,"ok",18,3,0.589772043570774,FALSE,3,4,TRUE,FALSE,FALSE,2,NA,NA,8,0
"NCBI_US","Delta","sliding_2m","hellinger_Tpred",6,8,6,10,"ok",4,100486,"ok",56,4,0.676649370004459,FALSE,3,8,TRUE,FALSE,FALSE,2,NA,NA,8,0
"NCBI_US","Delta","sliding_2m","hellinger_Tpred",7,9,7,11,"ok",4,129435,"ok",57,4,0.669045235486558,FALSE,3,8,TRUE,FALSE,FALSE,2,NA,NA,8,0
"NCBI_US","Delta","sliding_2m","hellinger_Tpred",8,10,8,12,"ok",14,140625,"ok",27,3,0.617089584922178,FALSE,3,5,TRUE,FALSE,FALSE,2,NA,NA,8,0
"NCBI_US","Delta","sliding_2m","hellinger_Tpred",9,11,9,13,"ok",13,129960,"ok",26,3,0.624413412387009,FALSE,3,5,TRUE,FALSE,FALSE,2,NA,NA,8,0
"NCBI_US","Delta","sliding_2m","hellinger_Tpred",10,12,10,14,"ok",12,105458,"ok",32,4,0.606952529139025,FALSE,3,7,FALSE,FALSE,FALSE,NA,NA,NA,8,0
"NCBI_US","Delta","sliding_2m","hellinger_Tpred",11,13,11,15,"ok",14,71831,"ok",40,4,0.599387917161053,FALSE,5,11,FALSE,FALSE,FALSE,NA,NA,NA,8,0
"NCBI_US","Delta","sliding_2m","hellinger_Tpred",12,14,12,16,"ok",15,36575,"ok",26,4,0.619604994269113,FALSE,3,7,FALSE,FALSE,FALSE,NA,NA,NA,8,0
"NCBI_US","Epsilon","disjoint_2m","entropy",1,3,1,5,"ok",6,24371,"ok",14,3,0.530306369555906,FALSE,0,1,FALSE,TRUE,FALSE,NA,3,NA,NA,0
"NCBI_US","Epsilon","disjoint_2m","entropy",2,4,2,6,"ok",11,35287,"ok",13,2,0.503762359815385,FALSE,0,4,FALSE,FALSE,FALSE,NA,NA,NA,NA,0
"NCBI_US","Epsilon","disjoint_2m","entropy",3,5,3,7,"ok",8,52903,"ok",15,2,0.359179590868076,FALSE,0,3,FALSE,TRUE,FALSE,NA,1,NA,NA,0
"NCBI_US","Epsilon","disjoint_2m","entropy",4,6,4,8,"ok",12,83102,"ok",27,2,0.455792708629002,FALSE,0,3,FALSE,TRUE,FALSE,NA,1,NA,NA,0
"NCBI_US","Epsilon","disjoint_2m","hellinger_T1",1,3,1,5,"ok",6,24371,"ok",14,2,0.783933059488935,FALSE,0,1,FALSE,TRUE,FALSE,NA,2,NA,1,0
"NCBI_US","Epsilon","disjoint_2m","hellinger_T1",2,4,2,6,"ok",11,35287,"ok",13,2,0.772387470192974,FALSE,0,4,FALSE,FALSE,FALSE,NA,NA,NA,1,0
"NCBI_US","Epsilon","disjoint_2m","hellinger_T1",3,5,3,7,"ok",8,52903,"ok",15,5,0.41494775903518,FALSE,0,3,FALSE,TRUE,FALSE,NA,2,NA,1,0
"NCBI_US","Epsilon","disjoint_2m","hellinger_T1",4,6,4,8,"ok",12,83102,"ok",27,5,0.399256537237261,FALSE,0,3,FALSE,TRUE,FALSE,NA,2,NA,1,0
"NCBI_US","Epsilon","disjoint_2m","hellinger_Tpred",1,3,1,5,"ok",6,24371,"ok",14,2,0.630117499563048,FALSE,0,1,FALSE,TRUE,FALSE,NA,2,NA,2,0
"NCBI_US","Epsilon","disjoint_2m","hellinger_Tpred",2,4,2,6,"ok",11,35287,"ok",13,2,0.625519801588611,FALSE,0,4,FALSE,FALSE,FALSE,NA,NA,NA,2,0
"NCBI_US","Epsilon","disjoint_2m","hellinger_Tpred",3,5,3,7,"ok",8,52903,"ok",15,5,0.454672008214802,FALSE,0,3,FALSE,TRUE,FALSE,NA,2,NA,2,0
"NCBI_US","Epsilon","disjoint_2m","hellinger_Tpred",4,6,4,8,"ok",12,83102,"ok",27,3,0.505092296987281,FALSE,0,3,FALSE,TRUE,FALSE,NA,2,NA,2,0
"NCBI_US","Epsilon","sliding_2m","entropy",1,3,1,5,"ok",2,29434,"ok",30,3,0.751611537540521,FALSE,0,1,FALSE,TRUE,FALSE,NA,3,NA,NA,0
"NCBI_US","Epsilon","sliding_2m","entropy",2,4,2,6,"ok",2,34168,"ok",50,3,0.781291292800533,FALSE,0,1,FALSE,TRUE,FALSE,NA,3,NA,NA,1
"NCBI_US","Epsilon","sliding_2m","entropy",3,5,3,7,"ok",2,31758,"ok",65,3,0.778977680125744,FALSE,0,1,FALSE,TRUE,FALSE,NA,3,NA,NA,1
"NCBI_US","Epsilon","sliding_2m","entropy",4,6,4,8,"ok",2,24984,"ok",78,2,0.751389698241337,FALSE,0,1,FALSE,TRUE,TRUE,NA,2,2,NA,1
"NCBI_US","Epsilon","sliding_2m","entropy",5,7,5,9,"ok",8,22331,"ok",9,3,0.436454800086294,FALSE,0,1,FALSE,TRUE,FALSE,NA,3,NA,NA,0
"NCBI_US","Epsilon","sliding_2m","entropy",6,8,6,10,"ok",2,23581,"ok",130,3,0.791957776970207,FALSE,0,4,FALSE,FALSE,FALSE,NA,NA,NA,NA,1
"NCBI_US","Epsilon","sliding_2m","entropy",7,9,7,11,"ok",3,29763,"ok",63,2,0.694556099637778,FALSE,0,3,FALSE,TRUE,TRUE,NA,1,1,NA,1
"NCBI_US","Epsilon","sliding_2m","entropy",8,10,8,12,"ok",3,44910,"ok",34,3,0.546685478506289,FALSE,0,3,FALSE,TRUE,FALSE,NA,2,NA,NA,0
"NCBI_US","Epsilon","sliding_2m","entropy",9,11,9,13,"ok",13,69300,"ok",18,3,0.45252867277721,FALSE,0,3,FALSE,TRUE,FALSE,NA,2,NA,NA,0
"NCBI_US","Epsilon","sliding_2m","entropy",10,12,10,14,"ok",4,100486,"ok",56,2,0.601391775876399,FALSE,0,3,FALSE,TRUE,TRUE,NA,1,1,NA,1
"NCBI_US","Epsilon","sliding_2m","entropy",11,13,11,15,"ok",4,129435,"ok",57,2,0.605602067938628,FALSE,0,3,FALSE,TRUE,TRUE,NA,1,1,NA,1
"NCBI_US","Epsilon","sliding_2m","hellinger_T1",1,3,1,5,"ok",2,29434,"ok",30,2,0.871545151381512,FALSE,0,1,FALSE,TRUE,FALSE,NA,2,NA,1,0
"NCBI_US","Epsilon","sliding_2m","hellinger_T1",2,4,2,6,"ok",2,34168,"ok",50,2,0.894065143846865,FALSE,0,1,FALSE,TRUE,TRUE,NA,2,2,1,1
"NCBI_US","Epsilon","sliding_2m","hellinger_T1",3,5,3,7,"ok",2,31758,"ok",65,2,0.903451170458151,FALSE,0,1,FALSE,TRUE,TRUE,NA,2,2,1,1
"NCBI_US","Epsilon","sliding_2m","hellinger_T1",4,6,4,8,"ok",2,24984,"ok",78,2,0.904391702790013,FALSE,0,1,FALSE,TRUE,TRUE,NA,2,2,1,1
"NCBI_US","Epsilon","sliding_2m","hellinger_T1",5,7,5,9,"ok",8,22331,"ok",9,2,0.747185793436571,FALSE,0,1,FALSE,TRUE,FALSE,NA,2,NA,1,0
"NCBI_US","Epsilon","sliding_2m","hellinger_T1",6,8,6,10,"ok",2,23581,"ok",130,2,0.914604853702191,FALSE,0,4,FALSE,TRUE,TRUE,NA,2,2,1,1
"NCBI_US","Epsilon","sliding_2m","hellinger_T1",7,9,7,11,"ok",3,29763,"ok",63,2,0.596570474455071,FALSE,0,3,FALSE,TRUE,TRUE,NA,1,1,1,1
"NCBI_US","Epsilon","sliding_2m","hellinger_T1",8,10,8,12,"ok",3,44910,"ok",34,6,0.459159400770631,FALSE,0,3,FALSE,TRUE,FALSE,NA,2,NA,1,0
"NCBI_US","Epsilon","sliding_2m","hellinger_T1",9,11,9,13,"ok",13,69300,"ok",18,6,0.428351898915757,FALSE,0,3,FALSE,TRUE,FALSE,NA,2,NA,1,0
"NCBI_US","Epsilon","sliding_2m","hellinger_T1",10,12,10,14,"ok",4,100486,"ok",56,2,0.477052991706585,FALSE,0,3,FALSE,TRUE,TRUE,NA,1,1,1,1
"NCBI_US","Epsilon","sliding_2m","hellinger_T1",11,13,11,15,"ok",4,129435,"ok",57,2,0.479099473108364,FALSE,0,3,FALSE,TRUE,TRUE,NA,1,1,1,1
"NCBI_US","Epsilon","sliding_2m","hellinger_Tpred",1,3,1,5,"ok",2,29434,"ok",30,2,0.771205038795114,FALSE,0,1,FALSE,TRUE,FALSE,NA,2,NA,3,0
"NCBI_US","Epsilon","sliding_2m","hellinger_Tpred",2,4,2,6,"ok",2,34168,"ok",50,2,0.812710492169291,FALSE,0,1,FALSE,TRUE,TRUE,NA,2,2,3,1
"NCBI_US","Epsilon","sliding_2m","hellinger_Tpred",3,5,3,7,"ok",2,31758,"ok",65,2,0.82216281219209,FALSE,0,1,FALSE,TRUE,TRUE,NA,2,2,3,1
"NCBI_US","Epsilon","sliding_2m","hellinger_Tpred",4,6,4,8,"ok",2,24984,"ok",78,2,0.820601091664181,FALSE,0,1,FALSE,TRUE,TRUE,NA,2,2,3,1
"NCBI_US","Epsilon","sliding_2m","hellinger_Tpred",5,7,5,9,"ok",8,22331,"ok",9,2,0.549377354190892,FALSE,0,1,FALSE,TRUE,FALSE,NA,2,NA,3,0
"NCBI_US","Epsilon","sliding_2m","hellinger_Tpred",6,8,6,10,"ok",2,23581,"ok",130,2,0.835005177699025,FALSE,0,4,FALSE,TRUE,TRUE,NA,2,2,3,1
"NCBI_US","Epsilon","sliding_2m","hellinger_Tpred",7,9,7,11,"ok",3,29763,"ok",63,2,0.647003379246442,FALSE,0,3,FALSE,TRUE,TRUE,NA,1,1,3,1
"NCBI_US","Epsilon","sliding_2m","hellinger_Tpred",8,10,8,12,"ok",3,44910,"ok",34,3,0.508816726194242,FALSE,0,3,FALSE,TRUE,FALSE,NA,2,NA,3,0
"NCBI_US","Epsilon","sliding_2m","hellinger_Tpred",9,11,9,13,"ok",13,69300,"ok",18,3,0.415667865601198,FALSE,0,3,FALSE,TRUE,FALSE,NA,2,NA,3,0
"NCBI_US","Epsilon","sliding_2m","hellinger_Tpred",10,12,10,14,"ok",4,100486,"ok",56,2,0.54042950285409,FALSE,0,3,FALSE,TRUE,TRUE,NA,1,1,3,1
"NCBI_US","Epsilon","sliding_2m","hellinger_Tpred",11,13,11,15,"ok",4,129435,"ok",57,2,0.54400800612364,FALSE,0,3,FALSE,TRUE,TRUE,NA,1,1,3,1
"NCBI_US","Eta","disjoint_2m","entropy",1,3,1,5,"ok",6,24371,"ok",14,2,0.546667828275695,FALSE,1,2,TRUE,TRUE,FALSE,2,2,NA,NA,0
"NCBI_US","Eta","disjoint_2m","entropy",2,4,2,6,"ok",11,35287,"ok",13,6,0.505856018114642,FALSE,1,2,TRUE,FALSE,FALSE,2,NA,NA,NA,0
"NCBI_US","Eta","disjoint_2m","entropy",3,5,3,7,"ok",8,52903,"ok",15,4,0.430840418587037,FALSE,2,2,TRUE,TRUE,FALSE,2,2,NA,NA,0
"NCBI_US","Eta","disjoint_2m","entropy",4,6,4,8,"ok",12,83102,"ok",27,6,0.529696723944423,FALSE,2,2,TRUE,TRUE,FALSE,2,2,NA,NA,0
"NCBI_US","Eta","disjoint_2m","entropy",5,7,5,9,"ok",12,87584,"ok",24,5,0.502722470571363,FALSE,2,2,TRUE,TRUE,FALSE,2,2,NA,NA,0
"NCBI_US","Eta","disjoint_2m","entropy",6,8,6,10,"ok",7,85143,"ok",28,6,0.527180241238185,FALSE,2,2,TRUE,TRUE,FALSE,2,2,NA,NA,0
"NCBI_US","Eta","disjoint_2m","hellinger_T1",1,3,1,5,"ok",6,24371,"ok",14,2,0.715194775584803,FALSE,1,2,TRUE,FALSE,FALSE,1,NA,NA,1,0
"NCBI_US","Eta","disjoint_2m","hellinger_T1",2,4,2,6,"ok",11,35287,"ok",13,2,0.672489740874236,FALSE,1,2,TRUE,FALSE,FALSE,1,NA,NA,1,0
"NCBI_US","Eta","disjoint_2m","hellinger_T1",3,5,3,7,"ok",8,52903,"ok",15,5,0.497706989283206,FALSE,2,2,FALSE,FALSE,FALSE,NA,NA,NA,1,0
"NCBI_US","Eta","disjoint_2m","hellinger_T1",4,6,4,8,"ok",12,83102,"ok",27,6,0.538644847370718,FALSE,2,2,FALSE,FALSE,FALSE,NA,NA,NA,1,0
"NCBI_US","Eta","disjoint_2m","hellinger_T1",5,7,5,9,"ok",12,87584,"ok",24,6,0.535675373207639,FALSE,2,2,FALSE,FALSE,FALSE,NA,NA,NA,1,0
"NCBI_US","Eta","disjoint_2m","hellinger_T1",6,8,6,10,"ok",7,85143,"ok",28,6,0.531904196851732,FALSE,2,2,FALSE,FALSE,FALSE,NA,NA,NA,1,0
"NCBI_US","Eta","disjoint_2m","hellinger_Tpred",1,3,1,5,"ok",6,24371,"ok",14,3,0.523075217524922,FALSE,1,2,TRUE,FALSE,FALSE,2,NA,NA,2,0
"NCBI_US","Eta","disjoint_2m","hellinger_Tpred",2,4,2,6,"ok",11,35287,"ok",13,6,0.503827723355502,FALSE,1,2,TRUE,FALSE,FALSE,2,NA,NA,2,0
"NCBI_US","Eta","disjoint_2m","hellinger_Tpred",3,5,3,7,"ok",8,52903,"ok",15,4,0.53461751084823,FALSE,2,2,FALSE,FALSE,FALSE,NA,NA,NA,2,0
"NCBI_US","Eta","disjoint_2m","hellinger_Tpred",4,6,4,8,"ok",12,83102,"ok",27,6,0.540469424409217,FALSE,2,2,FALSE,FALSE,FALSE,NA,NA,NA,2,0
"NCBI_US","Eta","disjoint_2m","hellinger_Tpred",5,7,5,9,"ok",12,87584,"ok",24,2,0.558690395724406,FALSE,2,2,FALSE,FALSE,FALSE,NA,NA,NA,2,0
"NCBI_US","Eta","disjoint_2m","hellinger_Tpred",6,8,6,10,"ok",7,85143,"ok",28,6,0.539247566367617,FALSE,2,2,FALSE,FALSE,FALSE,NA,NA,NA,2,0
"NCBI_US","Eta","sliding_2m","entropy",1,3,1,5,"ok",2,29434,"ok",30,2,0.767633990380925,FALSE,2,2,TRUE,TRUE,FALSE,2,2,NA,NA,0
"NCBI_US","Eta","sliding_2m","entropy",2,4,2,6,"ok",2,34168,"ok",50,2,0.802234901945137,FALSE,2,2,FALSE,FALSE,TRUE,NA,NA,1,NA,1
"NCBI_US","Eta","sliding_2m","entropy",3,5,3,7,"ok",2,31758,"ok",65,2,0.796077378308559,FALSE,2,3,FALSE,FALSE,TRUE,NA,NA,1,NA,1
"NCBI_US","Eta","sliding_2m","entropy",4,6,4,8,"ok",2,24984,"ok",78,2,0.792295050868851,FALSE,2,3,FALSE,FALSE,TRUE,NA,NA,1,NA,1
"NCBI_US","Eta","sliding_2m","entropy",5,7,5,9,"ok",8,22331,"ok",9,2,0.494436731411803,FALSE,1,2,TRUE,TRUE,FALSE,2,2,NA,NA,0
"NCBI_US","Eta","sliding_2m","entropy",6,8,6,10,"ok",2,23581,"ok",130,2,0.812250989380378,FALSE,3,4,TRUE,TRUE,TRUE,1,1,1,NA,1
"NCBI_US","Eta","sliding_2m","entropy",7,9,7,11,"ok",3,29763,"ok",63,2,0.723510806641921,FALSE,3,3,TRUE,TRUE,TRUE,1,1,1,NA,1
"NCBI_US","Eta","sliding_2m","entropy",8,10,8,12,"ok",3,44910,"ok",34,6,0.620939237964945,FALSE,2,2,FALSE,FALSE,FALSE,NA,NA,NA,NA,0
"NCBI_US","Eta","sliding_2m","entropy",9,11,9,13,"ok",13,69300,"ok",18,2,0.419910359248378,FALSE,2,2,FALSE,FALSE,FALSE,NA,NA,NA,NA,0
"NCBI_US","Eta","sliding_2m","entropy",10,12,10,14,"ok",4,100486,"ok",56,6,0.65176562094445,FALSE,2,2,FALSE,FALSE,FALSE,NA,NA,NA,NA,0
"NCBI_US","Eta","sliding_2m","entropy",11,13,11,15,"ok",4,129435,"ok",57,6,0.648246408707089,FALSE,2,2,FALSE,FALSE,FALSE,NA,NA,NA,NA,0
"NCBI_US","Eta","sliding_2m","entropy",12,14,12,16,"ok",14,140625,"ok",27,6,0.534912907096172,FALSE,2,2,FALSE,FALSE,FALSE,NA,NA,NA,NA,0
"NCBI_US","Eta","sliding_2m","entropy",13,15,13,17,"ok",13,129960,"ok",26,6,0.5198307036527,FALSE,2,2,FALSE,FALSE,FALSE,NA,NA,NA,NA,0
"NCBI_US","Eta","sliding_2m","entropy",14,16,14,18,"ok",12,105458,"ok",32,6,0.519972867520922,FALSE,2,2,FALSE,FALSE,FALSE,NA,NA,NA,NA,0
"NCBI_US","Eta","sliding_2m","entropy",15,17,15,19,"ok",14,71831,"ok",40,3,0.508925009412278,FALSE,2,2,FALSE,FALSE,FALSE,NA,NA,NA,NA,0
"NCBI_US","Eta","sliding_2m","hellinger_T1",1,3,1,5,"ok",2,29434,"ok",30,2,0.831495724172808,FALSE,2,2,TRUE,FALSE,FALSE,1,NA,NA,1,0
"NCBI_US","Eta","sliding_2m","hellinger_T1",2,4,2,6,"ok",2,34168,"ok",50,2,0.850890675070422,FALSE,2,2,FALSE,TRUE,TRUE,NA,2,2,1,1
"NCBI_US","Eta","sliding_2m","hellinger_T1",3,5,3,7,"ok",2,31758,"ok",65,2,0.860560098727108,FALSE,2,3,FALSE,TRUE,TRUE,NA,2,2,1,1
"NCBI_US","Eta","sliding_2m","hellinger_T1",4,6,4,8,"ok",2,24984,"ok",78,2,0.856909094487124,FALSE,2,3,FALSE,TRUE,TRUE,NA,2,2,1,1
"NCBI_US","Eta","sliding_2m","hellinger_T1",5,7,5,9,"ok",8,22331,"ok",9,2,0.644420582229543,FALSE,1,2,TRUE,FALSE,FALSE,1,NA,NA,1,0
"NCBI_US","Eta","sliding_2m","hellinger_T1",6,8,6,10,"ok",2,23581,"ok",130,2,0.870584670684228,FALSE,3,4,FALSE,TRUE,TRUE,NA,2,2,1,1
"NCBI_US","Eta","sliding_2m","hellinger_T1",7,9,7,11,"ok",3,29763,"ok",63,2,0.688687123379053,FALSE,3,3,TRUE,TRUE,TRUE,1,1,1,1,1
"NCBI_US","Eta","sliding_2m","hellinger_T1",8,10,8,12,"ok",3,44910,"ok",34,4,0.590926446616236,FALSE,2,2,FALSE,FALSE,FALSE,NA,NA,NA,1,0
"NCBI_US","Eta","sliding_2m","hellinger_T1",9,11,9,13,"ok",13,69300,"ok",18,4,0.439444464154981,FALSE,2,2,FALSE,FALSE,FALSE,NA,NA,NA,1,0
"NCBI_US","Eta","sliding_2m","hellinger_T1",10,12,10,14,"ok",4,100486,"ok",56,2,0.624159331471307,FALSE,2,2,TRUE,TRUE,TRUE,1,1,1,1,1
"NCBI_US","Eta","sliding_2m","hellinger_T1",11,13,11,15,"ok",4,129435,"ok",57,2,0.625124376587257,FALSE,2,2,TRUE,TRUE,TRUE,1,1,1,1,1
"NCBI_US","Eta","sliding_2m","hellinger_T1",12,14,12,16,"ok",14,140625,"ok",27,6,0.521963657669722,FALSE,2,2,FALSE,FALSE,FALSE,NA,NA,NA,1,0
"NCBI_US","Eta","sliding_2m","hellinger_T1",13,15,13,17,"ok",13,129960,"ok",26,6,0.512459283676589,FALSE,2,2,FALSE,FALSE,FALSE,NA,NA,NA,1,0
"NCBI_US","Eta","sliding_2m","hellinger_T1",14,16,14,18,"ok",12,105458,"ok",32,4,0.494794889436153,FALSE,2,2,FALSE,FALSE,FALSE,NA,NA,NA,1,0
"NCBI_US","Eta","sliding_2m","hellinger_T1",15,17,15,19,"ok",14,71831,"ok",40,2,0.513540505711884,FALSE,2,2,FALSE,FALSE,FALSE,NA,NA,NA,1,0
"NCBI_US","Eta","sliding_2m","hellinger_Tpred",1,3,1,5,"ok",2,29434,"ok",30,2,0.711706368745518,FALSE,2,2,TRUE,FALSE,FALSE,2,NA,NA,3,0
"NCBI_US","Eta","sliding_2m","hellinger_Tpred",2,4,2,6,"ok",2,34168,"ok",50,3,0.75817522585695,FALSE,2,2,FALSE,TRUE,FALSE,NA,3,NA,3,1
"NCBI_US","Eta","sliding_2m","hellinger_Tpred",3,5,3,7,"ok",2,31758,"ok",65,3,0.763245797336143,FALSE,2,3,FALSE,TRUE,FALSE,NA,3,NA,3,1
"NCBI_US","Eta","sliding_2m","hellinger_Tpred",4,6,4,8,"ok",2,24984,"ok",78,3,0.75341233905931,FALSE,2,3,FALSE,TRUE,FALSE,NA,3,NA,3,1
"NCBI_US","Eta","sliding_2m","hellinger_Tpred",5,7,5,9,"ok",8,22331,"ok",9,5,0.342248743025701,FALSE,1,2,FALSE,TRUE,FALSE,NA,4,NA,3,0
"NCBI_US","Eta","sliding_2m","hellinger_Tpred",6,8,6,10,"ok",2,23581,"ok",130,2,0.772086937655762,FALSE,3,4,TRUE,TRUE,TRUE,1,1,1,3,1
"NCBI_US","Eta","sliding_2m","hellinger_Tpred",7,9,7,11,"ok",3,29763,"ok",63,4,0.700447693806323,FALSE,3,3,FALSE,FALSE,FALSE,NA,NA,NA,3,1
"NCBI_US","Eta","sliding_2m","hellinger_Tpred",8,10,8,12,"ok",3,44910,"ok",34,5,0.583756455590648,FALSE,2,2,FALSE,FALSE,FALSE,NA,NA,NA,3,0
"NCBI_US","Eta","sliding_2m","hellinger_Tpred",9,11,9,13,"ok",13,69300,"ok",18,5,0.418853459641895,FALSE,2,2,FALSE,FALSE,FALSE,NA,NA,NA,3,0
"NCBI_US","Eta","sliding_2m","hellinger_Tpred",10,12,10,14,"ok",4,100486,"ok",56,4,0.635586016677863,FALSE,2,2,FALSE,FALSE,FALSE,NA,NA,NA,3,0
"NCBI_US","Eta","sliding_2m","hellinger_Tpred",11,13,11,15,"ok",4,129435,"ok",57,4,0.631825728996136,FALSE,2,2,FALSE,FALSE,FALSE,NA,NA,NA,3,0
"NCBI_US","Eta","sliding_2m","hellinger_Tpred",12,14,12,16,"ok",14,140625,"ok",27,6,0.549651770068437,FALSE,2,2,FALSE,FALSE,FALSE,NA,NA,NA,3,0
"NCBI_US","Eta","sliding_2m","hellinger_Tpred",13,15,13,17,"ok",13,129960,"ok",26,6,0.538366059173378,FALSE,2,2,FALSE,FALSE,FALSE,NA,NA,NA,3,0
"NCBI_US","Eta","sliding_2m","hellinger_Tpred",14,16,14,18,"ok",12,105458,"ok",32,5,0.541140231664496,FALSE,2,2,FALSE,FALSE,FALSE,NA,NA,NA,3,0
"NCBI_US","Eta","sliding_2m","hellinger_Tpred",15,17,15,19,"ok",14,71831,"ok",40,4,0.547770808041435,FALSE,2,2,FALSE,FALSE,FALSE,NA,NA,NA,3,0
"NCBI_US","Gamma","cumulative_1m","entropy",1,3,1,5,"ok",4,64563,"ok",12,3,0.801315014749528,FALSE,0,2,FALSE,FALSE,FALSE,NA,NA,NA,NA,0
"NCBI_US","Gamma","cumulative_1m","entropy",2,4,2,6,"ok",6,78158,"ok",11,3,0.789434508370157,FALSE,0,2,FALSE,FALSE,FALSE,NA,NA,NA,NA,0
"NCBI_US","Gamma","cumulative_1m","entropy",3,5,3,7,"ok",4,89547,"ok",10,3,0.777301579394775,FALSE,0,2,FALSE,FALSE,FALSE,NA,NA,NA,NA,0
"NCBI_US","Gamma","cumulative_1m","entropy",4,6,4,8,"ok",4,100489,"ok",11,3,0.784012875545859,FALSE,0,2,FALSE,FALSE,FALSE,NA,NA,NA,NA,0
"NCBI_US","Gamma","cumulative_1m","entropy",5,7,5,9,"ok",4,113128,"ok",14,3,0.686508086967317,FALSE,1,3,TRUE,FALSE,FALSE,1,NA,NA,NA,0
"NCBI_US","Gamma","cumulative_1m","entropy",6,8,6,10,"ok",4,130252,"ok",17,3,0.702847953481505,FALSE,1,3,TRUE,FALSE,FALSE,1,NA,NA,NA,0
"NCBI_US","Gamma","cumulative_1m","entropy",7,9,7,11,"ok",10,158038,"ok",18,3,0.669948753987424,FALSE,3,5,TRUE,FALSE,FALSE,1,NA,NA,NA,0
"NCBI_US","Gamma","cumulative_1m","entropy",8,10,8,12,"ok",10,199552,"ok",24,2,0.62640024073112,FALSE,5,7,TRUE,FALSE,FALSE,1,NA,NA,NA,0
"NCBI_US","Gamma","cumulative_1m","entropy",9,11,9,13,"ok",6,258524,"ok",29,2,0.641100489178026,FALSE,6,8,TRUE,FALSE,FALSE,1,NA,NA,NA,0
"NCBI_US","Gamma","cumulative_1m","entropy",10,12,10,14,"ok",6,328987,"ok",34,2,0.663394009208718,FALSE,10,12,TRUE,FALSE,FALSE,1,NA,NA,NA,0
"NCBI_US","Gamma","cumulative_1m","entropy",11,13,11,15,"ok",9,399149,"ok",26,2,0.728533916336262,FALSE,10,12,TRUE,FALSE,FALSE,1,NA,NA,NA,0
"NCBI_US","Gamma","cumulative_1m","entropy",12,14,12,16,"ok",6,458947,"ok",44,5,0.682431219449946,FALSE,10,12,FALSE,FALSE,FALSE,NA,NA,NA,NA,0
"NCBI_US","Gamma","cumulative_1m","entropy",13,15,13,17,"ok",4,504607,"ok",42,5,0.678745124454593,FALSE,10,12,FALSE,FALSE,FALSE,NA,NA,NA,NA,0
"NCBI_US","Gamma","cumulative_1m","entropy",14,16,14,18,"ok",4,530778,"ok",43,5,0.679880507196741,FALSE,10,12,FALSE,FALSE,FALSE,NA,NA,NA,NA,0
"NCBI_US","Gamma","cumulative_1m","entropy",15,17,15,19,"ok",4,541182,"ok",41,5,0.670157018783611,FALSE,10,12,FALSE,FALSE,FALSE,NA,NA,NA,NA,0
"NCBI_US","Gamma","cumulative_1m","hellinger_T1",1,3,1,5,"ok",4,64563,"ok",12,2,0.763583694394256,FALSE,0,2,FALSE,TRUE,FALSE,NA,1,NA,1,0
"NCBI_US","Gamma","cumulative_1m","hellinger_T1",2,4,2,6,"ok",6,78158,"ok",11,2,0.75818380558145,FALSE,0,2,FALSE,TRUE,FALSE,NA,1,NA,1,0
"NCBI_US","Gamma","cumulative_1m","hellinger_T1",3,5,3,7,"ok",4,89547,"ok",10,2,0.744821774794345,FALSE,0,2,FALSE,TRUE,FALSE,NA,1,NA,1,0
"NCBI_US","Gamma","cumulative_1m","hellinger_T1",4,6,4,8,"ok",4,100489,"ok",11,2,0.73662836491953,FALSE,0,2,FALSE,TRUE,FALSE,NA,1,NA,1,0
"NCBI_US","Gamma","cumulative_1m","hellinger_T1",5,7,5,9,"ok",4,113128,"ok",14,2,0.660159328142712,FALSE,1,3,TRUE,TRUE,FALSE,1,1,NA,1,0
"NCBI_US","Gamma","cumulative_1m","hellinger_T1",6,8,6,10,"ok",4,130252,"ok",17,2,0.678837965625935,FALSE,1,3,TRUE,TRUE,FALSE,1,1,NA,1,0
"NCBI_US","Gamma","cumulative_1m","hellinger_T1",7,9,7,11,"ok",10,158038,"ok",18,2,0.654182364100135,FALSE,3,5,TRUE,TRUE,FALSE,1,1,NA,1,0
"NCBI_US","Gamma","cumulative_1m","hellinger_T1",8,10,8,12,"ok",10,199552,"ok",24,2,0.607882431213762,FALSE,5,7,TRUE,TRUE,FALSE,1,1,NA,1,0
"NCBI_US","Gamma","cumulative_1m","hellinger_T1",9,11,9,13,"ok",6,258524,"ok",29,2,0.576572169285094,FALSE,6,8,TRUE,TRUE,FALSE,1,1,NA,1,0
"NCBI_US","Gamma","cumulative_1m","hellinger_T1",10,12,10,14,"ok",6,328987,"ok",34,5,0.566954004162835,FALSE,10,12,FALSE,FALSE,FALSE,NA,NA,NA,1,0
"NCBI_US","Gamma","cumulative_1m","hellinger_T1",11,13,11,15,"ok",9,399149,"ok",26,5,0.472932541121701,FALSE,10,12,FALSE,FALSE,FALSE,NA,NA,NA,1,0
"NCBI_US","Gamma","cumulative_1m","hellinger_T1",12,14,12,16,"ok",6,458947,"ok",44,2,0.629314175045974,FALSE,10,12,TRUE,TRUE,FALSE,1,1,NA,1,0
"NCBI_US","Gamma","cumulative_1m","hellinger_T1",13,15,13,17,"ok",4,504607,"ok",42,2,0.620511254558173,FALSE,10,12,TRUE,TRUE,FALSE,1,1,NA,1,0
"NCBI_US","Gamma","cumulative_1m","hellinger_T1",14,16,14,18,"ok",4,530778,"ok",43,5,0.623292386893807,FALSE,10,12,FALSE,FALSE,FALSE,NA,NA,NA,1,0
"NCBI_US","Gamma","cumulative_1m","hellinger_T1",15,17,15,19,"ok",4,541182,"ok",41,5,0.611729317191212,FALSE,10,12,FALSE,FALSE,FALSE,NA,NA,NA,1,0
"NCBI_US","Gamma","cumulative_1m","hellinger_Tpred",1,3,1,5,"ok",4,64563,"ok",12,3,0.79441397542694,FALSE,0,2,FALSE,TRUE,FALSE,NA,3,NA,10,0
"NCBI_US","Gamma","cumulative_1m","hellinger_Tpred",2,4,2,6,"ok",6,78158,"ok",11,3,0.789169059636926,FALSE,0,2,FALSE,TRUE,FALSE,NA,3,NA,10,0
"NCBI_US","Gamma","cumulative_1m","hellinger_Tpred",3,5,3,7,"ok",4,89547,"ok",10,3,0.772214708338113,FALSE,0,2,FALSE,TRUE,FALSE,NA,3,NA,10,0
"NCBI_US","Gamma","cumulative_1m","hellinger_Tpred",4,6,4,8,"ok",4,100489,"ok",11,3,0.754837967624659,FALSE,0,2,FALSE,TRUE,FALSE,NA,3,NA,10,0
"NCBI_US","Gamma","cumulative_1m","hellinger_Tpred",5,7,5,9,"ok",4,113128,"ok",14,3,0.648892082702119,FALSE,1,3,TRUE,TRUE,FALSE,3,3,NA,10,0
"NCBI_US","Gamma","cumulative_1m","hellinger_Tpred",6,8,6,10,"ok",4,130252,"ok",17,3,0.656223753018776,FALSE,1,3,FALSE,TRUE,FALSE,NA,2,NA,10,0
"NCBI_US","Gamma","cumulative_1m","hellinger_Tpred",7,9,7,11,"ok",10,158038,"ok",18,3,0.600703842410374,FALSE,3,5,TRUE,FALSE,FALSE,1,NA,NA,10,0
"NCBI_US","Gamma","cumulative_1m","hellinger_Tpred",8,10,8,12,"ok",10,199552,"ok",24,4,0.57979950642996,FALSE,5,7,FALSE,FALSE,FALSE,NA,NA,NA,10,0
"NCBI_US","Gamma","cumulative_1m","hellinger_Tpred",9,11,9,13,"ok",6,258524,"ok",29,4,0.550393867706337,FALSE,6,8,FALSE,FALSE,FALSE,NA,NA,NA,10,0
"NCBI_US","Gamma","cumulative_1m","hellinger_Tpred",10,12,10,14,"ok",6,328987,"ok",34,3,0.595342470170137,FALSE,10,12,TRUE,FALSE,FALSE,1,NA,NA,10,0
"NCBI_US","Gamma","cumulative_1m","hellinger_Tpred",11,13,11,15,"ok",9,399149,"ok",26,4,0.492971571040587,FALSE,10,12,FALSE,FALSE,FALSE,NA,NA,NA,10,0
"NCBI_US","Gamma","cumulative_1m","hellinger_Tpred",12,14,12,16,"ok",6,458947,"ok",44,3,0.646162971954082,FALSE,10,12,TRUE,FALSE,FALSE,1,NA,NA,10,0
"NCBI_US","Gamma","cumulative_1m","hellinger_Tpred",13,15,13,17,"ok",4,504607,"ok",42,3,0.636445317520704,FALSE,10,12,TRUE,FALSE,FALSE,1,NA,NA,10,0
"NCBI_US","Gamma","cumulative_1m","hellinger_Tpred",14,16,14,18,"ok",4,530778,"ok",43,3,0.64059856459215,FALSE,10,12,TRUE,FALSE,FALSE,1,NA,NA,10,0
"NCBI_US","Gamma","cumulative_1m","hellinger_Tpred",15,17,15,19,"ok",4,541182,"ok",41,3,0.6323254772606,FALSE,10,12,TRUE,FALSE,FALSE,1,NA,NA,10,0
"NCBI_US","Gamma","disjoint_2m","entropy",1,3,1,5,"ok",11,35287,"ok",13,6,0.507950256479901,FALSE,2,4,TRUE,FALSE,FALSE,3,NA,NA,NA,0
"NCBI_US","Gamma","disjoint_2m","entropy",2,4,2,6,"ok",8,52903,"ok",15,4,0.435864088729102,FALSE,4,5,TRUE,FALSE,FALSE,3,NA,NA,NA,0
"NCBI_US","Gamma","disjoint_2m","entropy",3,5,3,7,"ok",12,83102,"ok",27,6,0.53241711181183,FALSE,10,11,TRUE,FALSE,FALSE,3,NA,NA,NA,0
"NCBI_US","Gamma","disjoint_2m","entropy",4,6,4,8,"ok",12,87584,"ok",24,5,0.505929736971142,FALSE,10,11,TRUE,FALSE,FALSE,3,NA,NA,NA,0
"NCBI_US","Gamma","disjoint_2m","entropy",5,7,5,9,"ok",7,85143,"ok",28,6,0.529778009965093,FALSE,10,11,TRUE,FALSE,FALSE,3,NA,NA,NA,0
"NCBI_US","Gamma","disjoint_2m","hellinger_T1",1,3,1,5,"ok",11,35287,"ok",13,6,0.525770638138458,FALSE,2,4,TRUE,FALSE,FALSE,3,NA,NA,1,0
"NCBI_US","Gamma","disjoint_2m","hellinger_T1",2,4,2,6,"ok",8,52903,"ok",15,4,0.556861176828785,FALSE,4,5,TRUE,FALSE,FALSE,3,NA,NA,1,0
"NCBI_US","Gamma","disjoint_2m","hellinger_T1",3,5,3,7,"ok",12,83102,"ok",27,6,0.553146535952497,FALSE,10,11,TRUE,FALSE,FALSE,3,NA,NA,1,0
"NCBI_US","Gamma","disjoint_2m","hellinger_T1",4,6,4,8,"ok",12,87584,"ok",24,5,0.543846242539115,FALSE,10,11,TRUE,FALSE,FALSE,3,NA,NA,1,0
"NCBI_US","Gamma","disjoint_2m","hellinger_T1",5,7,5,9,"ok",7,85143,"ok",28,6,0.551487559899336,FALSE,10,11,TRUE,FALSE,FALSE,3,NA,NA,1,0
"NCBI_US","Gamma","disjoint_2m","hellinger_Tpred",1,3,1,5,"ok",11,35287,"ok",13,6,0.488600856688877,FALSE,2,4,TRUE,FALSE,FALSE,3,NA,NA,5,0
"NCBI_US","Gamma","disjoint_2m","hellinger_Tpred",2,4,2,6,"ok",8,52903,"ok",15,3,0.57099312727571,FALSE,4,5,TRUE,FALSE,FALSE,3,NA,NA,5,0
"NCBI_US","Gamma","disjoint_2m","hellinger_Tpred",3,5,3,7,"ok",12,83102,"ok",27,4,0.587929346247133,FALSE,10,11,TRUE,FALSE,FALSE,3,NA,NA,5,0
"NCBI_US","Gamma","disjoint_2m","hellinger_Tpred",4,6,4,8,"ok",12,87584,"ok",24,3,0.622466227592591,FALSE,10,11,TRUE,FALSE,FALSE,3,NA,NA,5,0
"NCBI_US","Gamma","disjoint_2m","hellinger_Tpred",5,7,5,9,"ok",7,85143,"ok",28,4,0.590975670905561,FALSE,10,11,TRUE,FALSE,FALSE,3,NA,NA,5,0
"NCBI_US","Gamma","sliding_2m","entropy",1,3,1,5,"ok",2,31758,"ok",65,2,0.798542070473348,FALSE,2,4,TRUE,TRUE,TRUE,1,1,1,NA,1
"NCBI_US","Gamma","sliding_2m","entropy",2,4,2,6,"ok",2,24984,"ok",78,2,0.792300257735049,FALSE,3,5,TRUE,TRUE,TRUE,1,1,1,NA,1
"NCBI_US","Gamma","sliding_2m","entropy",3,5,3,7,"ok",8,22331,"ok",9,2,0.532308035633215,FALSE,1,3,TRUE,FALSE,FALSE,1,NA,NA,NA,0
"NCBI_US","Gamma","sliding_2m","entropy",4,6,4,8,"ok",2,23581,"ok",130,2,0.804987397027346,FALSE,6,8,TRUE,TRUE,TRUE,1,1,1,NA,1
"NCBI_US","Gamma","sliding_2m","entropy",5,7,5,9,"ok",3,29763,"ok",63,2,0.720868574122125,FALSE,5,6,TRUE,TRUE,TRUE,1,1,1,NA,1
"NCBI_US","Gamma","sliding_2m","entropy",6,8,6,10,"ok",3,44910,"ok",34,6,0.605916107094285,FALSE,5,6,FALSE,FALSE,FALSE,NA,NA,NA,NA,0
"NCBI_US","Gamma","sliding_2m","entropy",7,9,7,11,"ok",13,69300,"ok",18,2,0.42378449883572,FALSE,5,6,TRUE,TRUE,FALSE,1,1,NA,NA,0
"NCBI_US","Gamma","sliding_2m","entropy",8,10,8,12,"ok",4,100486,"ok",56,6,0.633576780027246,FALSE,10,11,FALSE,FALSE,FALSE,NA,NA,NA,NA,0
"NCBI_US","Gamma","sliding_2m","entropy",9,11,9,13,"ok",4,129435,"ok",57,2,0.632139360423961,FALSE,10,11,TRUE,TRUE,TRUE,1,1,1,NA,1
"NCBI_US","Gamma","sliding_2m","entropy",10,12,10,14,"ok",14,140625,"ok",27,6,0.53454258409142,FALSE,10,11,FALSE,FALSE,FALSE,NA,NA,NA,NA,0
"NCBI_US","Gamma","sliding_2m","entropy",11,13,11,15,"ok",13,129960,"ok",26,6,0.519305458576294,FALSE,10,11,FALSE,FALSE,FALSE,NA,NA,NA,NA,0
"NCBI_US","Gamma","sliding_2m","entropy",12,14,12,16,"ok",12,105458,"ok",32,6,0.514499226994973,FALSE,10,11,FALSE,FALSE,FALSE,NA,NA,NA,NA,0
"NCBI_US","Gamma","sliding_2m","entropy",13,15,13,17,"ok",14,71831,"ok",40,3,0.496313493590511,FALSE,10,11,TRUE,TRUE,FALSE,1,1,NA,NA,0
"NCBI_US","Gamma","sliding_2m","entropy",14,16,14,18,"ok",15,36575,"ok",26,6,0.492778912010694,FALSE,10,11,FALSE,FALSE,FALSE,NA,NA,NA,NA,0
"NCBI_US","Gamma","sliding_2m","hellinger_T1",1,3,1,5,"ok",2,31758,"ok",65,2,0.781672833532339,FALSE,2,4,TRUE,TRUE,TRUE,1,1,1,1,1
"NCBI_US","Gamma","sliding_2m","hellinger_T1",2,4,2,6,"ok",2,24984,"ok",78,2,0.767650157274812,FALSE,3,5,TRUE,TRUE,TRUE,1,1,1,1,1
"NCBI_US","Gamma","sliding_2m","hellinger_T1",3,5,3,7,"ok",8,22331,"ok",9,2,0.444466292633811,FALSE,1,3,TRUE,TRUE,FALSE,1,1,NA,1,0
"NCBI_US","Gamma","sliding_2m","hellinger_T1",4,6,4,8,"ok",2,23581,"ok",130,3,0.771668252679463,FALSE,6,8,TRUE,FALSE,FALSE,3,NA,NA,1,1
"NCBI_US","Gamma","sliding_2m","hellinger_T1",5,7,5,9,"ok",3,29763,"ok",63,3,0.708063162430222,FALSE,5,6,TRUE,FALSE,FALSE,2,NA,NA,1,1
"NCBI_US","Gamma","sliding_2m","hellinger_T1",6,8,6,10,"ok",3,44910,"ok",34,5,0.593924068345495,FALSE,5,6,TRUE,FALSE,FALSE,3,NA,NA,1,0
"NCBI_US","Gamma","sliding_2m","hellinger_T1",7,9,7,11,"ok",13,69300,"ok",18,5,0.45728779053172,FALSE,5,6,TRUE,FALSE,FALSE,3,NA,NA,1,0
"NCBI_US","Gamma","sliding_2m","hellinger_T1",8,10,8,12,"ok",4,100486,"ok",56,2,0.655471724018457,FALSE,10,11,TRUE,TRUE,TRUE,2,2,2,1,1
"NCBI_US","Gamma","sliding_2m","hellinger_T1",9,11,9,13,"ok",4,129435,"ok",57,2,0.656942390140693,FALSE,10,11,TRUE,TRUE,TRUE,2,2,2,1,1
"NCBI_US","Gamma","sliding_2m","hellinger_T1",10,12,10,14,"ok",14,140625,"ok",27,2,0.626693110535893,FALSE,10,11,TRUE,FALSE,FALSE,2,NA,NA,1,0
"NCBI_US","Gamma","sliding_2m","hellinger_T1",11,13,11,15,"ok",13,129960,"ok",26,2,0.632177970750024,FALSE,10,11,TRUE,FALSE,FALSE,2,NA,NA,1,0
"NCBI_US","Gamma","sliding_2m","hellinger_T1",12,14,12,16,"ok",12,105458,"ok",32,2,0.603192594949364,FALSE,10,11,TRUE,FALSE,FALSE,2,NA,NA,1,0
"NCBI_US","Gamma","sliding_2m","hellinger_T1",13,15,13,17,"ok",14,71831,"ok",40,2,0.594215885427408,FALSE,10,11,TRUE,FALSE,FALSE,2,NA,NA,1,0
"NCBI_US","Gamma","sliding_2m","hellinger_T1",14,16,14,18,"ok",15,36575,"ok",26,2,0.609348799017465,FALSE,10,11,TRUE,FALSE,FALSE,2,NA,NA,1,0
"NCBI_US","Gamma","sliding_2m","hellinger_Tpred",1,3,1,5,"ok",2,31758,"ok",65,3,0.794277736317535,FALSE,2,4,TRUE,TRUE,FALSE,3,3,NA,9,1
"NCBI_US","Gamma","sliding_2m","hellinger_Tpred",2,4,2,6,"ok",2,24984,"ok",78,3,0.771894843375502,FALSE,3,5,TRUE,TRUE,FALSE,3,3,NA,9,1
"NCBI_US","Gamma","sliding_2m","hellinger_Tpred",3,5,3,7,"ok",8,22331,"ok",9,3,0.500096657835953,FALSE,1,3,TRUE,FALSE,FALSE,3,NA,NA,9,0
"NCBI_US","Gamma","sliding_2m","hellinger_Tpred",4,6,4,8,"ok",2,23581,"ok",130,2,0.790599901643563,FALSE,6,8,TRUE,TRUE,TRUE,1,1,1,9,1
"NCBI_US","Gamma","sliding_2m","hellinger_Tpred",5,7,5,9,"ok",3,29763,"ok",63,3,0.703753792924687,FALSE,5,6,TRUE,TRUE,FALSE,3,3,NA,9,1
"NCBI_US","Gamma","sliding_2m","hellinger_Tpred",6,8,6,10,"ok",3,44910,"ok",34,3,0.59651885738367,FALSE,5,6,TRUE,FALSE,FALSE,3,NA,NA,9,0
"NCBI_US","Gamma","sliding_2m","hellinger_Tpred",7,9,7,11,"ok",13,69300,"ok",18,2,0.517663310731139,FALSE,5,6,TRUE,FALSE,FALSE,2,NA,NA,9,0
"NCBI_US","Gamma","sliding_2m","hellinger_Tpred",8,10,8,12,"ok",4,100486,"ok",56,4,0.654242147286218,FALSE,10,11,TRUE,FALSE,FALSE,3,NA,NA,9,0
"NCBI_US","Gamma","sliding_2m","hellinger_Tpred",9,11,9,13,"ok",4,129435,"ok",57,4,0.644915231151089,FALSE,10,11,TRUE,FALSE,FALSE,3,NA,NA,9,0
"NCBI_US","Gamma","sliding_2m","hellinger_Tpred",10,12,10,14,"ok",14,140625,"ok",27,2,0.606315052890246,FALSE,10,11,TRUE,FALSE,FALSE,2,NA,NA,9,0
"NCBI_US","Gamma","sliding_2m","hellinger_Tpred",11,13,11,15,"ok",13,129960,"ok",26,2,0.608582102874718,FALSE,10,11,TRUE,FALSE,FALSE,2,NA,NA,9,0
"NCBI_US","Gamma","sliding_2m","hellinger_Tpred",12,14,12,16,"ok",12,105458,"ok",32,2,0.602108789137989,FALSE,10,11,TRUE,FALSE,FALSE,2,NA,NA,9,0
"NCBI_US","Gamma","sliding_2m","hellinger_Tpred",13,15,13,17,"ok",14,71831,"ok",40,2,0.606779184558977,FALSE,10,11,TRUE,FALSE,FALSE,2,NA,NA,9,0
"NCBI_US","Gamma","sliding_2m","hellinger_Tpred",14,16,14,18,"ok",15,36575,"ok",26,4,0.594330938486457,FALSE,10,11,TRUE,FALSE,FALSE,3,NA,NA,9,0
"NCBI_US","Iota","disjoint_2m","entropy",1,3,1,5,"ok",6,24371,"ok",14,2,0.546667828275695,FALSE,0,3,FALSE,FALSE,FALSE,NA,NA,NA,NA,0
"NCBI_US","Iota","disjoint_2m","entropy",2,4,2,6,"ok",11,35287,"ok",13,6,0.505856018114642,FALSE,0,4,FALSE,FALSE,FALSE,NA,NA,NA,NA,0
"NCBI_US","Iota","disjoint_2m","entropy",3,5,3,7,"ok",8,52903,"ok",15,4,0.430840418587037,FALSE,0,6,FALSE,FALSE,FALSE,NA,NA,NA,NA,0
"NCBI_US","Iota","disjoint_2m","entropy",4,6,4,8,"ok",12,83102,"ok",27,6,0.529696723944423,FALSE,0,8,FALSE,FALSE,FALSE,NA,NA,NA,NA,0
"NCBI_US","Iota","disjoint_2m","entropy",5,7,5,9,"ok",12,87584,"ok",24,5,0.502722470571363,FALSE,0,8,FALSE,FALSE,FALSE,NA,NA,NA,NA,0
"NCBI_US","Iota","disjoint_2m","entropy",6,8,6,10,"ok",7,85143,"ok",28,6,0.527180241238185,FALSE,0,8,FALSE,FALSE,FALSE,NA,NA,NA,NA,0
"NCBI_US","Iota","disjoint_2m","hellinger_T1",1,3,1,5,"ok",6,24371,"ok",14,2,0.715194775584803,FALSE,0,3,FALSE,FALSE,FALSE,NA,NA,NA,1,0
"NCBI_US","Iota","disjoint_2m","hellinger_T1",2,4,2,6,"ok",11,35287,"ok",13,2,0.672489740874236,FALSE,0,4,FALSE,FALSE,FALSE,NA,NA,NA,1,0
"NCBI_US","Iota","disjoint_2m","hellinger_T1",3,5,3,7,"ok",8,52903,"ok",15,5,0.497706989283206,FALSE,0,6,FALSE,FALSE,FALSE,NA,NA,NA,1,0
"NCBI_US","Iota","disjoint_2m","hellinger_T1",4,6,4,8,"ok",12,83102,"ok",27,6,0.538644847370718,FALSE,0,8,FALSE,FALSE,FALSE,NA,NA,NA,1,0
"NCBI_US","Iota","disjoint_2m","hellinger_T1",5,7,5,9,"ok",12,87584,"ok",24,6,0.535675373207639,FALSE,0,8,FALSE,FALSE,FALSE,NA,NA,NA,1,0
"NCBI_US","Iota","disjoint_2m","hellinger_T1",6,8,6,10,"ok",7,85143,"ok",28,6,0.531904196851732,FALSE,0,8,FALSE,FALSE,FALSE,NA,NA,NA,1,0
"NCBI_US","Iota","disjoint_2m","hellinger_Tpred",1,3,1,5,"ok",6,24371,"ok",14,3,0.523075217524922,FALSE,0,3,FALSE,FALSE,FALSE,NA,NA,NA,2,0
"NCBI_US","Iota","disjoint_2m","hellinger_Tpred",2,4,2,6,"ok",11,35287,"ok",13,6,0.503827723355502,FALSE,0,4,FALSE,FALSE,FALSE,NA,NA,NA,2,0
"NCBI_US","Iota","disjoint_2m","hellinger_Tpred",3,5,3,7,"ok",8,52903,"ok",15,4,0.53461751084823,FALSE,0,6,FALSE,FALSE,FALSE,NA,NA,NA,2,0
"NCBI_US","Iota","disjoint_2m","hellinger_Tpred",4,6,4,8,"ok",12,83102,"ok",27,6,0.540469424409217,FALSE,0,8,FALSE,FALSE,FALSE,NA,NA,NA,2,0
"NCBI_US","Iota","disjoint_2m","hellinger_Tpred",5,7,5,9,"ok",12,87584,"ok",24,2,0.558690395724406,FALSE,0,8,FALSE,FALSE,FALSE,NA,NA,NA,2,0
"NCBI_US","Iota","disjoint_2m","hellinger_Tpred",6,8,6,10,"ok",7,85143,"ok",28,6,0.539247566367617,FALSE,0,8,FALSE,FALSE,FALSE,NA,NA,NA,2,0
"NCBI_US","Iota","sliding_2m","entropy",1,3,1,5,"ok",2,29434,"ok",30,2,0.767633990380925,FALSE,0,4,FALSE,FALSE,FALSE,NA,NA,NA,NA,0
"NCBI_US","Iota","sliding_2m","entropy",2,4,2,6,"ok",2,34168,"ok",50,2,0.802234901945137,FALSE,0,6,FALSE,TRUE,TRUE,NA,1,1,NA,1
"NCBI_US","Iota","sliding_2m","entropy",3,5,3,7,"ok",2,31758,"ok",65,2,0.796077378308559,FALSE,0,7,FALSE,TRUE,TRUE,NA,1,1,NA,1
"NCBI_US","Iota","sliding_2m","entropy",4,6,4,8,"ok",2,24984,"ok",78,2,0.792295050868851,FALSE,0,9,FALSE,TRUE,TRUE,NA,1,1,NA,1
"NCBI_US","Iota","sliding_2m","entropy",5,7,5,9,"ok",8,22331,"ok",9,2,0.494436731411803,FALSE,0,3,FALSE,FALSE,FALSE,NA,NA,NA,NA,0
"NCBI_US","Iota","sliding_2m","entropy",6,8,6,10,"ok",2,23581,"ok",130,2,0.812250989380378,FALSE,0,10,FALSE,TRUE,TRUE,NA,1,1,NA,1
"NCBI_US","Iota","sliding_2m","entropy",7,9,7,11,"ok",3,29763,"ok",63,2,0.723510806641921,FALSE,0,8,FALSE,TRUE,TRUE,NA,1,1,NA,1
"NCBI_US","Iota","sliding_2m","entropy",8,10,8,12,"ok",3,44910,"ok",34,6,0.620939237964945,FALSE,0,6,FALSE,FALSE,FALSE,NA,NA,NA,NA,0
"NCBI_US","Iota","sliding_2m","entropy",9,11,9,13,"ok",13,69300,"ok",18,2,0.419910359248378,FALSE,0,7,FALSE,TRUE,FALSE,NA,1,NA,NA,0
"NCBI_US","Iota","sliding_2m","entropy",10,12,10,14,"ok",4,100486,"ok",56,6,0.65176562094445,FALSE,0,9,FALSE,FALSE,FALSE,NA,NA,NA,NA,0
"NCBI_US","Iota","sliding_2m","entropy",11,13,11,15,"ok",4,129435,"ok",57,6,0.648246408707089,FALSE,0,9,FALSE,FALSE,FALSE,NA,NA,NA,NA,0
"NCBI_US","Iota","sliding_2m","entropy",12,14,12,16,"ok",14,140625,"ok",27,6,0.534912907096172,FALSE,0,8,FALSE,FALSE,FALSE,NA,NA,NA,NA,0
"NCBI_US","Iota","sliding_2m","entropy",13,15,13,17,"ok",13,129960,"ok",26,6,0.5198307036527,FALSE,0,8,FALSE,FALSE,FALSE,NA,NA,NA,NA,0
"NCBI_US","Iota","sliding_2m","entropy",14,16,14,18,"ok",12,105458,"ok",32,6,0.519972867520922,FALSE,0,9,FALSE,FALSE,FALSE,NA,NA,NA,NA,0
"NCBI_US","Iota","sliding_2m","entropy",15,17,15,19,"ok",14,71831,"ok",40,3,0.508925009412278,FALSE,0,10,FALSE,FALSE,FALSE,NA,NA,NA,NA,0
"NCBI_US","Iota","sliding_2m","hellinger_T1",1,3,1,5,"ok",2,29434,"ok",30,2,0.831495724172808,FALSE,0,4,FALSE,FALSE,FALSE,NA,NA,NA,1,0
"NCBI_US","Iota","sliding_2m","hellinger_T1",2,4,2,6,"ok",2,34168,"ok",50,2,0.850890675070422,FALSE,0,6,FALSE,TRUE,TRUE,NA,2,2,1,1
"NCBI_US","Iota","sliding_2m","hellinger_T1",3,5,3,7,"ok",2,31758,"ok",65,2,0.860560098727108,FALSE,0,7,FALSE,TRUE,TRUE,NA,2,2,1,1
"NCBI_US","Iota","sliding_2m","hellinger_T1",4,6,4,8,"ok",2,24984,"ok",78,2,0.856909094487124,FALSE,0,9,FALSE,TRUE,TRUE,NA,2,2,1,1
"NCBI_US","Iota","sliding_2m","hellinger_T1",5,7,5,9,"ok",8,22331,"ok",9,2,0.644420582229543,FALSE,0,3,FALSE,FALSE,FALSE,NA,NA,NA,1,0
"NCBI_US","Iota","sliding_2m","hellinger_T1",6,8,6,10,"ok",2,23581,"ok",130,2,0.870584670684228,FALSE,0,10,FALSE,TRUE,TRUE,NA,2,2,1,1
"NCBI_US","Iota","sliding_2m","hellinger_T1",7,9,7,11,"ok",3,29763,"ok",63,2,0.688687123379053,FALSE,0,8,FALSE,TRUE,TRUE,NA,1,1,1,1
"NCBI_US","Iota","sliding_2m","hellinger_T1",8,10,8,12,"ok",3,44910,"ok",34,4,0.590926446616236,FALSE,0,6,FALSE,FALSE,FALSE,NA,NA,NA,1,0
"NCBI_US","Iota","sliding_2m","hellinger_T1",9,11,9,13,"ok",13,69300,"ok",18,4,0.439444464154981,FALSE,0,7,FALSE,FALSE,FALSE,NA,NA,NA,1,0
"NCBI_US","Iota","sliding_2m","hellinger_T1",10,12,10,14,"ok",4,100486,"ok",56,2,0.624159331471307,FALSE,0,9,FALSE,TRUE,TRUE,NA,1,1,1,1
"NCBI_US","Iota","sliding_2m","hellinger_T1",11,13,11,15,"ok",4,129435,"ok",57,2,0.625124376587257,FALSE,0,9,FALSE,TRUE,TRUE,NA,1,1,1,1
"NCBI_US","Iota","sliding_2m","hellinger_T1",12,14,12,16,"ok",14,140625,"ok",27,6,0.521963657669722,FALSE,0,8,FALSE,FALSE,FALSE,NA,NA,NA,1,0
"NCBI_US","Iota","sliding_2m","hellinger_T1",13,15,13,17,"ok",13,129960,"ok",26,6,0.512459283676589,FALSE,0,8,FALSE,FALSE,FALSE,NA,NA,NA,1,0
"NCBI_US","Iota","sliding_2m","hellinger_T1",14,16,14,18,"ok",12,105458,"ok",32,4,0.494794889436153,FALSE,0,9,FALSE,FALSE,FALSE,NA,NA,NA,1,0
"NCBI_US","Iota","sliding_2m","hellinger_T1",15,17,15,19,"ok",14,71831,"ok",40,2,0.513540505711884,FALSE,0,10,FALSE,FALSE,FALSE,NA,NA,NA,1,0
"NCBI_US","Iota","sliding_2m","hellinger_Tpred",1,3,1,5,"ok",2,29434,"ok",30,2,0.711706368745518,FALSE,0,4,FALSE,FALSE,FALSE,NA,NA,NA,3,0
"NCBI_US","Iota","sliding_2m","hellinger_Tpred",2,4,2,6,"ok",2,34168,"ok",50,3,0.75817522585695,FALSE,0,6,FALSE,FALSE,FALSE,NA,NA,NA,3,1
"NCBI_US","Iota","sliding_2m","hellinger_Tpred",3,5,3,7,"ok",2,31758,"ok",65,3,0.763245797336143,FALSE,0,7,FALSE,FALSE,FALSE,NA,NA,NA,3,1
"NCBI_US","Iota","sliding_2m","hellinger_Tpred",4,6,4,8,"ok",2,24984,"ok",78,3,0.75341233905931,FALSE,0,9,FALSE,FALSE,FALSE,NA,NA,NA,3,1
"NCBI_US","Iota","sliding_2m","hellinger_Tpred",5,7,5,9,"ok",8,22331,"ok",9,5,0.342248743025701,FALSE,0,3,FALSE,FALSE,FALSE,NA,NA,NA,3,0
"NCBI_US","Iota","sliding_2m","hellinger_Tpred",6,8,6,10,"ok",2,23581,"ok",130,2,0.772086937655762,FALSE,0,10,FALSE,TRUE,TRUE,NA,1,1,3,1
"NCBI_US","Iota","sliding_2m","hellinger_Tpred",7,9,7,11,"ok",3,29763,"ok",63,4,0.700447693806323,FALSE,0,8,FALSE,FALSE,FALSE,NA,NA,NA,3,1
"NCBI_US","Iota","sliding_2m","hellinger_Tpred",8,10,8,12,"ok",3,44910,"ok",34,5,0.583756455590648,FALSE,0,6,FALSE,FALSE,FALSE,NA,NA,NA,3,0
"NCBI_US","Iota","sliding_2m","hellinger_Tpred",9,11,9,13,"ok",13,69300,"ok",18,5,0.418853459641895,FALSE,0,7,FALSE,FALSE,FALSE,NA,NA,NA,3,0
"NCBI_US","Iota","sliding_2m","hellinger_Tpred",10,12,10,14,"ok",4,100486,"ok",56,4,0.635586016677863,FALSE,0,9,FALSE,FALSE,FALSE,NA,NA,NA,3,0
"NCBI_US","Iota","sliding_2m","hellinger_Tpred",11,13,11,15,"ok",4,129435,"ok",57,4,0.631825728996136,FALSE,0,9,FALSE,FALSE,FALSE,NA,NA,NA,3,0
"NCBI_US","Iota","sliding_2m","hellinger_Tpred",12,14,12,16,"ok",14,140625,"ok",27,6,0.549651770068437,FALSE,0,8,FALSE,FALSE,FALSE,NA,NA,NA,3,0
"NCBI_US","Iota","sliding_2m","hellinger_Tpred",13,15,13,17,"ok",13,129960,"ok",26,6,0.538366059173378,FALSE,0,8,FALSE,FALSE,FALSE,NA,NA,NA,3,0
"NCBI_US","Iota","sliding_2m","hellinger_Tpred",14,16,14,18,"ok",12,105458,"ok",32,5,0.541140231664496,FALSE,0,9,FALSE,FALSE,FALSE,NA,NA,NA,3,0
"NCBI_US","Iota","sliding_2m","hellinger_Tpred",15,17,15,19,"ok",14,71831,"ok",40,4,0.547770808041435,FALSE,0,10,FALSE,FALSE,FALSE,NA,NA,NA,3,0
"NCBI_US","Kappa","cumulative_1m","entropy",1,3,1,5,"ok",5,45338,"ok",10,3,0.733834209261325,FALSE,1,2,TRUE,FALSE,FALSE,1,NA,NA,NA,0
"NCBI_US","Kappa","cumulative_1m","entropy",2,4,2,6,"ok",6,56727,"ok",10,3,0.733834209261325,FALSE,1,2,TRUE,FALSE,FALSE,1,NA,NA,NA,0
"NCBI_US","Kappa","cumulative_1m","entropy",3,5,3,7,"ok",4,67669,"ok",16,3,0.700833433413099,FALSE,1,2,TRUE,FALSE,FALSE,1,NA,NA,NA,0
"NCBI_US","Kappa","cumulative_1m","entropy",4,6,4,8,"ok",4,80308,"ok",15,3,0.670230234543837,FALSE,1,2,TRUE,FALSE,FALSE,1,NA,NA,NA,0
"NCBI_US","Kappa","cumulative_1m","entropy",5,7,5,9,"ok",4,97432,"ok",19,3,0.674100660695666,FALSE,2,3,TRUE,FALSE,FALSE,1,NA,NA,NA,0
"NCBI_US","Kappa","cumulative_1m","entropy",6,8,6,10,"ok",8,125218,"ok",19,3,0.658646501736482,FALSE,2,3,TRUE,FALSE,FALSE,1,NA,NA,NA,0
"NCBI_US","Kappa","cumulative_1m","entropy",7,9,7,11,"ok",6,166732,"ok",24,3,0.607018114694705,FALSE,3,5,TRUE,FALSE,FALSE,1,NA,NA,NA,0
"NCBI_US","Kappa","cumulative_1m","entropy",8,10,8,12,"ok",6,225704,"ok",29,6,0.575569596292028,FALSE,3,5,FALSE,FALSE,FALSE,NA,NA,NA,NA,0
"NCBI_US","Kappa","cumulative_1m","entropy",9,11,9,13,"ok",6,296167,"ok",34,6,0.61340878965243,FALSE,3,5,FALSE,FALSE,FALSE,NA,NA,NA,NA,0
"NCBI_US","Kappa","cumulative_1m","entropy",10,12,10,14,"ok",8,366329,"ok",26,2,0.628302906300413,FALSE,3,5,TRUE,FALSE,FALSE,1,NA,NA,NA,0
"NCBI_US","Kappa","cumulative_1m","entropy",11,13,11,15,"ok",6,426127,"ok",44,6,0.667506320703822,FALSE,3,6,FALSE,FALSE,FALSE,NA,NA,NA,NA,0
"NCBI_US","Kappa","cumulative_1m","entropy",12,14,12,16,"ok",4,471787,"ok",43,6,0.669279821018388,FALSE,4,7,FALSE,FALSE,FALSE,NA,NA,NA,NA,0
"NCBI_US","Kappa","cumulative_1m","entropy",13,15,13,17,"ok",4,497958,"ok",43,6,0.667212379266678,FALSE,4,7,FALSE,FALSE,FALSE,NA,NA,NA,NA,0
"NCBI_US","Kappa","cumulative_1m","entropy",14,16,14,18,"ok",4,508362,"ok",41,6,0.657255450837093,FALSE,3,6,FALSE,FALSE,FALSE,NA,NA,NA,NA,0
"NCBI_US","Kappa","cumulative_1m","hellinger_T1",1,3,1,5,"ok",5,45338,"ok",10,2,0.68592560155517,FALSE,1,2,TRUE,TRUE,FALSE,1,1,NA,1,0
"NCBI_US","Kappa","cumulative_1m","hellinger_T1",2,4,2,6,"ok",6,56727,"ok",10,2,0.68592560155517,FALSE,1,2,TRUE,TRUE,FALSE,1,1,NA,1,0
"NCBI_US","Kappa","cumulative_1m","hellinger_T1",3,5,3,7,"ok",4,67669,"ok",16,2,0.676627623519785,FALSE,1,2,TRUE,TRUE,FALSE,1,1,NA,1,0
"NCBI_US","Kappa","cumulative_1m","hellinger_T1",4,6,4,8,"ok",4,80308,"ok",15,2,0.641347566031995,FALSE,1,2,TRUE,TRUE,FALSE,1,1,NA,1,0
"NCBI_US","Kappa","cumulative_1m","hellinger_T1",5,7,5,9,"ok",4,97432,"ok",19,2,0.64211825932534,FALSE,2,3,TRUE,TRUE,FALSE,1,1,NA,1,0
"NCBI_US","Kappa","cumulative_1m","hellinger_T1",6,8,6,10,"ok",8,125218,"ok",19,2,0.632516314831664,FALSE,2,3,TRUE,TRUE,FALSE,1,1,NA,1,0
"NCBI_US","Kappa","cumulative_1m","hellinger_T1",7,9,7,11,"ok",6,166732,"ok",24,2,0.598999567455736,FALSE,3,5,TRUE,TRUE,FALSE,1,1,NA,1,0
"NCBI_US","Kappa","cumulative_1m","hellinger_T1",8,10,8,12,"ok",6,225704,"ok",29,2,0.564936815432648,FALSE,3,5,TRUE,TRUE,FALSE,1,1,NA,1,0
"NCBI_US","Kappa","cumulative_1m","hellinger_T1",9,11,9,13,"ok",6,296167,"ok",34,2,0.55273612185001,FALSE,3,5,TRUE,TRUE,FALSE,1,1,NA,1,0
"NCBI_US","Kappa","cumulative_1m","hellinger_T1",10,12,10,14,"ok",8,366329,"ok",26,3,0.473128465110937,FALSE,3,5,FALSE,FALSE,FALSE,NA,NA,NA,1,0
"NCBI_US","Kappa","cumulative_1m","hellinger_T1",11,13,11,15,"ok",6,426127,"ok",44,2,0.628517589719009,FALSE,3,6,TRUE,FALSE,FALSE,1,NA,NA,1,0
"NCBI_US","Kappa","cumulative_1m","hellinger_T1",12,14,12,16,"ok",4,471787,"ok",43,2,0.624191212520626,FALSE,4,7,FALSE,FALSE,FALSE,NA,NA,NA,1,0
"NCBI_US","Kappa","cumulative_1m","hellinger_T1",13,15,13,17,"ok",4,497958,"ok",43,2,0.622988199562015,FALSE,4,7,FALSE,FALSE,FALSE,NA,NA,NA,1,0
"NCBI_US","Kappa","cumulative_1m","hellinger_T1",14,16,14,18,"ok",4,508362,"ok",41,2,0.609762105039752,FALSE,3,6,TRUE,FALSE,FALSE,1,NA,NA,1,0
"NCBI_US","Kappa","cumulative_1m","hellinger_Tpred",1,3,1,5,"ok",5,45338,"ok",10,3,0.720375295536027,FALSE,1,2,TRUE,TRUE,FALSE,3,3,NA,9,0
"NCBI_US","Kappa","cumulative_1m","hellinger_Tpred",2,4,2,6,"ok",6,56727,"ok",10,3,0.720375295536027,FALSE,1,2,TRUE,TRUE,FALSE,3,3,NA,9,0
"NCBI_US","Kappa","cumulative_1m","hellinger_Tpred",3,5,3,7,"ok",4,67669,"ok",16,4,0.678526344608911,FALSE,1,2,TRUE,FALSE,FALSE,3,NA,NA,9,0
"NCBI_US","Kappa","cumulative_1m","hellinger_Tpred",4,6,4,8,"ok",4,80308,"ok",15,3,0.635768214180416,FALSE,1,2,TRUE,TRUE,FALSE,3,3,NA,9,0
"NCBI_US","Kappa","cumulative_1m","hellinger_Tpred",5,7,5,9,"ok",4,97432,"ok",19,6,0.683248779050327,FALSE,2,3,FALSE,FALSE,FALSE,NA,NA,NA,9,0
"NCBI_US","Kappa","cumulative_1m","hellinger_Tpred",6,8,6,10,"ok",8,125218,"ok",19,6,0.625799519022307,FALSE,2,3,FALSE,FALSE,FALSE,NA,NA,NA,9,0
"NCBI_US","Kappa","cumulative_1m","hellinger_Tpred",7,9,7,11,"ok",6,166732,"ok",24,6,0.569043698967376,FALSE,3,5,FALSE,FALSE,FALSE,NA,NA,NA,9,0
"NCBI_US","Kappa","cumulative_1m","hellinger_Tpred",8,10,8,12,"ok",6,225704,"ok",29,4,0.540282408787781,FALSE,3,5,FALSE,FALSE,FALSE,NA,NA,NA,9,0
"NCBI_US","Kappa","cumulative_1m","hellinger_Tpred",9,11,9,13,"ok",6,296167,"ok",34,3,0.581259474549846,FALSE,3,5,FALSE,FALSE,FALSE,NA,NA,NA,9,0
"NCBI_US","Kappa","cumulative_1m","hellinger_Tpred",10,12,10,14,"ok",8,366329,"ok",26,2,0.530136087902259,FALSE,3,5,FALSE,FALSE,FALSE,NA,NA,NA,9,0
"NCBI_US","Kappa","cumulative_1m","hellinger_Tpred",11,13,11,15,"ok",6,426127,"ok",44,3,0.630133115396253,FALSE,3,6,FALSE,FALSE,FALSE,NA,NA,NA,9,0
"NCBI_US","Kappa","cumulative_1m","hellinger_Tpred",12,14,12,16,"ok",4,471787,"ok",43,3,0.621428411027875,FALSE,4,7,FALSE,FALSE,FALSE,NA,NA,NA,9,0
"NCBI_US","Kappa","cumulative_1m","hellinger_Tpred",13,15,13,17,"ok",4,497958,"ok",43,3,0.62411665623714,FALSE,4,7,FALSE,FALSE,FALSE,NA,NA,NA,9,0
"NCBI_US","Kappa","cumulative_1m","hellinger_Tpred",14,16,14,18,"ok",4,508362,"ok",41,3,0.616333439357777,FALSE,3,6,FALSE,FALSE,FALSE,NA,NA,NA,9,0
"NCBI_US","Kappa","disjoint_2m","entropy",1,3,1,5,"ok",13,41381,"ok",11,3,0.392091765393022,FALSE,2,3,FALSE,FALSE,FALSE,NA,NA,NA,NA,0
"NCBI_US","Kappa","disjoint_2m","entropy",2,4,2,6,"ok",8,69914,"ok",32,6,0.553139051522222,FALSE,3,4,FALSE,FALSE,FALSE,NA,NA,NA,NA,0
"NCBI_US","Kappa","disjoint_2m","entropy",3,5,3,7,"ok",10,87286,"ok",25,6,0.476155277090888,FALSE,3,4,FALSE,FALSE,FALSE,NA,NA,NA,NA,0
"NCBI_US","Kappa","disjoint_2m","entropy",4,6,4,8,"ok",7,87174,"ok",28,6,0.522067768402863,FALSE,3,4,FALSE,FALSE,FALSE,NA,NA,NA,NA,0
"NCBI_US","Kappa","disjoint_2m","entropy",5,7,5,9,"ok",7,80867,"ok",28,6,0.522067768402863,FALSE,3,4,FALSE,FALSE,FALSE,NA,NA,NA,NA,0
"NCBI_US","Kappa","disjoint_2m","hellinger_T1",1,3,1,5,"ok",13,41381,"ok",11,2,0.626324486006141,FALSE,2,3,TRUE,TRUE,FALSE,1,1,NA,1,0
"NCBI_US","Kappa","disjoint_2m","hellinger_T1",2,4,2,6,"ok",8,69914,"ok",32,2,0.665150468931505,FALSE,3,4,FALSE,FALSE,FALSE,NA,NA,NA,1,0
"NCBI_US","Kappa","disjoint_2m","hellinger_T1",3,5,3,7,"ok",10,87286,"ok",25,2,0.706353739932251,FALSE,3,4,FALSE,FALSE,FALSE,NA,NA,NA,1,0
"NCBI_US","Kappa","disjoint_2m","hellinger_T1",4,6,4,8,"ok",7,87174,"ok",28,2,0.6870301406427,FALSE,3,4,FALSE,FALSE,FALSE,NA,NA,NA,1,0
"NCBI_US","Kappa","disjoint_2m","hellinger_T1",5,7,5,9,"ok",7,80867,"ok",28,2,0.6870301406427,FALSE,3,4,FALSE,FALSE,FALSE,NA,NA,NA,1,0
"NCBI_US","Kappa","disjoint_2m","hellinger_Tpred",1,3,1,5,"ok",13,41381,"ok",11,3,0.619898478303314,FALSE,2,3,TRUE,TRUE,FALSE,2,2,NA,5,0
"NCBI_US","Kappa","disjoint_2m","hellinger_Tpred",2,4,2,6,"ok",8,69914,"ok",32,4,0.644688324796935,FALSE,3,4,FALSE,FALSE,FALSE,NA,NA,NA,5,0
"NCBI_US","Kappa","disjoint_2m","hellinger_Tpred",3,5,3,7,"ok",10,87286,"ok",25,3,0.631893049082001,FALSE,3,4,FALSE,FALSE,FALSE,NA,NA,NA,5,0
"NCBI_US","Kappa","disjoint_2m","hellinger_Tpred",4,6,4,8,"ok",7,87174,"ok",28,4,0.615729197009594,FALSE,3,4,FALSE,FALSE,FALSE,NA,NA,NA,5,0
"NCBI_US","Kappa","disjoint_2m","hellinger_Tpred",5,7,5,9,"ok",7,80867,"ok",28,4,0.615729197009594,FALSE,3,4,FALSE,FALSE,FALSE,NA,NA,NA,5,0
"NCBI_US","Kappa","sliding_2m","entropy",1,3,1,5,"ok",2,24984,"ok",78,2,0.797206004007024,FALSE,1,4,TRUE,TRUE,TRUE,1,1,1,NA,1
"NCBI_US","Kappa","sliding_2m","entropy",2,4,2,6,"ok",8,22331,"ok",9,2,0.562892754523832,FALSE,1,2,TRUE,FALSE,FALSE,1,NA,NA,NA,0
"NCBI_US","Kappa","sliding_2m","entropy",3,5,3,7,"ok",2,23581,"ok",130,2,0.807891060298194,FALSE,3,6,TRUE,TRUE,TRUE,1,1,1,NA,1
"NCBI_US","Kappa","sliding_2m","entropy",4,6,4,8,"ok",3,29763,"ok",63,2,0.721209314521313,FALSE,3,5,TRUE,TRUE,TRUE,1,1,1,NA,1
"NCBI_US","Kappa","sliding_2m","entropy",5,7,5,9,"ok",3,44910,"ok",34,6,0.606916474705526,FALSE,3,4,FALSE,FALSE,FALSE,NA,NA,NA,NA,0
"NCBI_US","Kappa","sliding_2m","entropy",6,8,6,10,"ok",13,69300,"ok",18,2,0.424183667404189,FALSE,3,4,TRUE,TRUE,FALSE,1,1,NA,NA,0
"NCBI_US","Kappa","sliding_2m","entropy",7,9,7,11,"ok",4,100486,"ok",56,6,0.634244244321989,FALSE,3,5,FALSE,FALSE,FALSE,NA,NA,NA,NA,0
"NCBI_US","Kappa","sliding_2m","entropy",8,10,8,12,"ok",4,129435,"ok",57,2,0.632463049456371,FALSE,4,6,TRUE,TRUE,TRUE,1,1,1,NA,1
"NCBI_US","Kappa","sliding_2m","entropy",9,11,9,13,"ok",14,140625,"ok",27,6,0.535172333299573,FALSE,3,4,FALSE,FALSE,FALSE,NA,NA,NA,NA,0
"NCBI_US","Kappa","sliding_2m","entropy",10,12,10,14,"ok",13,129960,"ok",26,6,0.519959497365739,FALSE,3,4,FALSE,FALSE,FALSE,NA,NA,NA,NA,0
"NCBI_US","Kappa","sliding_2m","entropy",11,13,11,15,"ok",12,105458,"ok",32,6,0.515070706037918,FALSE,4,5,FALSE,FALSE,FALSE,NA,NA,NA,NA,0
"NCBI_US","Kappa","sliding_2m","entropy",12,14,12,16,"ok",14,71831,"ok",40,3,0.496755651136297,FALSE,4,6,FALSE,FALSE,FALSE,NA,NA,NA,NA,0
"NCBI_US","Kappa","sliding_2m","entropy",13,15,13,17,"ok",15,36575,"ok",26,6,0.493426718140794,FALSE,3,4,FALSE,FALSE,FALSE,NA,NA,NA,NA,0
"NCBI_US","Kappa","sliding_2m","hellinger_T1",1,3,1,5,"ok",2,24984,"ok",78,4,0.762079065023341,FALSE,1,4,TRUE,FALSE,FALSE,4,NA,NA,1,1
"NCBI_US","Kappa","sliding_2m","hellinger_T1",2,4,2,6,"ok",8,22331,"ok",9,4,0.485095541421769,FALSE,1,2,TRUE,TRUE,FALSE,4,4,NA,1,0
"NCBI_US","Kappa","sliding_2m","hellinger_T1",3,5,3,7,"ok",2,23581,"ok",130,2,0.782090663407694,FALSE,3,6,TRUE,TRUE,TRUE,2,2,2,1,1
"NCBI_US","Kappa","sliding_2m","hellinger_T1",4,6,4,8,"ok",3,29763,"ok",63,2,0.694268260170021,FALSE,3,5,TRUE,TRUE,TRUE,1,1,1,1,1
"NCBI_US","Kappa","sliding_2m","hellinger_T1",5,7,5,9,"ok",3,44910,"ok",34,5,0.599054068953181,FALSE,3,4,FALSE,FALSE,FALSE,NA,NA,NA,1,0
"NCBI_US","Kappa","sliding_2m","hellinger_T1",6,8,6,10,"ok",13,69300,"ok",18,5,0.496485427545662,FALSE,3,4,FALSE,FALSE,FALSE,NA,NA,NA,1,0
"NCBI_US","Kappa","sliding_2m","hellinger_T1",7,9,7,11,"ok",4,100486,"ok",56,2,0.660544525410986,FALSE,3,5,TRUE,TRUE,TRUE,2,2,2,1,1
"NCBI_US","Kappa","sliding_2m","hellinger_T1",8,10,8,12,"ok",4,129435,"ok",57,2,0.661329224729687,FALSE,4,6,TRUE,TRUE,TRUE,2,2,2,1,1
"NCBI_US","Kappa","sliding_2m","hellinger_T1",9,11,9,13,"ok",14,140625,"ok",27,2,0.638402972580505,FALSE,3,4,FALSE,FALSE,FALSE,NA,NA,NA,1,0
"NCBI_US","Kappa","sliding_2m","hellinger_T1",10,12,10,14,"ok",13,129960,"ok",26,2,0.643591160888597,FALSE,3,4,FALSE,FALSE,FALSE,NA,NA,NA,1,0
"NCBI_US","Kappa","sliding_2m","hellinger_T1",11,13,11,15,"ok",12,105458,"ok",32,2,0.614236774212312,FALSE,4,5,FALSE,FALSE,FALSE,NA,NA,NA,1,0
"NCBI_US","Kappa","sliding_2m","hellinger_T1",12,14,12,16,"ok",14,71831,"ok",40,2,0.603519448733757,FALSE,4,6,FALSE,FALSE,FALSE,NA,NA,NA,1,0
"NCBI_US","Kappa","sliding_2m","hellinger_T1",13,15,13,17,"ok",15,36575,"ok",26,2,0.620032620129951,FALSE,3,4,FALSE,FALSE,FALSE,NA,NA,NA,1,0
"NCBI_US","Kappa","sliding_2m","hellinger_Tpred",1,3,1,5,"ok",2,24984,"ok",78,3,0.781514846084082,FALSE,1,4,FALSE,TRUE,FALSE,NA,1,NA,8,1
"NCBI_US","Kappa","sliding_2m","hellinger_Tpred",2,4,2,6,"ok",8,22331,"ok",9,3,0.529974385081641,FALSE,1,2,TRUE,TRUE,FALSE,2,2,NA,8,0
"NCBI_US","Kappa","sliding_2m","hellinger_Tpred",3,5,3,7,"ok",2,23581,"ok",130,2,0.79714662407056,FALSE,3,6,TRUE,TRUE,TRUE,1,1,1,8,1
"NCBI_US","Kappa","sliding_2m","hellinger_Tpred",4,6,4,8,"ok",3,29763,"ok",63,3,0.711760307825483,FALSE,3,5,TRUE,FALSE,FALSE,3,NA,NA,8,1
"NCBI_US","Kappa","sliding_2m","hellinger_Tpred",5,7,5,9,"ok",3,44910,"ok",34,2,0.631787412957084,FALSE,3,4,FALSE,FALSE,FALSE,NA,NA,NA,8,0
"NCBI_US","Kappa","sliding_2m","hellinger_Tpred",6,8,6,10,"ok",13,69300,"ok",18,2,0.525165603917159,FALSE,3,4,FALSE,FALSE,FALSE,NA,NA,NA,8,0
"NCBI_US","Kappa","sliding_2m","hellinger_Tpred",7,9,7,11,"ok",4,100486,"ok",56,2,0.689391006975947,FALSE,3,5,TRUE,TRUE,TRUE,2,2,2,8,1
"NCBI_US","Kappa","sliding_2m","hellinger_Tpred",8,10,8,12,"ok",4,129435,"ok",57,2,0.689230677574644,FALSE,4,6,TRUE,TRUE,TRUE,2,2,2,8,1
"NCBI_US","Kappa","sliding_2m","hellinger_Tpred",9,11,9,13,"ok",14,140625,"ok",27,2,0.614155731977927,FALSE,3,4,FALSE,FALSE,FALSE,NA,NA,NA,8,0
"NCBI_US","Kappa","sliding_2m","hellinger_Tpred",10,12,10,14,"ok",13,129960,"ok",26,2,0.616606889050764,FALSE,3,4,FALSE,FALSE,FALSE,NA,NA,NA,8,0
"NCBI_US","Kappa","sliding_2m","hellinger_Tpred",11,13,11,15,"ok",12,105458,"ok",32,2,0.610474946381263,FALSE,4,5,FALSE,FALSE,FALSE,NA,NA,NA,8,0
"NCBI_US","Kappa","sliding_2m","hellinger_Tpred",12,14,12,16,"ok",14,71831,"ok",40,2,0.615084731053475,FALSE,4,6,FALSE,FALSE,FALSE,NA,NA,NA,8,0
"NCBI_US","Kappa","sliding_2m","hellinger_Tpred",13,15,13,17,"ok",15,36575,"ok",26,2,0.597828410016394,FALSE,3,4,FALSE,FALSE,FALSE,NA,NA,NA,8,0
"NCBI_US","Lambda","cumulative_1m","entropy",1,3,1,5,"ok",5,45338,"ok",10,3,0.733834209261325,FALSE,0,1,FALSE,TRUE,FALSE,NA,3,NA,NA,0
"NCBI_US","Lambda","cumulative_1m","entropy",2,4,2,6,"ok",6,56727,"ok",10,3,0.733834209261325,FALSE,0,1,FALSE,TRUE,FALSE,NA,3,NA,NA,0
"NCBI_US","Lambda","cumulative_1m","entropy",3,5,3,7,"ok",4,67669,"ok",16,3,0.700833433413099,FALSE,0,1,FALSE,TRUE,FALSE,NA,3,NA,NA,0
"NCBI_US","Lambda","cumulative_1m","entropy",4,6,4,8,"ok",4,80308,"ok",15,3,0.670230234543837,FALSE,0,1,FALSE,TRUE,FALSE,NA,3,NA,NA,0
"NCBI_US","Lambda","cumulative_1m","entropy",5,7,5,9,"ok",4,97432,"ok",19,3,0.674100660695666,FALSE,0,2,FALSE,FALSE,FALSE,NA,NA,NA,NA,0
"NCBI_US","Lambda","cumulative_1m","entropy",6,8,6,10,"ok",8,125218,"ok",19,3,0.658646501736482,FALSE,0,2,FALSE,FALSE,FALSE,NA,NA,NA,NA,0
"NCBI_US","Lambda","cumulative_1m","entropy",7,9,7,11,"ok",6,166732,"ok",24,3,0.607018114694705,FALSE,0,2,FALSE,FALSE,FALSE,NA,NA,NA,NA,0
"NCBI_US","Lambda","cumulative_1m","entropy",8,10,8,12,"ok",6,225704,"ok",29,6,0.575569596292028,FALSE,0,2,FALSE,FALSE,FALSE,NA,NA,NA,NA,0
"NCBI_US","Lambda","cumulative_1m","entropy",9,11,9,13,"ok",6,296167,"ok",34,6,0.61340878965243,FALSE,0,2,FALSE,FALSE,FALSE,NA,NA,NA,NA,0
"NCBI_US","Lambda","cumulative_1m","entropy",10,12,10,14,"ok",8,366329,"ok",26,2,0.628302906300413,FALSE,0,2,FALSE,FALSE,FALSE,NA,NA,NA,NA,0
"NCBI_US","Lambda","cumulative_1m","entropy",11,13,11,15,"ok",6,426127,"ok",44,6,0.667506320703822,FALSE,0,2,FALSE,FALSE,FALSE,NA,NA,NA,NA,0
"NCBI_US","Lambda","cumulative_1m","entropy",12,14,12,16,"ok",4,471787,"ok",43,6,0.669279821018388,FALSE,0,2,FALSE,FALSE,FALSE,NA,NA,NA,NA,0
"NCBI_US","Lambda","cumulative_1m","entropy",13,15,13,17,"ok",4,497958,"ok",43,6,0.667212379266678,FALSE,0,2,FALSE,FALSE,FALSE,NA,NA,NA,NA,0
"NCBI_US","Lambda","cumulative_1m","entropy",14,16,14,18,"ok",4,508362,"ok",41,6,0.657255450837093,FALSE,0,2,FALSE,FALSE,FALSE,NA,NA,NA,NA,0
"NCBI_US","Lambda","cumulative_1m","hellinger_T1",1,3,1,5,"ok",5,45338,"ok",10,2,0.68592560155517,FALSE,0,1,FALSE,TRUE,FALSE,NA,1,NA,1,0
"NCBI_US","Lambda","cumulative_1m","hellinger_T1",2,4,2,6,"ok",6,56727,"ok",10,2,0.68592560155517,FALSE,0,1,FALSE,TRUE,FALSE,NA,1,NA,1,0
"NCBI_US","Lambda","cumulative_1m","hellinger_T1",3,5,3,7,"ok",4,67669,"ok",16,2,0.676627623519785,FALSE,0,1,FALSE,TRUE,FALSE,NA,1,NA,1,0
"NCBI_US","Lambda","cumulative_1m","hellinger_T1",4,6,4,8,"ok",4,80308,"ok",15,2,0.641347566031995,FALSE,0,1,FALSE,TRUE,FALSE,NA,1,NA,1,0
"NCBI_US","Lambda","cumulative_1m","hellinger_T1",5,7,5,9,"ok",4,97432,"ok",19,2,0.64211825932534,FALSE,0,2,FALSE,TRUE,FALSE,NA,1,NA,1,0
"NCBI_US","Lambda","cumulative_1m","hellinger_T1",6,8,6,10,"ok",8,125218,"ok",19,2,0.632516314831664,FALSE,0,2,FALSE,TRUE,FALSE,NA,1,NA,1,0
"NCBI_US","Lambda","cumulative_1m","hellinger_T1",7,9,7,11,"ok",6,166732,"ok",24,2,0.598999567455736,FALSE,0,2,FALSE,TRUE,FALSE,NA,1,NA,1,0
"NCBI_US","Lambda","cumulative_1m","hellinger_T1",8,10,8,12,"ok",6,225704,"ok",29,2,0.564936815432648,FALSE,0,2,FALSE,TRUE,FALSE,NA,1,NA,1,0
"NCBI_US","Lambda","cumulative_1m","hellinger_T1",9,11,9,13,"ok",6,296167,"ok",34,2,0.55273612185001,FALSE,0,2,FALSE,TRUE,FALSE,NA,1,NA,1,0
"NCBI_US","Lambda","cumulative_1m","hellinger_T1",10,12,10,14,"ok",8,366329,"ok",26,3,0.473128465110937,FALSE,0,2,FALSE,TRUE,FALSE,NA,2,NA,1,0
"NCBI_US","Lambda","cumulative_1m","hellinger_T1",11,13,11,15,"ok",6,426127,"ok",44,2,0.628517589719009,FALSE,0,2,FALSE,TRUE,FALSE,NA,1,NA,1,0
"NCBI_US","Lambda","cumulative_1m","hellinger_T1",12,14,12,16,"ok",4,471787,"ok",43,2,0.624191212520626,FALSE,0,2,FALSE,TRUE,FALSE,NA,1,NA,1,0
"NCBI_US","Lambda","cumulative_1m","hellinger_T1",13,15,13,17,"ok",4,497958,"ok",43,2,0.622988199562015,FALSE,0,2,FALSE,TRUE,FALSE,NA,1,NA,1,0
"NCBI_US","Lambda","cumulative_1m","hellinger_T1",14,16,14,18,"ok",4,508362,"ok",41,2,0.609762105039752,FALSE,0,2,FALSE,TRUE,FALSE,NA,1,NA,1,0
"NCBI_US","Lambda","cumulative_1m","hellinger_Tpred",1,3,1,5,"ok",5,45338,"ok",10,3,0.720375295536027,FALSE,0,1,FALSE,TRUE,FALSE,NA,3,NA,9,0
"NCBI_US","Lambda","cumulative_1m","hellinger_Tpred",2,4,2,6,"ok",6,56727,"ok",10,3,0.720375295536027,FALSE,0,1,FALSE,TRUE,FALSE,NA,3,NA,9,0
"NCBI_US","Lambda","cumulative_1m","hellinger_Tpred",3,5,3,7,"ok",4,67669,"ok",16,4,0.678526344608911,FALSE,0,1,FALSE,TRUE,FALSE,NA,4,NA,9,0
"NCBI_US","Lambda","cumulative_1m","hellinger_Tpred",4,6,4,8,"ok",4,80308,"ok",15,3,0.635768214180416,FALSE,0,1,FALSE,TRUE,FALSE,NA,3,NA,9,0
"NCBI_US","Lambda","cumulative_1m","hellinger_Tpred",5,7,5,9,"ok",4,97432,"ok",19,6,0.683248779050327,FALSE,0,2,FALSE,FALSE,FALSE,NA,NA,NA,9,0
"NCBI_US","Lambda","cumulative_1m","hellinger_Tpred",6,8,6,10,"ok",8,125218,"ok",19,6,0.625799519022307,FALSE,0,2,FALSE,FALSE,FALSE,NA,NA,NA,9,0
"NCBI_US","Lambda","cumulative_1m","hellinger_Tpred",7,9,7,11,"ok",6,166732,"ok",24,6,0.569043698967376,FALSE,0,2,FALSE,FALSE,FALSE,NA,NA,NA,9,0
"NCBI_US","Lambda","cumulative_1m","hellinger_Tpred",8,10,8,12,"ok",6,225704,"ok",29,4,0.540282408787781,FALSE,0,2,FALSE,TRUE,FALSE,NA,2,NA,9,0
"NCBI_US","Lambda","cumulative_1m","hellinger_Tpred",9,11,9,13,"ok",6,296167,"ok",34,3,0.581259474549846,FALSE,0,2,FALSE,TRUE,FALSE,NA,2,NA,9,0
"NCBI_US","Lambda","cumulative_1m","hellinger_Tpred",10,12,10,14,"ok",8,366329,"ok",26,2,0.530136087902259,FALSE,0,2,FALSE,TRUE,FALSE,NA,2,NA,9,0
"NCBI_US","Lambda","cumulative_1m","hellinger_Tpred",11,13,11,15,"ok",6,426127,"ok",44,3,0.630133115396253,FALSE,0,2,FALSE,TRUE,FALSE,NA,2,NA,9,0
"NCBI_US","Lambda","cumulative_1m","hellinger_Tpred",12,14,12,16,"ok",4,471787,"ok",43,3,0.621428411027875,FALSE,0,2,FALSE,TRUE,FALSE,NA,2,NA,9,0
"NCBI_US","Lambda","cumulative_1m","hellinger_Tpred",13,15,13,17,"ok",4,497958,"ok",43,3,0.62411665623714,FALSE,0,2,FALSE,TRUE,FALSE,NA,2,NA,9,0
"NCBI_US","Lambda","cumulative_1m","hellinger_Tpred",14,16,14,18,"ok",4,508362,"ok",41,3,0.616333439357777,FALSE,0,2,FALSE,TRUE,FALSE,NA,2,NA,9,0
"NCBI_US","Lambda","disjoint_2m","entropy",1,3,1,5,"ok",13,41381,"ok",11,3,0.392091765393022,FALSE,0,2,FALSE,FALSE,FALSE,NA,NA,NA,NA,0
"NCBI_US","Lambda","disjoint_2m","entropy",2,4,2,6,"ok",8,69914,"ok",32,6,0.553139051522222,FALSE,0,1,FALSE,TRUE,FALSE,NA,4,NA,NA,0
"NCBI_US","Lambda","disjoint_2m","entropy",3,5,3,7,"ok",10,87286,"ok",25,6,0.476155277090888,FALSE,0,1,FALSE,TRUE,FALSE,NA,4,NA,NA,0
"NCBI_US","Lambda","disjoint_2m","entropy",4,6,4,8,"ok",7,87174,"ok",28,6,0.522067768402863,FALSE,0,1,FALSE,TRUE,FALSE,NA,4,NA,NA,0
"NCBI_US","Lambda","disjoint_2m","entropy",5,7,5,9,"ok",7,80867,"ok",28,6,0.522067768402863,FALSE,0,1,FALSE,TRUE,FALSE,NA,4,NA,NA,0
"NCBI_US","Lambda","disjoint_2m","hellinger_T1",1,3,1,5,"ok",13,41381,"ok",11,2,0.626324486006141,FALSE,0,2,FALSE,TRUE,FALSE,NA,1,NA,1,0
"NCBI_US","Lambda","disjoint_2m","hellinger_T1",2,4,2,6,"ok",8,69914,"ok",32,2,0.665150468931505,FALSE,0,1,FALSE,TRUE,FALSE,NA,1,NA,1,0
"NCBI_US","Lambda","disjoint_2m","hellinger_T1",3,5,3,7,"ok",10,87286,"ok",25,2,0.706353739932251,FALSE,0,1,FALSE,TRUE,FALSE,NA,1,NA,1,0
"NCBI_US","Lambda","disjoint_2m","hellinger_T1",4,6,4,8,"ok",7,87174,"ok",28,2,0.6870301406427,FALSE,0,1,FALSE,TRUE,FALSE,NA,1,NA,1,0
"NCBI_US","Lambda","disjoint_2m","hellinger_T1",5,7,5,9,"ok",7,80867,"ok",28,2,0.6870301406427,FALSE,0,1,FALSE,TRUE,FALSE,NA,1,NA,1,0
"NCBI_US","Lambda","disjoint_2m","hellinger_Tpred",1,3,1,5,"ok",13,41381,"ok",11,3,0.619898478303314,FALSE,0,2,FALSE,TRUE,FALSE,NA,2,NA,5,0
"NCBI_US","Lambda","disjoint_2m","hellinger_Tpred",2,4,2,6,"ok",8,69914,"ok",32,4,0.644688324796935,FALSE,0,1,FALSE,TRUE,FALSE,NA,2,NA,5,0
"NCBI_US","Lambda","disjoint_2m","hellinger_Tpred",3,5,3,7,"ok",10,87286,"ok",25,3,0.631893049082001,FALSE,0,1,FALSE,TRUE,FALSE,NA,2,NA,5,0
"NCBI_US","Lambda","disjoint_2m","hellinger_Tpred",4,6,4,8,"ok",7,87174,"ok",28,4,0.615729197009594,FALSE,0,1,FALSE,TRUE,FALSE,NA,2,NA,5,0
"NCBI_US","Lambda","disjoint_2m","hellinger_Tpred",5,7,5,9,"ok",7,80867,"ok",28,4,0.615729197009594,FALSE,0,1,FALSE,TRUE,FALSE,NA,2,NA,5,0
"NCBI_US","Lambda","sliding_2m","entropy",1,3,1,5,"ok",2,24984,"ok",78,2,0.797206004007024,FALSE,0,1,FALSE,FALSE,TRUE,NA,NA,1,NA,1
"NCBI_US","Lambda","sliding_2m","entropy",2,4,2,6,"ok",8,22331,"ok",9,2,0.562892754523832,FALSE,0,1,FALSE,TRUE,FALSE,NA,2,NA,NA,0
"NCBI_US","Lambda","sliding_2m","entropy",3,5,3,7,"ok",2,23581,"ok",130,2,0.807891060298194,FALSE,0,2,FALSE,TRUE,TRUE,NA,1,1,NA,1
"NCBI_US","Lambda","sliding_2m","entropy",4,6,4,8,"ok",3,29763,"ok",63,2,0.721209314521313,FALSE,0,1,FALSE,TRUE,TRUE,NA,1,1,NA,1
"NCBI_US","Lambda","sliding_2m","entropy",5,7,5,9,"ok",3,44910,"ok",34,6,0.606916474705526,FALSE,0,1,FALSE,TRUE,FALSE,NA,5,NA,NA,0
"NCBI_US","Lambda","sliding_2m","entropy",6,8,6,10,"ok",13,69300,"ok",18,2,0.424183667404189,FALSE,0,1,FALSE,TRUE,FALSE,NA,1,NA,NA,0
"NCBI_US","Lambda","sliding_2m","entropy",7,9,7,11,"ok",4,100486,"ok",56,6,0.634244244321989,FALSE,0,1,FALSE,TRUE,FALSE,NA,5,NA,NA,0
"NCBI_US","Lambda","sliding_2m","entropy",8,10,8,12,"ok",4,129435,"ok",57,2,0.632463049456371,FALSE,0,1,FALSE,TRUE,TRUE,NA,1,1,NA,1
"NCBI_US","Lambda","sliding_2m","entropy",9,11,9,13,"ok",14,140625,"ok",27,6,0.535172333299573,FALSE,0,1,FALSE,TRUE,FALSE,NA,4,NA,NA,0
"NCBI_US","Lambda","sliding_2m","entropy",10,12,10,14,"ok",13,129960,"ok",26,6,0.519959497365739,FALSE,0,1,FALSE,TRUE,FALSE,NA,4,NA,NA,0
"NCBI_US","Lambda","sliding_2m","entropy",11,13,11,15,"ok",12,105458,"ok",32,6,0.515070706037918,FALSE,0,1,FALSE,TRUE,FALSE,NA,5,NA,NA,0
"NCBI_US","Lambda","sliding_2m","entropy",12,14,12,16,"ok",14,71831,"ok",40,3,0.496755651136297,FALSE,0,1,FALSE,FALSE,FALSE,NA,NA,NA,NA,0
"NCBI_US","Lambda","sliding_2m","entropy",13,15,13,17,"ok",15,36575,"ok",26,6,0.493426718140794,FALSE,0,1,FALSE,TRUE,FALSE,NA,5,NA,NA,0
"NCBI_US","Lambda","sliding_2m","hellinger_T1",1,3,1,5,"ok",2,24984,"ok",78,4,0.762079065023341,FALSE,0,1,FALSE,TRUE,FALSE,NA,4,NA,1,1
"NCBI_US","Lambda","sliding_2m","hellinger_T1",2,4,2,6,"ok",8,22331,"ok",9,4,0.485095541421769,FALSE,0,1,FALSE,TRUE,FALSE,NA,4,NA,1,0
"NCBI_US","Lambda","sliding_2m","hellinger_T1",3,5,3,7,"ok",2,23581,"ok",130,2,0.782090663407694,FALSE,0,2,FALSE,FALSE,TRUE,NA,NA,2,1,1
"NCBI_US","Lambda","sliding_2m","hellinger_T1",4,6,4,8,"ok",3,29763,"ok",63,2,0.694268260170021,FALSE,0,1,FALSE,TRUE,TRUE,NA,1,1,1,1
"NCBI_US","Lambda","sliding_2m","hellinger_T1",5,7,5,9,"ok",3,44910,"ok",34,5,0.599054068953181,FALSE,0,1,FALSE,TRUE,FALSE,NA,5,NA,1,0
"NCBI_US","Lambda","sliding_2m","hellinger_T1",6,8,6,10,"ok",13,69300,"ok",18,5,0.496485427545662,FALSE,0,1,FALSE,TRUE,FALSE,NA,4,NA,1,0
"NCBI_US","Lambda","sliding_2m","hellinger_T1",7,9,7,11,"ok",4,100486,"ok",56,2,0.660544525410986,FALSE,0,1,FALSE,FALSE,TRUE,NA,NA,2,1,1
"NCBI_US","Lambda","sliding_2m","hellinger_T1",8,10,8,12,"ok",4,129435,"ok",57,2,0.661329224729687,FALSE,0,1,FALSE,FALSE,TRUE,NA,NA,2,1,1
"NCBI_US","Lambda","sliding_2m","hellinger_T1",9,11,9,13,"ok",14,140625,"ok",27,2,0.638402972580505,FALSE,0,1,FALSE,TRUE,FALSE,NA,1,NA,1,0
"NCBI_US","Lambda","sliding_2m","hellinger_T1",10,12,10,14,"ok",13,129960,"ok",26,2,0.643591160888597,FALSE,0,1,FALSE,TRUE,FALSE,NA,1,NA,1,0
"NCBI_US","Lambda","sliding_2m","hellinger_T1",11,13,11,15,"ok",12,105458,"ok",32,2,0.614236774212312,FALSE,0,1,FALSE,TRUE,FALSE,NA,1,NA,1,0
"NCBI_US","Lambda","sliding_2m","hellinger_T1",12,14,12,16,"ok",14,71831,"ok",40,2,0.603519448733757,FALSE,0,1,FALSE,TRUE,FALSE,NA,1,NA,1,0
"NCBI_US","Lambda","sliding_2m","hellinger_T1",13,15,13,17,"ok",15,36575,"ok",26,2,0.620032620129951,FALSE,0,1,FALSE,TRUE,FALSE,NA,1,NA,1,0
"NCBI_US","Lambda","sliding_2m","hellinger_Tpred",1,3,1,5,"ok",2,24984,"ok",78,3,0.781514846084082,FALSE,0,1,FALSE,FALSE,FALSE,NA,NA,NA,8,1
"NCBI_US","Lambda","sliding_2m","hellinger_Tpred",2,4,2,6,"ok",8,22331,"ok",9,3,0.529974385081641,FALSE,0,1,FALSE,TRUE,FALSE,NA,2,NA,8,0
"NCBI_US","Lambda","sliding_2m","hellinger_Tpred",3,5,3,7,"ok",2,23581,"ok",130,2,0.79714662407056,FALSE,0,2,FALSE,FALSE,TRUE,NA,NA,1,8,1
"NCBI_US","Lambda","sliding_2m","hellinger_Tpred",4,6,4,8,"ok",3,29763,"ok",63,3,0.711760307825483,FALSE,0,1,FALSE,FALSE,FALSE,NA,NA,NA,8,1
"NCBI_US","Lambda","sliding_2m","hellinger_Tpred",5,7,5,9,"ok",3,44910,"ok",34,2,0.631787412957084,FALSE,0,1,FALSE,TRUE,FALSE,NA,1,NA,8,0
"NCBI_US","Lambda","sliding_2m","hellinger_Tpred",6,8,6,10,"ok",13,69300,"ok",18,2,0.525165603917159,FALSE,0,1,FALSE,TRUE,FALSE,NA,1,NA,8,0
"NCBI_US","Lambda","sliding_2m","hellinger_Tpred",7,9,7,11,"ok",4,100486,"ok",56,2,0.689391006975947,FALSE,0,1,FALSE,FALSE,TRUE,NA,NA,2,8,1
"NCBI_US","Lambda","sliding_2m","hellinger_Tpred",8,10,8,12,"ok",4,129435,"ok",57,2,0.689230677574644,FALSE,0,1,FALSE,FALSE,TRUE,NA,NA,2,8,1
"NCBI_US","Lambda","sliding_2m","hellinger_Tpred",9,11,9,13,"ok",14,140625,"ok",27,2,0.614155731977927,FALSE,0,1,FALSE,TRUE,FALSE,NA,1,NA,8,0
"NCBI_US","Lambda","sliding_2m","hellinger_Tpred",10,12,10,14,"ok",13,129960,"ok",26,2,0.616606889050764,FALSE,0,1,FALSE,TRUE,FALSE,NA,1,NA,8,0
"NCBI_US","Lambda","sliding_2m","hellinger_Tpred",11,13,11,15,"ok",12,105458,"ok",32,2,0.610474946381263,FALSE,0,1,FALSE,TRUE,FALSE,NA,1,NA,8,0
"NCBI_US","Lambda","sliding_2m","hellinger_Tpred",12,14,12,16,"ok",14,71831,"ok",40,2,0.615084731053475,FALSE,0,1,FALSE,TRUE,FALSE,NA,1,NA,8,0
"NCBI_US","Lambda","sliding_2m","hellinger_Tpred",13,15,13,17,"ok",15,36575,"ok",26,2,0.597828410016394,FALSE,0,1,FALSE,TRUE,FALSE,NA,1,NA,8,0
"NCBI_US","Theta","cumulative_1m","entropy",1,3,1,5,"ok",4,64563,"ok",12,3,0.801315014749528,FALSE,0,2,FALSE,FALSE,FALSE,NA,NA,NA,NA,0
"NCBI_US","Theta","cumulative_1m","entropy",2,4,2,6,"ok",6,78158,"ok",11,3,0.789434508370157,FALSE,0,2,FALSE,FALSE,FALSE,NA,NA,NA,NA,0
"NCBI_US","Theta","cumulative_1m","entropy",3,5,3,7,"ok",4,89547,"ok",10,3,0.777301579394775,FALSE,0,2,FALSE,FALSE,FALSE,NA,NA,NA,NA,0
"NCBI_US","Theta","cumulative_1m","entropy",4,6,4,8,"ok",4,100489,"ok",11,3,0.784012875545859,FALSE,0,2,FALSE,FALSE,FALSE,NA,NA,NA,NA,0
"NCBI_US","Theta","cumulative_1m","entropy",5,7,5,9,"ok",4,113128,"ok",14,3,0.686508086967317,FALSE,0,2,FALSE,FALSE,FALSE,NA,NA,NA,NA,0
"NCBI_US","Theta","cumulative_1m","entropy",6,8,6,10,"ok",4,130252,"ok",17,3,0.702847953481505,FALSE,0,2,FALSE,FALSE,FALSE,NA,NA,NA,NA,0
"NCBI_US","Theta","cumulative_1m","entropy",7,9,7,11,"ok",10,158038,"ok",18,3,0.669948753987424,FALSE,0,3,FALSE,FALSE,FALSE,NA,NA,NA,NA,0
"NCBI_US","Theta","cumulative_1m","entropy",8,10,8,12,"ok",10,199552,"ok",24,2,0.62640024073112,FALSE,0,4,FALSE,FALSE,FALSE,NA,NA,NA,NA,0
"NCBI_US","Theta","cumulative_1m","entropy",9,11,9,13,"ok",6,258524,"ok",29,2,0.641100489178026,FALSE,0,4,FALSE,FALSE,FALSE,NA,NA,NA,NA,0
"NCBI_US","Theta","cumulative_1m","entropy",10,12,10,14,"ok",6,328987,"ok",34,2,0.663394009208718,FALSE,0,4,FALSE,FALSE,FALSE,NA,NA,NA,NA,0
"NCBI_US","Theta","cumulative_1m","entropy",11,13,11,15,"ok",9,399149,"ok",26,2,0.728533916336262,FALSE,0,4,FALSE,FALSE,FALSE,NA,NA,NA,NA,0
"NCBI_US","Theta","cumulative_1m","entropy",12,14,12,16,"ok",6,458947,"ok",44,5,0.682431219449946,FALSE,0,4,FALSE,FALSE,FALSE,NA,NA,NA,NA,0
"NCBI_US","Theta","cumulative_1m","entropy",13,15,13,17,"ok",4,504607,"ok",42,5,0.678745124454593,FALSE,0,4,FALSE,FALSE,FALSE,NA,NA,NA,NA,0
"NCBI_US","Theta","cumulative_1m","entropy",14,16,14,18,"ok",4,530778,"ok",43,5,0.679880507196741,FALSE,0,4,FALSE,FALSE,FALSE,NA,NA,NA,NA,0
"NCBI_US","Theta","cumulative_1m","entropy",15,17,15,19,"ok",4,541182,"ok",41,5,0.670157018783611,FALSE,0,4,FALSE,FALSE,FALSE,NA,NA,NA,NA,0
"NCBI_US","Theta","cumulative_1m","hellinger_T1",1,3,1,5,"ok",4,64563,"ok",12,2,0.763583694394256,FALSE,0,2,FALSE,TRUE,FALSE,NA,1,NA,1,0
"NCBI_US","Theta","cumulative_1m","hellinger_T1",2,4,2,6,"ok",6,78158,"ok",11,2,0.75818380558145,FALSE,0,2,FALSE,TRUE,FALSE,NA,1,NA,1,0
"NCBI_US","Theta","cumulative_1m","hellinger_T1",3,5,3,7,"ok",4,89547,"ok",10,2,0.744821774794345,FALSE,0,2,FALSE,TRUE,FALSE,NA,1,NA,1,0
"NCBI_US","Theta","cumulative_1m","hellinger_T1",4,6,4,8,"ok",4,100489,"ok",11,2,0.73662836491953,FALSE,0,2,FALSE,TRUE,FALSE,NA,1,NA,1,0
"NCBI_US","Theta","cumulative_1m","hellinger_T1",5,7,5,9,"ok",4,113128,"ok",14,2,0.660159328142712,FALSE,0,2,FALSE,TRUE,FALSE,NA,1,NA,1,0
"NCBI_US","Theta","cumulative_1m","hellinger_T1",6,8,6,10,"ok",4,130252,"ok",17,2,0.678837965625935,FALSE,0,2,FALSE,TRUE,FALSE,NA,1,NA,1,0
"NCBI_US","Theta","cumulative_1m","hellinger_T1",7,9,7,11,"ok",10,158038,"ok",18,2,0.654182364100135,FALSE,0,3,FALSE,TRUE,FALSE,NA,1,NA,1,0
"NCBI_US","Theta","cumulative_1m","hellinger_T1",8,10,8,12,"ok",10,199552,"ok",24,2,0.607882431213762,FALSE,0,4,FALSE,TRUE,FALSE,NA,1,NA,1,0
"NCBI_US","Theta","cumulative_1m","hellinger_T1",9,11,9,13,"ok",6,258524,"ok",29,2,0.576572169285094,FALSE,0,4,FALSE,TRUE,FALSE,NA,1,NA,1,0
"NCBI_US","Theta","cumulative_1m","hellinger_T1",10,12,10,14,"ok",6,328987,"ok",34,5,0.566954004162835,FALSE,0,4,FALSE,FALSE,FALSE,NA,NA,NA,1,0
"NCBI_US","Theta","cumulative_1m","hellinger_T1",11,13,11,15,"ok",9,399149,"ok",26,5,0.472932541121701,FALSE,0,4,FALSE,FALSE,FALSE,NA,NA,NA,1,0
"NCBI_US","Theta","cumulative_1m","hellinger_T1",12,14,12,16,"ok",6,458947,"ok",44,2,0.629314175045974,FALSE,0,4,FALSE,TRUE,FALSE,NA,1,NA,1,0
"NCBI_US","Theta","cumulative_1m","hellinger_T1",13,15,13,17,"ok",4,504607,"ok",42,2,0.620511254558173,FALSE,0,4,FALSE,TRUE,FALSE,NA,1,NA,1,0
"NCBI_US","Theta","cumulative_1m","hellinger_T1",14,16,14,18,"ok",4,530778,"ok",43,5,0.623292386893807,FALSE,0,4,FALSE,FALSE,FALSE,NA,NA,NA,1,0
"NCBI_US","Theta","cumulative_1m","hellinger_T1",15,17,15,19,"ok",4,541182,"ok",41,5,0.611729317191212,FALSE,0,4,FALSE,FALSE,FALSE,NA,NA,NA,1,0
"NCBI_US","Theta","cumulative_1m","hellinger_Tpred",1,3,1,5,"ok",4,64563,"ok",12,3,0.79441397542694,FALSE,0,2,FALSE,TRUE,FALSE,NA,3,NA,10,0
"NCBI_US","Theta","cumulative_1m","hellinger_Tpred",2,4,2,6,"ok",6,78158,"ok",11,3,0.789169059636926,FALSE,0,2,FALSE,TRUE,FALSE,NA,3,NA,10,0
"NCBI_US","Theta","cumulative_1m","hellinger_Tpred",3,5,3,7,"ok",4,89547,"ok",10,3,0.772214708338113,FALSE,0,2,FALSE,TRUE,FALSE,NA,3,NA,10,0
"NCBI_US","Theta","cumulative_1m","hellinger_Tpred",4,6,4,8,"ok",4,100489,"ok",11,3,0.754837967624659,FALSE,0,2,FALSE,TRUE,FALSE,NA,3,NA,10,0
"NCBI_US","Theta","cumulative_1m","hellinger_Tpred",5,7,5,9,"ok",4,113128,"ok",14,3,0.648892082702119,FALSE,0,2,FALSE,TRUE,FALSE,NA,3,NA,10,0
"NCBI_US","Theta","cumulative_1m","hellinger_Tpred",6,8,6,10,"ok",4,130252,"ok",17,3,0.656223753018776,FALSE,0,2,FALSE,TRUE,FALSE,NA,2,NA,10,0
"NCBI_US","Theta","cumulative_1m","hellinger_Tpred",7,9,7,11,"ok",10,158038,"ok",18,3,0.600703842410374,FALSE,0,3,FALSE,FALSE,FALSE,NA,NA,NA,10,0
"NCBI_US","Theta","cumulative_1m","hellinger_Tpred",8,10,8,12,"ok",10,199552,"ok",24,4,0.57979950642996,FALSE,0,4,FALSE,FALSE,FALSE,NA,NA,NA,10,0
"NCBI_US","Theta","cumulative_1m","hellinger_Tpred",9,11,9,13,"ok",6,258524,"ok",29,4,0.550393867706337,FALSE,0,4,FALSE,FALSE,FALSE,NA,NA,NA,10,0
"NCBI_US","Theta","cumulative_1m","hellinger_Tpred",10,12,10,14,"ok",6,328987,"ok",34,3,0.595342470170137,FALSE,0,4,FALSE,FALSE,FALSE,NA,NA,NA,10,0
"NCBI_US","Theta","cumulative_1m","hellinger_Tpred",11,13,11,15,"ok",9,399149,"ok",26,4,0.492971571040587,FALSE,0,4,FALSE,FALSE,FALSE,NA,NA,NA,10,0
"NCBI_US","Theta","cumulative_1m","hellinger_Tpred",12,14,12,16,"ok",6,458947,"ok",44,3,0.646162971954082,FALSE,0,4,FALSE,FALSE,FALSE,NA,NA,NA,10,0
"NCBI_US","Theta","cumulative_1m","hellinger_Tpred",13,15,13,17,"ok",4,504607,"ok",42,3,0.636445317520704,FALSE,0,4,FALSE,FALSE,FALSE,NA,NA,NA,10,0
"NCBI_US","Theta","cumulative_1m","hellinger_Tpred",14,16,14,18,"ok",4,530778,"ok",43,3,0.64059856459215,FALSE,0,4,FALSE,FALSE,FALSE,NA,NA,NA,10,0
"NCBI_US","Theta","cumulative_1m","hellinger_Tpred",15,17,15,19,"ok",4,541182,"ok",41,3,0.6323254772606,FALSE,0,4,FALSE,FALSE,FALSE,NA,NA,NA,10,0
"NCBI_US","Theta","disjoint_2m","entropy",1,3,1,5,"ok",11,35287,"ok",13,6,0.507950256479901,FALSE,0,2,FALSE,FALSE,FALSE,NA,NA,NA,NA,0
"NCBI_US","Theta","disjoint_2m","entropy",2,4,2,6,"ok",8,52903,"ok",15,4,0.435864088729102,FALSE,0,3,FALSE,FALSE,FALSE,NA,NA,NA,NA,0
"NCBI_US","Theta","disjoint_2m","entropy",3,5,3,7,"ok",12,83102,"ok",27,6,0.53241711181183,FALSE,0,3,FALSE,FALSE,FALSE,NA,NA,NA,NA,0
"NCBI_US","Theta","disjoint_2m","entropy",4,6,4,8,"ok",12,87584,"ok",24,5,0.505929736971142,FALSE,0,3,FALSE,FALSE,FALSE,NA,NA,NA,NA,0
"NCBI_US","Theta","disjoint_2m","entropy",5,7,5,9,"ok",7,85143,"ok",28,6,0.529778009965093,FALSE,0,3,FALSE,FALSE,FALSE,NA,NA,NA,NA,0
"NCBI_US","Theta","disjoint_2m","hellinger_T1",1,3,1,5,"ok",11,35287,"ok",13,6,0.525770638138458,FALSE,0,2,FALSE,FALSE,FALSE,NA,NA,NA,1,0
"NCBI_US","Theta","disjoint_2m","hellinger_T1",2,4,2,6,"ok",8,52903,"ok",15,4,0.556861176828785,FALSE,0,3,FALSE,FALSE,FALSE,NA,NA,NA,1,0
"NCBI_US","Theta","disjoint_2m","hellinger_T1",3,5,3,7,"ok",12,83102,"ok",27,6,0.553146535952497,FALSE,0,3,FALSE,FALSE,FALSE,NA,NA,NA,1,0
"NCBI_US","Theta","disjoint_2m","hellinger_T1",4,6,4,8,"ok",12,87584,"ok",24,5,0.543846242539115,FALSE,0,3,FALSE,FALSE,FALSE,NA,NA,NA,1,0
"NCBI_US","Theta","disjoint_2m","hellinger_T1",5,7,5,9,"ok",7,85143,"ok",28,6,0.551487559899336,FALSE,0,3,FALSE,FALSE,FALSE,NA,NA,NA,1,0
"NCBI_US","Theta","disjoint_2m","hellinger_Tpred",1,3,1,5,"ok",11,35287,"ok",13,6,0.488600856688877,FALSE,0,2,FALSE,FALSE,FALSE,NA,NA,NA,5,0
"NCBI_US","Theta","disjoint_2m","hellinger_Tpred",2,4,2,6,"ok",8,52903,"ok",15,3,0.57099312727571,FALSE,0,3,FALSE,FALSE,FALSE,NA,NA,NA,5,0
"NCBI_US","Theta","disjoint_2m","hellinger_Tpred",3,5,3,7,"ok",12,83102,"ok",27,4,0.587929346247133,FALSE,0,3,FALSE,FALSE,FALSE,NA,NA,NA,5,0
"NCBI_US","Theta","disjoint_2m","hellinger_Tpred",4,6,4,8,"ok",12,87584,"ok",24,3,0.622466227592591,FALSE,0,3,FALSE,FALSE,FALSE,NA,NA,NA,5,0
"NCBI_US","Theta","disjoint_2m","hellinger_Tpred",5,7,5,9,"ok",7,85143,"ok",28,4,0.590975670905561,FALSE,0,3,FALSE,FALSE,FALSE,NA,NA,NA,5,0
"NCBI_US","Theta","sliding_2m","entropy",1,3,1,5,"ok",2,31758,"ok",65,2,0.798542070473348,FALSE,0,2,FALSE,TRUE,TRUE,NA,1,1,NA,1
"NCBI_US","Theta","sliding_2m","entropy",2,4,2,6,"ok",2,24984,"ok",78,2,0.792300257735049,FALSE,0,3,FALSE,TRUE,TRUE,NA,1,1,NA,1
"NCBI_US","Theta","sliding_2m","entropy",3,5,3,7,"ok",8,22331,"ok",9,2,0.532308035633215,FALSE,0,2,FALSE,FALSE,FALSE,NA,NA,NA,NA,0
"NCBI_US","Theta","sliding_2m","entropy",4,6,4,8,"ok",2,23581,"ok",130,2,0.804987397027346,FALSE,0,4,FALSE,TRUE,TRUE,NA,1,1,NA,1
"NCBI_US","Theta","sliding_2m","entropy",5,7,5,9,"ok",3,29763,"ok",63,2,0.720868574122125,FALSE,0,3,FALSE,TRUE,TRUE,NA,1,1,NA,1
"NCBI_US","Theta","sliding_2m","entropy",6,8,6,10,"ok",3,44910,"ok",34,6,0.605916107094285,FALSE,0,3,FALSE,FALSE,FALSE,NA,NA,NA,NA,0
"NCBI_US","Theta","sliding_2m","entropy",7,9,7,11,"ok",13,69300,"ok",18,2,0.42378449883572,FALSE,0,3,FALSE,TRUE,FALSE,NA,1,NA,NA,0
"NCBI_US","Theta","sliding_2m","entropy",8,10,8,12,"ok",4,100486,"ok",56,6,0.633576780027246,FALSE,0,3,FALSE,FALSE,FALSE,NA,NA,NA,NA,0
"NCBI_US","Theta","sliding_2m","entropy",9,11,9,13,"ok",4,129435,"ok",57,2,0.632139360423961,FALSE,0,3,FALSE,TRUE,TRUE,NA,1,1,NA,1
"NCBI_US","Theta","sliding_2m","entropy",10,12,10,14,"ok",14,140625,"ok",27,6,0.53454258409142,FALSE,0,3,FALSE,FALSE,FALSE,NA,NA,NA,NA,0
"NCBI_US","Theta","sliding_2m","entropy",11,13,11,15,"ok",13,129960,"ok",26,6,0.519305458576294,FALSE,0,3,FALSE,FALSE,FALSE,NA,NA,NA,NA,0
"NCBI_US","Theta","sliding_2m","entropy",12,14,12,16,"ok",12,105458,"ok",32,6,0.514499226994973,FALSE,0,3,FALSE,FALSE,FALSE,NA,NA,NA,NA,0
"NCBI_US","Theta","sliding_2m","entropy",13,15,13,17,"ok",14,71831,"ok",40,3,0.496313493590511,FALSE,0,3,FALSE,TRUE,FALSE,NA,1,NA,NA,0
"NCBI_US","Theta","sliding_2m","entropy",14,16,14,18,"ok",15,36575,"ok",26,6,0.492778912010694,FALSE,0,3,FALSE,FALSE,FALSE,NA,NA,NA,NA,0
"NCBI_US","Theta","sliding_2m","hellinger_T1",1,3,1,5,"ok",2,31758,"ok",65,2,0.781672833532339,FALSE,0,2,FALSE,TRUE,TRUE,NA,1,1,1,1
"NCBI_US","Theta","sliding_2m","hellinger_T1",2,4,2,6,"ok",2,24984,"ok",78,2,0.767650157274812,FALSE,0,3,FALSE,TRUE,TRUE,NA,1,1,1,1
"NCBI_US","Theta","sliding_2m","hellinger_T1",3,5,3,7,"ok",8,22331,"ok",9,2,0.444466292633811,FALSE,0,2,FALSE,TRUE,FALSE,NA,1,NA,1,0
"NCBI_US","Theta","sliding_2m","hellinger_T1",4,6,4,8,"ok",2,23581,"ok",130,3,0.771668252679463,FALSE,0,4,FALSE,FALSE,FALSE,NA,NA,NA,1,1
"NCBI_US","Theta","sliding_2m","hellinger_T1",5,7,5,9,"ok",3,29763,"ok",63,3,0.708063162430222,FALSE,0,3,FALSE,FALSE,FALSE,NA,NA,NA,1,1
"NCBI_US","Theta","sliding_2m","hellinger_T1",6,8,6,10,"ok",3,44910,"ok",34,5,0.593924068345495,FALSE,0,3,FALSE,FALSE,FALSE,NA,NA,NA,1,0
"NCBI_US","Theta","sliding_2m","hellinger_T1",7,9,7,11,"ok",13,69300,"ok",18,5,0.45728779053172,FALSE,0,3,FALSE,FALSE,FALSE,NA,NA,NA,1,0
"NCBI_US","Theta","sliding_2m","hellinger_T1",8,10,8,12,"ok",4,100486,"ok",56,2,0.655471724018457,FALSE,0,3,FALSE,TRUE,TRUE,NA,2,2,1,1
"NCBI_US","Theta","sliding_2m","hellinger_T1",9,11,9,13,"ok",4,129435,"ok",57,2,0.656942390140693,FALSE,0,3,FALSE,TRUE,TRUE,NA,2,2,1,1
"NCBI_US","Theta","sliding_2m","hellinger_T1",10,12,10,14,"ok",14,140625,"ok",27,2,0.626693110535893,FALSE,0,3,FALSE,FALSE,FALSE,NA,NA,NA,1,0
"NCBI_US","Theta","sliding_2m","hellinger_T1",11,13,11,15,"ok",13,129960,"ok",26,2,0.632177970750024,FALSE,0,3,FALSE,FALSE,FALSE,NA,NA,NA,1,0
"NCBI_US","Theta","sliding_2m","hellinger_T1",12,14,12,16,"ok",12,105458,"ok",32,2,0.603192594949364,FALSE,0,3,FALSE,FALSE,FALSE,NA,NA,NA,1,0
"NCBI_US","Theta","sliding_2m","hellinger_T1",13,15,13,17,"ok",14,71831,"ok",40,2,0.594215885427408,FALSE,0,3,FALSE,FALSE,FALSE,NA,NA,NA,1,0
"NCBI_US","Theta","sliding_2m","hellinger_T1",14,16,14,18,"ok",15,36575,"ok",26,2,0.609348799017465,FALSE,0,3,FALSE,FALSE,FALSE,NA,NA,NA,1,0
"NCBI_US","Theta","sliding_2m","hellinger_Tpred",1,3,1,5,"ok",2,31758,"ok",65,3,0.794277736317535,FALSE,0,2,FALSE,FALSE,FALSE,NA,NA,NA,9,1
"NCBI_US","Theta","sliding_2m","hellinger_Tpred",2,4,2,6,"ok",2,24984,"ok",78,3,0.771894843375502,FALSE,0,3,FALSE,TRUE,FALSE,NA,3,NA,9,1
"NCBI_US","Theta","sliding_2m","hellinger_Tpred",3,5,3,7,"ok",8,22331,"ok",9,3,0.500096657835953,FALSE,0,2,FALSE,TRUE,FALSE,NA,2,NA,9,0
"NCBI_US","Theta","sliding_2m","hellinger_Tpred",4,6,4,8,"ok",2,23581,"ok",130,2,0.790599901643563,FALSE,0,4,FALSE,TRUE,TRUE,NA,1,1,9,1
"NCBI_US","Theta","sliding_2m","hellinger_Tpred",5,7,5,9,"ok",3,29763,"ok",63,3,0.703753792924687,FALSE,0,3,FALSE,TRUE,FALSE,NA,3,NA,9,1
"NCBI_US","Theta","sliding_2m","hellinger_Tpred",6,8,6,10,"ok",3,44910,"ok",34,3,0.59651885738367,FALSE,0,3,FALSE,FALSE,FALSE,NA,NA,NA,9,0
"NCBI_US","Theta","sliding_2m","hellinger_Tpred",7,9,7,11,"ok",13,69300,"ok",18,2,0.517663310731139,FALSE,0,3,FALSE,FALSE,FALSE,NA,NA,NA,9,0
"NCBI_US","Theta","sliding_2m","hellinger_Tpred",8,10,8,12,"ok",4,100486,"ok",56,4,0.654242147286218,FALSE,0,3,FALSE,FALSE,FALSE,NA,NA,NA,9,0
"NCBI_US","Theta","sliding_2m","hellinger_Tpred",9,11,9,13,"ok",4,129435,"ok",57,4,0.644915231151089,FALSE,0,3,FALSE,FALSE,FALSE,NA,NA,NA,9,0
"NCBI_US","Theta","sliding_2m","hellinger_Tpred",10,12,10,14,"ok",14,140625,"ok",27,2,0.606315052890246,FALSE,0,3,FALSE,FALSE,FALSE,NA,NA,NA,9,0
"NCBI_US","Theta","sliding_2m","hellinger_Tpred",11,13,11,15,"ok",13,129960,"ok",26,2,0.608582102874718,FALSE,0,3,FALSE,FALSE,FALSE,NA,NA,NA,9,0
"NCBI_US","Theta","sliding_2m","hellinger_Tpred",12,14,12,16,"ok",12,105458,"ok",32,2,0.602108789137989,FALSE,0,3,FALSE,FALSE,FALSE,NA,NA,NA,9,0
"NCBI_US","Theta","sliding_2m","hellinger_Tpred",13,15,13,17,"ok",14,71831,"ok",40,2,0.606779184558977,FALSE,0,3,FALSE,FALSE,FALSE,NA,NA,NA,9,0
"NCBI_US","Theta","sliding_2m","hellinger_Tpred",14,16,14,18,"ok",15,36575,"ok",26,4,0.594330938486457,FALSE,0,3,FALSE,FALSE,FALSE,NA,NA,NA,9,0
"NCBI_US","Zeta","disjoint_2m","entropy",1,3,1,5,"ok",6,24371,"ok",14,4,0.567679576340028,FALSE,0,1,FALSE,TRUE,FALSE,NA,3,NA,NA,0
"NCBI_US","Zeta","disjoint_2m","entropy",2,4,2,6,"ok",11,35287,"ok",13,5,0.512101099538109,FALSE,0,1,FALSE,TRUE,FALSE,NA,5,NA,NA,0
"NCBI_US","Zeta","disjoint_2m","entropy",3,5,3,7,"ok",8,52903,"ok",15,2,0.482414572836606,FALSE,0,1,FALSE,TRUE,FALSE,NA,1,NA,NA,0
"NCBI_US","Zeta","disjoint_2m","entropy",4,6,4,8,"ok",12,83102,"ok",27,3,0.573727182985704,FALSE,0,1,FALSE,TRUE,FALSE,NA,1,NA,NA,0
"NCBI_US","Zeta","disjoint_2m","entropy",5,7,5,9,"ok",12,87584,"ok",24,2,0.543954663780393,FALSE,0,1,FALSE,TRUE,FALSE,NA,1,NA,NA,0
"NCBI_US","Zeta","disjoint_2m","hellinger_T1",1,3,1,5,"ok",6,24371,"ok",14,2,0.740120067487589,FALSE,0,1,FALSE,TRUE,FALSE,NA,2,NA,1,0
"NCBI_US","Zeta","disjoint_2m","hellinger_T1",2,4,2,6,"ok",11,35287,"ok",13,2,0.721552692512939,FALSE,0,1,FALSE,TRUE,FALSE,NA,2,NA,1,0
"NCBI_US","Zeta","disjoint_2m","hellinger_T1",3,5,3,7,"ok",8,52903,"ok",15,2,0.516614839066569,FALSE,0,1,FALSE,TRUE,FALSE,NA,1,NA,1,0
"NCBI_US","Zeta","disjoint_2m","hellinger_T1",4,6,4,8,"ok",12,83102,"ok",27,2,0.484564063058609,FALSE,0,1,FALSE,TRUE,FALSE,NA,1,NA,1,0
"NCBI_US","Zeta","disjoint_2m","hellinger_T1",5,7,5,9,"ok",12,87584,"ok",24,2,0.484376620995691,FALSE,0,1,FALSE,TRUE,FALSE,NA,1,NA,1,0
"NCBI_US","Zeta","disjoint_2m","hellinger_Tpred",1,3,1,5,"ok",6,24371,"ok",14,4,0.551254533243199,FALSE,0,1,FALSE,TRUE,FALSE,NA,3,NA,2,0
"NCBI_US","Zeta","disjoint_2m","hellinger_Tpred",2,4,2,6,"ok",11,35287,"ok",13,2,0.531889571327832,FALSE,0,1,FALSE,TRUE,FALSE,NA,2,NA,2,0
"NCBI_US","Zeta","disjoint_2m","hellinger_Tpred",3,5,3,7,"ok",8,52903,"ok",15,2,0.542124277476,FALSE,0,1,FALSE,TRUE,FALSE,NA,1,NA,2,0
"NCBI_US","Zeta","disjoint_2m","hellinger_Tpred",4,6,4,8,"ok",12,83102,"ok",27,3,0.53859953416075,FALSE,0,1,FALSE,TRUE,FALSE,NA,1,NA,2,0
"NCBI_US","Zeta","disjoint_2m","hellinger_Tpred",5,7,5,9,"ok",12,87584,"ok",24,2,0.52753726226906,FALSE,0,1,FALSE,TRUE,FALSE,NA,1,NA,2,0
"NCBI_US","Zeta","sliding_2m","entropy",1,3,1,5,"ok",2,29434,"ok",30,2,0.754526412453738,FALSE,0,1,FALSE,TRUE,FALSE,NA,2,NA,NA,0
"NCBI_US","Zeta","sliding_2m","entropy",2,4,2,6,"ok",2,34168,"ok",50,2,0.795581026948957,FALSE,0,1,FALSE,FALSE,TRUE,NA,NA,1,NA,1
"NCBI_US","Zeta","sliding_2m","entropy",3,5,3,7,"ok",2,31758,"ok",65,2,0.79608866355695,FALSE,0,1,FALSE,FALSE,TRUE,NA,NA,1,NA,1
"NCBI_US","Zeta","sliding_2m","entropy",4,6,4,8,"ok",2,24984,"ok",78,2,0.799333810630894,FALSE,0,1,FALSE,FALSE,TRUE,NA,NA,1,NA,1
"NCBI_US","Zeta","sliding_2m","entropy",5,7,5,9,"ok",8,22331,"ok",9,2,0.445328955506179,FALSE,0,1,FALSE,TRUE,FALSE,NA,2,NA,NA,0
"NCBI_US","Zeta","sliding_2m","entropy",6,8,6,10,"ok",2,23581,"ok",130,2,0.824319554901883,FALSE,0,2,FALSE,TRUE,TRUE,NA,1,1,NA,1
"NCBI_US","Zeta","sliding_2m","entropy",7,9,7,11,"ok",3,29763,"ok",63,3,0.755107058476688,FALSE,0,1,FALSE,TRUE,FALSE,NA,1,NA,NA,1
"NCBI_US","Zeta","sliding_2m","entropy",8,10,8,12,"ok",3,44910,"ok",34,3,0.635043822669817,FALSE,0,1,FALSE,TRUE,FALSE,NA,1,NA,NA,0
"NCBI_US","Zeta","sliding_2m","entropy",9,11,9,13,"ok",13,69300,"ok",18,2,0.426282101897245,FALSE,0,1,FALSE,TRUE,FALSE,NA,1,NA,NA,0
"NCBI_US","Zeta","sliding_2m","entropy",10,12,10,14,"ok",4,100486,"ok",56,3,0.685342473948188,FALSE,0,1,FALSE,TRUE,FALSE,NA,1,NA,NA,0
"NCBI_US","Zeta","sliding_2m","entropy",11,13,11,15,"ok",4,129435,"ok",57,3,0.684282606846721,FALSE,0,1,FALSE,TRUE,FALSE,NA,1,NA,NA,0
"NCBI_US","Zeta","sliding_2m","entropy",12,14,12,16,"ok",14,140625,"ok",27,3,0.530396619617843,FALSE,0,1,FALSE,TRUE,FALSE,NA,1,NA,NA,0
"NCBI_US","Zeta","sliding_2m","entropy",13,15,13,17,"ok",13,129960,"ok",26,3,0.514192484632182,FALSE,0,1,FALSE,TRUE,FALSE,NA,1,NA,NA,0
"NCBI_US","Zeta","sliding_2m","entropy",14,16,14,18,"ok",12,105458,"ok",32,3,0.554064244191218,FALSE,0,1,FALSE,TRUE,FALSE,NA,1,NA,NA,0
"NCBI_US","Zeta","sliding_2m","hellinger_T1",1,3,1,5,"ok",2,29434,"ok",30,2,0.839093513114534,FALSE,0,1,FALSE,TRUE,FALSE,NA,2,NA,1,0
"NCBI_US","Zeta","sliding_2m","hellinger_T1",2,4,2,6,"ok",2,34168,"ok",50,2,0.859068513651146,FALSE,0,1,FALSE,TRUE,TRUE,NA,2,2,1,1
"NCBI_US","Zeta","sliding_2m","hellinger_T1",3,5,3,7,"ok",2,31758,"ok",65,2,0.869246324638999,FALSE,0,1,FALSE,TRUE,TRUE,NA,2,2,1,1
"NCBI_US","Zeta","sliding_2m","hellinger_T1",4,6,4,8,"ok",2,24984,"ok",78,2,0.86617466692914,FALSE,0,1,FALSE,TRUE,TRUE,NA,2,2,1,1
"NCBI_US","Zeta","sliding_2m","hellinger_T1",5,7,5,9,"ok",8,22331,"ok",9,2,0.662017121486555,FALSE,0,1,FALSE,TRUE,FALSE,NA,2,NA,1,0
"NCBI_US","Zeta","sliding_2m","hellinger_T1",6,8,6,10,"ok",2,23581,"ok",130,2,0.880069898673274,FALSE,0,2,FALSE,TRUE,TRUE,NA,2,2,1,1
"NCBI_US","Zeta","sliding_2m","hellinger_T1",7,9,7,11,"ok",3,29763,"ok",63,2,0.695736541045185,FALSE,0,1,FALSE,TRUE,TRUE,NA,1,1,1,1
"NCBI_US","Zeta","sliding_2m","hellinger_T1",8,10,8,12,"ok",3,44910,"ok",34,2,0.569952153457823,FALSE,0,1,FALSE,TRUE,FALSE,NA,1,NA,1,0
"NCBI_US","Zeta","sliding_2m","hellinger_T1",9,11,9,13,"ok",13,69300,"ok",18,2,0.412516306678753,FALSE,0,1,FALSE,TRUE,FALSE,NA,1,NA,1,0
"NCBI_US","Zeta","sliding_2m","hellinger_T1",10,12,10,14,"ok",4,100486,"ok",56,2,0.618932153446795,FALSE,0,1,FALSE,TRUE,TRUE,NA,1,1,1,1
"NCBI_US","Zeta","sliding_2m","hellinger_T1",11,13,11,15,"ok",4,129435,"ok",57,2,0.619529487995286,FALSE,0,1,FALSE,TRUE,TRUE,NA,1,1,1,1
"NCBI_US","Zeta","sliding_2m","hellinger_T1",12,14,12,16,"ok",14,140625,"ok",27,3,0.480553915394975,FALSE,0,1,FALSE,FALSE,FALSE,NA,NA,NA,1,0
"NCBI_US","Zeta","sliding_2m","hellinger_T1",13,15,13,17,"ok",13,129960,"ok",26,3,0.479796831087417,FALSE,0,1,FALSE,FALSE,FALSE,NA,NA,NA,1,0
"NCBI_US","Zeta","sliding_2m","hellinger_T1",14,16,14,18,"ok",12,105458,"ok",32,2,0.492847118630749,FALSE,0,1,FALSE,TRUE,FALSE,NA,1,NA,1,0
"NCBI_US","Zeta","sliding_2m","hellinger_Tpred",1,3,1,5,"ok",2,29434,"ok",30,3,0.725681477445941,FALSE,0,1,FALSE,TRUE,FALSE,NA,3,NA,3,0
"NCBI_US","Zeta","sliding_2m","hellinger_Tpred",2,4,2,6,"ok",2,34168,"ok",50,3,0.766417080544232,FALSE,0,1,FALSE,TRUE,FALSE,NA,3,NA,3,1
"NCBI_US","Zeta","sliding_2m","hellinger_Tpred",3,5,3,7,"ok",2,31758,"ok",65,3,0.764770696764105,FALSE,0,1,FALSE,TRUE,FALSE,NA,3,NA,3,1
"NCBI_US","Zeta","sliding_2m","hellinger_Tpred",4,6,4,8,"ok",2,24984,"ok",78,3,0.763597337313518,FALSE,0,1,FALSE,TRUE,FALSE,NA,3,NA,3,1
"NCBI_US","Zeta","sliding_2m","hellinger_Tpred",5,7,5,9,"ok",8,22331,"ok",9,3,0.40416699221084,FALSE,0,1,FALSE,TRUE,FALSE,NA,3,NA,3,0
"NCBI_US","Zeta","sliding_2m","hellinger_Tpred",6,8,6,10,"ok",2,23581,"ok",130,3,0.771808202846667,FALSE,0,2,FALSE,FALSE,FALSE,NA,NA,NA,3,1
"NCBI_US","Zeta","sliding_2m","hellinger_Tpred",7,9,7,11,"ok",3,29763,"ok",63,3,0.696586497311393,FALSE,0,1,FALSE,TRUE,FALSE,NA,1,NA,3,1
"NCBI_US","Zeta","sliding_2m","hellinger_Tpred",8,10,8,12,"ok",3,44910,"ok",34,3,0.58221995839826,FALSE,0,1,FALSE,TRUE,FALSE,NA,1,NA,3,0
"NCBI_US","Zeta","sliding_2m","hellinger_Tpred",9,11,9,13,"ok",13,69300,"ok",18,2,0.410763172517635,FALSE,0,1,FALSE,TRUE,FALSE,NA,1,NA,3,0
"NCBI_US","Zeta","sliding_2m","hellinger_Tpred",10,12,10,14,"ok",4,100486,"ok",56,5,0.619129843733121,FALSE,0,1,FALSE,FALSE,FALSE,NA,NA,NA,3,0
"NCBI_US","Zeta","sliding_2m","hellinger_Tpred",11,13,11,15,"ok",4,129435,"ok",57,5,0.613017111030076,FALSE,0,1,FALSE,FALSE,FALSE,NA,NA,NA,3,0
"NCBI_US","Zeta","sliding_2m","hellinger_Tpred",12,14,12,16,"ok",14,140625,"ok",27,5,0.513716847021036,FALSE,0,1,FALSE,FALSE,FALSE,NA,NA,NA,3,0
"NCBI_US","Zeta","sliding_2m","hellinger_Tpred",13,15,13,17,"ok",13,129960,"ok",26,5,0.500411144043098,FALSE,0,1,FALSE,FALSE,FALSE,NA,NA,NA,3,0
"NCBI_US","Zeta","sliding_2m","hellinger_Tpred",14,16,14,18,"ok",12,105458,"ok",32,5,0.51919915911437,FALSE,0,1,FALSE,FALSE,FALSE,NA,NA,NA,3,0
